duration,protocol_type,service,flag,src_bytes,dst_bytes,count,srv_count,same_srv_rate,diff_srv_rate,dst_host_count,dst_host_srv_count,dst_host_same_srv_rate,dst_host_diff_srv_rate,label
0.8020628420162821,tcp,ssh,SF,1059,391,3,5,0.755,0.06,22,59,0.862,0.187,normal
4.839148243771376,tcp,ssh,SF,2201,2241,5,4,0.809,0.052,88,6,0.765,0.052,normal
2.785852732841216,udp,dns,SF,278,83,12,3,0.861,0.194,70,98,0.817,0.015,normal
0.20915553376697604,udp,dns,SF,2280,2837,2,6,0.744,0.091,84,78,0.92,0.109,normal
4.863748695229479,tcp,ssh,SF,1991,529,3,5,0.925,0.285,95,62,0.672,0.108,normal
1.06115144043485,tcp,http,SF,3204,14669,3,5,0.906,0.042,69,30,0.611,0.101,normal
0.045918104872182196,tcp,https,SF,299,1240,7,5,0.818,0.277,21,64,0.673,0.123,normal
1.4272625544634712,tcp,https,SF,1250,3697,6,7,0.913,0.219,52,17,0.724,0.166,normal
0.4619731784630838,tcp,https,SF,4104,8601,8,3,0.961,0.178,87,91,0.739,0.04,normal
4.269352056098084,tcp,ssh,SF,1284,1098,5,3,0.77,0.001,97,93,0.836,0.162,normal
0.8062942995691429,tcp,http,SF,2418,3015,5,8,0.957,0.055,11,12,0.831,0.183,normal
1.5292651612519066,tcp,http,SF,4015,1487,6,6,0.864,0.283,2,18,0.64,0.079,normal
1.4189066594629849,tcp,http,SF,901,1731,8,5,0.792,0.185,23,19,0.707,0.056,normal
1.0497570664497493,tcp,http,SF,168,567,7,4,0.754,0.144,14,23,0.804,0.142,normal
0.0,tcp,http,S0,60,0,409,250,0.974,0.013,255,32,0.107,0.827,dos_syn_flood
0.0,tcp,private,S0,60,0,506,478,0.986,0.04,255,42,0.184,0.601,dos_syn_flood
1.4427121971372188,tcp,http,SF,758,907,6,4,0.928,0.197,2,60,0.967,0.196,normal
0.0,tcp,http,S0,0,0,262,297,0.965,0.034,255,39,0.14,0.827,dos_syn_flood
0.8844331142084659,tcp,https,SF,573,453,8,5,0.845,0.097,87,80,0.776,0.082,normal
0.9129169217431959,udp,dns,SF,1693,1007,5,4,0.783,0.283,95,47,0.819,0.104,normal
0.4095351818628054,udp,dns,SF,225,1120,2,4,0.853,0.095,65,50,0.818,0.066,normal
0.0,tcp,http,S0,44,0,321,177,0.989,0.002,255,37,0.08,0.838,dos_syn_flood
3.5373333525449437,tcp,https,SF,472,14679,6,2,0.703,0.258,53,40,0.753,0.082,normal
1.4105676997419205,tcp,http,SF,606,25,9,3,0.813,0.243,53,98,0.748,0.168,normal
1.9,tcp,ssh,SF,313,233,56,32,0.9,0.026,224,47,0.871,0.082,ssh_bruteforce
0.5910125771439351,tcp,http,SF,1610,100,4,4,0.798,0.071,48,30,0.968,0.137,normal
0.056,icmp,other,S0,0,0,85,2,0.091,0.897,255,14,0.046,0.758,port_scan
2.1635770399118357,tcp,http,SF,2499,15723,3,3,0.829,0.052,82,61,0.824,0.137,normal
1.81,tcp,ssh,SF,340,247,39,65,0.961,0.058,119,45,0.726,0.084,ssh_bruteforce
2.6617748805217554,tcp,http,SF,50,2096,3,4,0.87,0.119,15,52,0.615,0.08,normal
0.0051235236484229755,tcp,https,SF,1837,3494,3,1,0.752,0.261,43,97,0.847,0.1,normal
1.538132062115761,tcp,smtp,SF,2978,198,11,2,0.778,0.27,36,81,0.873,0.14,normal
0.56,tcp,ssh,SF,346,213,81,49,0.936,0.006,153,55,0.849,0.067,ssh_bruteforce
2.89,tcp,ssh,SF,270,175,54,26,0.987,0.092,211,27,0.817,0.127,ssh_bruteforce
2.8034823859220364,tcp,http,S0,4583,1238,4,4,0.815,0.181,63,2,0.887,0.179,normal
8.558495315387674,tcp,http,SF,448,13131,3,2,0.89,0.001,73,19,0.831,0.004,normal
0.0,tcp,http,S0,0,0,503,409,0.991,0.008,255,42,0.082,0.889,dos_syn_flood
0.05,tcp,private,REJ,64,0,76,1,0.026,0.964,255,14,0.076,0.961,port_scan
2.04,tcp,ftp,REJ,300,184,67,44,0.993,0.099,124,61,0.848,0.111,ssh_bruteforce
3.8550412124217592,tcp,ftp,SF,1762,558,5,5,0.788,0.11,45,90,0.791,0.042,normal
0.0,tcp,http,S0,0,0,236,221,0.962,0.034,255,29,0.189,0.807,dos_syn_flood
0.163,tcp,private,S0,40,0,184,2,0.058,0.983,255,13,0.04,0.946,port_scan
3.420541622021023,tcp,https,SF,191,1358,7,1,0.774,0.048,75,62,0.714,0.035,normal
3.4901321783468156,icmp,other,SF,485,844,7,5,0.883,0.169,19,60,0.819,0.119,normal
4.950651813559486,udp,dns,SF,1481,2372,7,2,0.97,0.001,69,70,0.786,0.024,normal
0.0,tcp,http,S0,0,0,279,154,1.0,0.045,255,31,0.136,0.659,dos_syn_flood
0.0,tcp,http,S0,0,0,205,444,0.983,0.013,255,42,0.158,0.77,dos_syn_flood
0.86,tcp,ssh,SF,323,238,87,42,0.986,0.023,249,60,0.785,0.137,ssh_bruteforce
0.0,tcp,http,S0,0,0,510,428,0.977,0.031,255,35,0.16,0.719,dos_syn_flood
0.32122025714182223,udp,dns,SF,145,253,6,3,0.925,0.062,9,32,0.733,0.158,normal
2.98,tcp,ssh,SF,271,268,46,39,0.92,0.08,236,74,0.833,0.105,ssh_bruteforce
1.08,tcp,ssh,SF,308,200,41,29,0.928,0.013,163,54,0.861,0.073,ssh_bruteforce
6.83150737964254,tcp,https,SF,336,1972,7,7,0.916,0.276,68,54,0.84,0.037,normal
1.4564293132490078,tcp,https,SF,1464,213,2,1,0.775,0.087,12,44,0.777,0.197,normal
0.05348161818138149,tcp,http,SF,458,833,3,5,0.795,0.027,7,86,0.965,0.156,normal
0.0,tcp,private,S0,44,0,471,415,0.972,0.02,255,32,0.143,0.794,dos_syn_flood
4.524959252638329,tcp,http,SF,364,580,6,2,0.885,0.169,90,9,0.708,0.161,normal
4.971910423496915,tcp,smtp,SF,403,3348,4,5,0.765,0.005,91,18,0.642,0.175,normal
1.0641271273820432,tcp,https,SF,996,999,4,3,0.722,0.053,17,54,0.875,0.009,normal
0.9766868684611602,tcp,ssh,SF,495,1626,6,7,0.873,0.031,58,12,0.654,0.151,normal
1.497343342087858,udp,dns,SF,741,67153,3,4,0.761,0.057,43,74,0.778,0.002,normal
0.073,tcp,eco_i,REJ,64,0,175,4,0.101,0.913,255,5,0.042,0.958,port_scan
0.183,tcp,other,S0,64,0,154,1,0.037,0.982,255,9,0.014,0.977,port_scan
0.0,tcp,http,S0,44,0,299,391,0.997,0.011,255,29,0.189,0.74,dos_syn_flood
10.91068867055042,udp,dns,SF,948,348,7,10,0.986,0.182,62,65,0.869,0.124,normal
8.408591988482096,tcp,http,SF,352,169,2,2,0.753,0.237,51,1,0.89,0.15,normal
0.0,tcp,http,RSTOS0,44,0,190,209,0.976,0.039,255,19,0.144,0.739,dos_syn_flood
1.0246548279942236,tcp,https,SF,1739,1036,4,3,0.972,0.149,8,59,0.757,0.014,normal
0.0,tcp,http,S0,0,0,438,392,0.984,0.036,255,28,0.104,0.653,dos_syn_flood
0.9,tcp,ssh,REJ,325,234,80,79,0.926,0.005,160,22,0.869,0.031,ssh_bruteforce
0.34661425483880315,tcp,http,SF,809,492,1,4,0.893,0.107,68,33,0.989,0.062,normal
2.024679780869039,tcp,ssh,SF,1577,15831,4,3,0.987,0.11,75,16,0.66,0.061,normal
1.7665224172201943,tcp,https,SF,1112,4520,4,6,0.715,0.187,38,24,0.73,0.135,normal
7.11421446505209,udp,dns,SF,427,2491,3,4,0.956,0.225,48,63,0.647,0.05,normal
3.388567861081977,tcp,http,SF,358,4031,2,7,0.939,0.063,48,19,0.798,0.082,normal
0.4281168407003356,udp,dns,SF,573,1287,3,3,0.752,0.084,6,63,0.858,0.137,normal
6.89007210684513,tcp,ftp,SF,164,82,4,1,0.972,0.262,78,12,0.665,0.166,normal
3.622232766600652,udp,dns,SF,470,6167,6,8,0.828,0.278,69,23,0.942,0.183,normal
0.11312753576969359,udp,dns,SF,1554,1269,4,1,0.776,0.049,40,89,0.626,0.057,normal
0.0,tcp,private,S0,60,0,498,334,0.956,0.047,255,14,0.118,0.739,dos_syn_flood
0.0,tcp,http,S0,44,0,467,209,0.954,0.039,255,35,0.155,0.776,dos_syn_flood
0.0,tcp,http,S0,60,0,459,221,0.957,0.002,255,30,0.12,0.891,dos_syn_flood
0.175,tcp,eco_i,REJ,40,0,165,2,0.115,0.899,255,2,0.034,0.778,port_scan
0.5122578110285421,tcp,https,SF,264,2434,6,5,0.778,0.229,95,95,0.645,0.009,normal
0.0,tcp,http,S0,44,0,447,383,0.969,0.015,255,28,0.194,0.836,dos_syn_flood
0.312925973340902,tcp,http,SF,147,1171,9,3,0.986,0.042,41,7,0.677,0.049,normal
0.07900682838821366,tcp,http,SF,237,1884,4,3,0.869,0.164,61,46,0.702,0.0,normal
8.325929465263215,tcp,https,SF,1589,88004,1,3,0.993,0.02,80,62,0.725,0.118,normal
1.26,tcp,ssh,SF,304,141,41,54,0.948,0.037,211,37,0.841,0.055,ssh_bruteforce
0.0,tcp,http,S0,60,0,190,467,0.984,0.032,255,44,0.095,0.743,dos_syn_flood
0.142,tcp,eco_i,REJ,64,0,97,4,0.028,0.909,255,6,0.079,0.804,port_scan
1.6337171686813121,tcp,https,SF,257,4857,6,7,0.947,0.279,59,96,0.737,0.031,normal
0.5918169095125319,tcp,http,SF,538,177,2,5,0.939,0.098,8,93,0.693,0.026,normal
4.2266122851810275,tcp,http,SF,1193,2077,3,4,0.724,0.102,67,75,0.811,0.137,normal
0.157806823385625,tcp,https,SF,523,306,5,6,0.987,0.177,69,62,0.624,0.199,normal
1.08,tcp,ftp,SF,334,209,88,55,0.964,0.071,209,54,0.856,0.02,ssh_bruteforce
0.7316061961938112,udp,dns,SF,12773,103,4,5,0.886,0.254,15,27,0.874,0.114,normal
0.0,tcp,other,S0,44,0,350,218,0.97,0.026,255,32,0.065,0.739,dos_syn_flood
6.360296017321792,tcp,smtp,SF,145,26367,6,1,0.945,0.004,39,76,0.746,0.122,normal
2.531107230010678,udp,dns,SF,308,2327,5,2,0.721,0.004,5,20,0.895,0.071,normal
0.3191124015276382,tcp,https,SF,1607,644,3,2,0.78,0.15,70,53,0.797,0.054,normal
3.499125771515371,udp,dns,SF,242,4552,3,5,0.999,0.062,35,6,0.981,0.179,normal
1.708546663831703,tcp,smtp,SF,6872,561,2,2,0.875,0.045,33,69,0.857,0.106,normal
0.056,icmp,telnet,RSTR,20,0,69,4,0.095,0.867,255,4,0.063,0.853,port_scan
0.4261088388544205,udp,dns,SF,1388,16907,3,4,0.991,0.166,15,3,0.837,0.127,normal
1.7536180364439558,tcp,http,SF,166,508,5,6,0.894,0.138,5,18,0.856,0.016,normal
2.391603056098316,udp,dns,SF,2610,432,7,4,0.843,0.244,6,81,0.823,0.001,normal
1.3099075413444994,tcp,http,SF,188,1438,2,3,0.928,0.214,81,60,0.633,0.168,normal
0.064,icmp,eco_i,RSTR,64,0,198,2,0.074,0.995,255,1,0.058,0.814,port_scan
1.795906273378064,tcp,http,SF,334,39366,3,4,0.814,0.052,74,49,0.633,0.187,normal
2.407282282491063,udp,dns,SF,674,12099,9,3,0.874,0.156,58,44,0.941,0.115,normal
0.7208285133943324,tcp,ftp,SF,1956,65876,5,2,0.874,0.252,69,1,0.618,0.143,normal
0.046,tcp,telnet,REJ,20,0,189,4,0.051,0.902,255,6,0.066,0.968,port_scan
0.2754721971888604,tcp,http,SF,1181,639,6,2,0.917,0.049,46,86,0.932,0.001,normal
1.8082481804047283,udp,dns,SF,5203,5315,4,3,0.898,0.146,64,10,0.727,0.142,normal
0.0,tcp,http,S0,0,0,159,319,0.986,0.039,255,46,0.158,0.881,dos_syn_flood
0.3472687254754558,udp,dns,SF,1253,31969,0,3,0.88,0.219,57,86,0.713,0.127,normal
10.17199559044233,tcp,ssh,SF,609,355,6,8,0.713,0.069,45,30,0.772,0.175,normal
0.06083736215424715,udp,dns,SF,6728,3054,6,1,0.717,0.254,29,73,0.709,0.021,normal
2.2406768542153035,icmp,other,SF,1814,191,2,6,0.889,0.133,43,63,0.702,0.09,normal
0.9307345396284532,tcp,http,SF,401,2000,6,4,0.992,0.281,48,60,0.607,0.15,normal
4.351371597796059,udp,dns,SF,295,12736,5,4,0.985,0.11,83,36,0.817,0.048,normal
2.25,tcp,ssh,SF,201,259,77,60,0.963,0.057,236,45,0.79,0.106,ssh_bruteforce
0.1308000190416351,tcp,http,SF,146,3870,5,9,0.705,0.058,76,55,0.709,0.146,normal
12.081322543673032,tcp,https,SF,1418,433,3,6,0.772,0.061,83,62,0.649,0.035,normal
2.57,tcp,ssh,SF,320,172,35,29,0.921,0.031,169,73,0.819,0.077,ssh_bruteforce
0.1960314692383643,udp,dns,SF,75,7401,1,3,0.998,0.144,89,11,0.673,0.061,normal
1.42,tcp,ssh,REJ,294,220,89,50,0.987,0.037,243,55,0.71,0.049,ssh_bruteforce
5.760145255916926,tcp,http,SF,3196,86,5,2,0.976,0.082,86,63,0.826,0.079,normal
0.0,tcp,http,S0,60,0,304,267,0.953,0.042,255,48,0.081,0.787,dos_syn_flood
0.052,tcp,private,REJ,20,0,171,4,0.13,0.963,255,7,0.037,0.746,port_scan
0.0,tcp,private,S0,60,0,434,357,0.965,0.027,255,38,0.183,0.784,dos_syn_flood
1.789731350155175,tcp,http,SF,685,2859,7,2,0.778,0.117,44,67,0.718,0.072,normal
1.0192429881025464,udp,dns,SF,3293,8560,3,6,0.953,0.285,31,68,0.893,0.178,normal
0.0,tcp,http,S0,60,0,314,227,0.982,0.01,255,36,0.126,0.676,dos_syn_flood
0.017,tcp,eco_i,RSTR,40,0,171,1,0.041,0.853,255,2,0.035,0.913,port_scan
0.071,tcp,private,REJ,40,0,103,1,0.108,0.858,255,4,0.056,0.942,port_scan
0.0,tcp,http,S0,44,0,377,336,0.974,0.029,255,46,0.081,0.793,dos_syn_flood
2.4490203128286194,tcp,https,SF,119,2548,9,9,0.852,0.234,25,60,0.932,0.154,normal
0.21805099166367012,udp,dns,SF,1499,565,3,4,0.928,0.046,20,25,0.707,0.072,normal
0.0,tcp,http,S0,60,0,273,369,0.985,0.038,255,23,0.19,0.8,dos_syn_flood
0.0,tcp,http,S0,60,0,256,433,0.964,0.023,255,11,0.185,0.797,dos_syn_flood
2.55,tcp,ftp,SF,326,264,64,32,0.915,0.02,223,62,0.878,0.104,ssh_bruteforce
0.0,tcp,http,S0,60,0,316,258,0.97,0.019,255,15,0.155,0.761,dos_syn_flood
0.166,tcp,private,REJ,20,0,89,3,0.112,0.891,255,2,0.019,0.889,port_scan
0.0,tcp,private,S0,44,0,218,510,0.964,0.018,255,23,0.082,0.695,dos_syn_flood
3.3446849121283995,tcp,http,SF,943,3862,7,2,0.927,0.2,28,76,0.794,0.159,normal
0.0,tcp,http,S0,0,0,249,462,0.996,0.008,255,13,0.089,0.707,dos_syn_flood
3.8323846054750548,tcp,http,SF,781,7635,6,8,0.78,0.218,97,55,0.893,0.172,normal
0.5401572591160054,tcp,ssh,SF,2374,889,5,3,0.804,0.093,16,51,0.728,0.05,normal
5.674040557156754,tcp,https,SF,1653,127,3,5,0.796,0.247,8,23,0.889,0.155,normal
0.0,tcp,http,S0,0,0,283,212,0.977,0.025,255,28,0.185,0.894,dos_syn_flood
1.6,tcp,ftp,SF,328,184,85,70,0.982,0.003,170,52,0.918,0.138,ssh_bruteforce
1.72,tcp,ssh,SF,415,209,89,42,0.907,0.051,140,41,0.717,0.101,ssh_bruteforce
1.7260958863086662,udp,dns,SF,1480,1068,4,4,0.803,0.193,31,32,0.657,0.11,normal
1.2223967524527544,tcp,http,SF,259,1115,8,9,0.725,0.048,38,84,0.832,0.074,normal
3.023447646905748,tcp,http,SF,590,1009,5,2,0.926,0.181,93,53,0.931,0.159,normal
9.980005150066486,udp,dns,SF,349,1548,7,9,0.806,0.23,94,33,0.958,0.015,normal
0.0,tcp,private,S0,60,0,409,192,0.951,0.006,255,30,0.162,0.865,dos_syn_flood
3.5046885326810857,tcp,ftp,SF,1050,5923,5,2,0.849,0.28,39,88,0.877,0.041,normal
2.40509344346327,udp,dns,SF,211,259,5,3,0.894,0.06,58,91,0.744,0.078,normal
0.0,tcp,other,S0,0,0,260,374,0.977,0.011,255,26,0.19,0.832,dos_syn_flood
1.9572093615398134,tcp,ssh,SF,616,485,2,3,0.724,0.057,42,4,0.994,0.051,normal
0.6192205256496084,tcp,http,SF,470,1850,5,2,0.732,0.194,9,50,0.796,0.189,normal
5.704976236652418,tcp,https,SF,447,5419,6,5,0.999,0.072,15,16,0.764,0.026,normal
0.0,tcp,http,S0,44,0,188,450,0.976,0.016,255,16,0.071,0.664,dos_syn_flood
2.4771979835737854,tcp,https,SF,1349,5149,6,7,0.893,0.171,95,9,0.858,0.108,normal
0.6267522500576901,udp,dns,SF,186,99,5,2,0.797,0.025,22,94,0.772,0.056,normal
0.0,tcp,http,S0,44,0,363,439,0.963,0.034,255,31,0.081,0.848,dos_syn_flood
0.7293676354007261,tcp,https,SF,1784,1794,4,5,0.771,0.183,25,43,0.653,0.043,normal
0.0,tcp,http,S0,60,0,198,162,0.998,0.025,255,47,0.101,0.798,dos_syn_flood
3.6613416079866328,tcp,http,SF,1569,4245,3,5,0.903,0.278,82,36,0.964,0.118,normal
0.8679343590701315,tcp,http,SF,211,899,3,2,0.96,0.101,26,56,0.989,0.053,normal
0.0,tcp,other,S0,0,0,352,234,0.982,0.026,255,19,0.104,0.825,dos_syn_flood
1.0016111074768135,tcp,https,SF,1389,106,6,5,0.872,0.256,18,52,0.721,0.159,normal
0.0,tcp,other,S0,44,0,459,189,0.992,0.016,255,40,0.087,0.804,dos_syn_flood
0.008,tcp,other,REJ,20,0,71,2,0.051,0.939,255,7,0.076,0.891,port_scan
0.0,tcp,http,S0,44,0,190,399,0.967,0.038,255,20,0.189,0.858,dos_syn_flood
0.589678570259352,tcp,http,SF,293,7721,5,4,0.722,0.211,23,85,0.968,0.13,normal
0.835685796587231,tcp,http,SF,379,1250,9,5,0.744,0.002,24,86,0.746,0.063,normal
0.58,tcp,ftp,SF,383,254,85,36,0.905,0.016,108,28,0.887,0.144,ssh_bruteforce
1.408839926594053,tcp,ftp,SF,219,275,2,6,0.968,0.134,76,8,0.88,0.179,normal
4.543525255219439,udp,dns,SF,787,1396,4,2,0.894,0.267,49,90,0.984,0.152,normal
0.08297609130450376,tcp,https,SF,357,2595,4,6,0.77,0.236,67,86,0.705,0.054,normal
1.8685222235507537,udp,dns,SF,1236,2510,3,3,0.909,0.108,94,48,0.924,0.129,normal
0.0,tcp,http,S0,44,0,152,268,0.963,0.011,255,27,0.144,0.662,dos_syn_flood
0.0,tcp,http,S0,0,0,316,386,0.972,0.026,255,29,0.108,0.696,dos_syn_flood
0.0,tcp,private,S0,60,0,298,467,0.991,0.02,255,38,0.18,0.643,dos_syn_flood
3.2928385435710172,tcp,https,SF,1790,11553,8,7,0.858,0.048,35,70,0.986,0.188,normal
5.0340803582192954,icmp,other,SF,3570,997,7,3,0.773,0.103,64,39,0.653,0.002,normal
0.1907038458416932,tcp,https,S0,208,534,6,4,0.939,0.229,67,89,0.635,0.182,normal
0.0,tcp,other,RSTOS0,60,0,281,415,0.978,0.04,255,18,0.13,0.716,dos_syn_flood
0.0,tcp,http,S0,0,0,368,292,0.98,0.049,255,48,0.171,0.643,dos_syn_flood
1.52,tcp,ftp,SF,454,248,45,56,0.95,0.002,101,28,0.942,0.119,ssh_bruteforce
0.12110966376206078,tcp,http,SF,173,6533,5,3,0.97,0.088,62,32,0.845,0.09,normal
0.39890981076367427,tcp,http,SF,1325,660,9,4,0.896,0.092,56,40,0.795,0.043,normal
1.3223965215929812,tcp,https,SF,71,52418,7,2,0.987,0.094,19,47,0.926,0.115,normal
0.9024588146098629,tcp,ssh,SF,4422,7065,7,2,0.986,0.121,29,53,0.904,0.058,normal
0.0,tcp,other,S0,0,0,372,375,0.994,0.046,255,38,0.143,0.685,dos_syn_flood
0.057,tcp,private,REJ,0,0,68,4,0.066,0.91,255,7,0.074,0.929,port_scan
0.0,tcp,http,RSTOS0,44,0,175,259,0.976,0.026,255,30,0.175,0.849,dos_syn_flood
4.530990931246453,tcp,http,SF,238,13002,4,5,0.858,0.247,3,37,0.873,0.192,normal
1.566541658524723,icmp,other,SF,278,602,5,6,0.801,0.096,52,4,0.666,0.184,normal
0.114,tcp,private,S0,20,0,53,3,0.109,0.989,255,12,0.062,0.95,port_scan
0.0,tcp,other,S0,0,0,188,440,0.976,0.024,255,24,0.052,0.748,dos_syn_flood
1.25576449454332,tcp,https,SF,106,195,4,0,0.93,0.27,68,95,0.837,0.082,normal
3.8893264112455923,tcp,http,SF,2011,6291,3,5,0.819,0.063,77,45,0.693,0.117,normal
0.0,tcp,private,S0,44,0,225,177,0.994,0.046,255,42,0.165,0.814,dos_syn_flood
0.0,tcp,http,S0,60,0,217,390,0.97,0.009,255,17,0.17,0.771,dos_syn_flood
4.194185353914245,tcp,http,SF,2658,86,5,2,0.701,0.282,64,53,0.708,0.12,normal
0.0,tcp,http,S0,0,0,471,375,0.98,0.024,255,24,0.132,0.625,dos_syn_flood
0.785752295519392,tcp,smtp,SF,163,86,4,3,0.975,0.051,58,85,0.643,0.183,normal
0.0,tcp,http,S0,60,0,175,221,0.967,0.038,255,35,0.1,0.745,dos_syn_flood
2.1451637368229566,tcp,http,REJ,2592,2760,6,7,0.945,0.204,35,62,0.727,0.098,normal
0.115,tcp,private,S0,64,0,184,1,0.116,0.921,255,9,0.033,0.827,port_scan
6.124980562391379,tcp,http,SF,1887,5974,5,3,0.97,0.286,27,23,0.661,0.075,normal
0.96,tcp,ssh,REJ,318,235,35,68,0.934,0.095,153,23,0.783,0.117,ssh_bruteforce
3.1275077748721767,tcp,https,SF,898,6054,6,3,0.919,0.208,15,29,0.798,0.148,normal
0.0,tcp,http,S0,0,0,431,241,0.991,0.026,255,19,0.112,0.852,dos_syn_flood
1.6010079025514004,tcp,http,SF,8228,881,4,7,0.922,0.234,79,16,0.642,0.036,normal
1.266721440536768,tcp,http,SF,627,6333,6,3,0.746,0.241,51,1,0.924,0.08,normal
1.8103326266262942,icmp,other,SF,76,8114,5,4,0.876,0.227,26,97,0.768,0.018,normal
0.142,tcp,telnet,REJ,40,0,154,2,0.043,0.9,255,10,0.04,0.977,port_scan
0.0,tcp,private,S0,60,0,482,304,0.994,0.021,255,46,0.1,0.614,dos_syn_flood
2.0540747592125554,udp,dns,SF,501,86,9,4,0.868,0.251,56,46,0.631,0.125,normal
0.0,tcp,other,RSTOS0,0,0,348,202,0.994,0.019,255,45,0.199,0.641,dos_syn_flood
0.780710308495363,tcp,https,SF,44,104398,5,4,0.909,0.239,69,64,0.817,0.053,normal
6.4203706942388035,icmp,other,SF,981,1183,5,4,0.701,0.272,69,61,0.921,0.165,normal
2.178226721019798,udp,dns,SF,11591,6253,4,6,0.731,0.219,88,25,0.749,0.1,normal
2.99378522924246,tcp,https,SF,8642,114,2,7,0.735,0.155,92,95,0.749,0.106,normal
1.2842239678475795,tcp,https,SF,2743,1463,6,6,0.743,0.05,97,13,0.652,0.036,normal
0.0,tcp,http,S0,60,0,315,365,0.985,0.034,255,34,0.081,0.745,dos_syn_flood
7.651601945752745,tcp,http,SF,4618,1791,3,5,0.936,0.033,13,68,0.654,0.083,normal
0.064,tcp,private,S0,64,0,108,4,0.116,0.93,255,7,0.057,0.963,port_scan
0.16502839288634852,tcp,https,SF,185,637,8,3,0.924,0.241,15,13,0.859,0.18,normal
0.0,tcp,other,S0,0,0,159,440,0.959,0.025,255,39,0.071,0.783,dos_syn_flood
0.0,tcp,http,S0,44,0,507,378,0.963,0.01,255,31,0.185,0.638,dos_syn_flood
0.11123898419015937,tcp,http,SF,200,1208,5,1,0.899,0.274,14,81,0.616,0.176,normal
0.8968061921917602,tcp,http,SF,67,1211,6,6,0.728,0.294,25,88,0.773,0.018,normal
0.83,tcp,ssh,REJ,337,170,77,30,0.915,0.033,202,33,0.912,0.129,ssh_bruteforce
1.2411320374423078,tcp,ftp,SF,1019,366,8,4,0.866,0.084,97,49,0.977,0.135,normal
2.5641981139392476,tcp,http,SF,331,451,4,3,0.742,0.038,35,37,0.806,0.027,normal
0.198,tcp,eco_i,REJ,20,0,133,4,0.016,0.916,255,3,0.061,0.982,port_scan
0.011,tcp,other,REJ,0,0,104,2,0.135,0.925,255,2,0.039,0.83,port_scan
0.3569586761263007,tcp,http,SF,216,543,5,3,0.981,0.134,89,41,0.995,0.101,normal
0.546163897366538,tcp,https,SF,37,771,6,5,0.893,0.156,40,97,0.943,0.075,normal
4.921556205616634,tcp,http,SF,207,319,3,3,0.717,0.104,83,74,0.72,0.168,normal
4.206774338002451,tcp,http,SF,273,20474,8,2,0.937,0.052,85,63,0.95,0.081,normal
0.8161980589539779,tcp,http,SF,1227,912,6,4,0.756,0.121,54,99,0.654,0.048,normal
0.76,tcp,ftp,SF,354,261,49,72,0.975,0.03,108,57,0.937,0.034,ssh_bruteforce
0.7,tcp,ssh,REJ,366,204,54,50,0.909,0.086,202,31,0.83,0.094,ssh_bruteforce
0.14,icmp,eco_i,REJ,64,0,125,4,0.124,0.934,255,11,0.061,0.743,port_scan
3.3363175335548876,udp,dns,SF,5790,5957,8,4,0.87,0.155,52,78,0.848,0.046,normal
3.81819281344806,tcp,ftp,SF,235,954,6,4,0.921,0.104,36,32,0.782,0.173,normal
0.5836627263191334,tcp,http,SF,464,4968,6,4,0.848,0.256,58,62,0.624,0.065,normal
0.423265838005922,tcp,https,SF,468,91,5,8,0.724,0.006,31,54,0.898,0.035,normal
0.0,tcp,http,S0,60,0,279,378,0.989,0.021,255,32,0.064,0.785,dos_syn_flood
9.770851183225771,tcp,http,SF,526,561,5,5,0.999,0.205,23,77,0.715,0.001,normal
4.509172176523935,tcp,https,SF,2625,447,2,3,0.812,0.207,67,24,0.664,0.002,normal
2.4169599147009353,tcp,ssh,SF,1142,1278,6,5,0.735,0.215,72,33,0.967,0.148,normal
4.169472025947357,udp,dns,SF,1467,5196,4,3,0.808,0.212,26,18,0.814,0.025,normal
3.7774828249026635,tcp,http,SF,371,3285,6,2,0.772,0.155,91,57,0.965,0.148,normal
4.071097548068258,tcp,https,SF,420,39,2,2,0.838,0.157,30,20,0.785,0.174,normal
0.192,icmp,eco_i,REJ,40,0,164,2,0.077,0.945,255,5,0.071,0.924,port_scan
3.984968565782412,tcp,https,SF,1972,2614,7,2,0.711,0.031,13,69,0.615,0.014,normal
0.535379631994568,tcp,ftp,SF,792,827,7,4,0.895,0.092,78,42,0.757,0.087,normal
1.625734865719172,tcp,ssh,SF,348,24,3,7,0.731,0.016,13,19,0.957,0.101,normal
0.3691082897011743,tcp,https,SF,106,361,5,2,0.99,0.17,41,49,0.8,0.192,normal
1.8729891105269645,udp,dns,SF,3100,2657,4,5,0.885,0.217,29,54,0.798,0.156,normal
0.6049006924813749,tcp,http,SF,1846,1429,3,6,0.982,0.191,1,94,0.708,0.038,normal
2.8666623322587097,tcp,https,SF,156,681,5,5,0.834,0.171,18,56,0.746,0.015,normal
7.30003120742266,tcp,http,SF,21910,927,5,8,0.824,0.185,76,89,0.707,0.172,normal
1.86,tcp,ssh,SF,310,223,76,50,0.925,0.017,183,73,0.748,0.104,ssh_bruteforce
0.5400287173674113,tcp,http,SF,545,644,2,4,0.995,0.252,58,86,0.7,0.008,normal
2.95652951088828,tcp,http,SF,1190,8610,5,5,0.871,0.111,22,34,0.939,0.011,normal
0.0,tcp,http,S0,60,0,243,362,0.982,0.009,255,15,0.065,0.796,dos_syn_flood
2.0925418667690634,icmp,other,SF,1793,3388,6,8,0.774,0.251,6,29,0.679,0.022,normal
0.07650572144243206,tcp,ssh,S0,138,5084,8,3,0.902,0.048,58,71,0.987,0.162,normal
0.0,tcp,http,RSTOS0,44,0,250,214,0.951,0.02,255,14,0.149,0.605,dos_syn_flood
1.6236092069074461,icmp,other,SF,2281,3726,4,8,0.821,0.018,36,57,0.67,0.124,normal
2.98,tcp,ftp,REJ,312,141,59,55,0.987,0.051,233,44,0.867,0.078,ssh_bruteforce
0.145,tcp,other,REJ,0,0,53,4,0.085,0.869,255,4,0.049,0.803,port_scan
6.148938441114186,tcp,http,SF,673,221,9,1,0.912,0.281,34,59,0.855,0.149,normal
0.01248206758555448,tcp,ftp,SF,57,6396,3,5,0.746,0.285,57,49,0.768,0.175,normal
5.561030960769379,tcp,https,SF,836,3031,5,4,0.848,0.285,83,28,0.945,0.012,normal
0.0,tcp,http,S0,44,0,472,336,0.96,0.032,255,19,0.116,0.78,dos_syn_flood
3.122766732238866,tcp,http,SF,1687,74,7,4,0.709,0.131,62,13,0.987,0.175,normal
0.0,tcp,http,S0,44,0,506,438,0.969,0.018,255,39,0.139,0.631,dos_syn_flood
0.976793925972052,tcp,ssh,SF,739,30649,5,7,0.82,0.04,61,92,0.918,0.139,normal
0.575813282376552,tcp,http,S0,172,346,7,5,0.82,0.138,23,79,0.958,0.193,normal
2.237731024120648,tcp,ftp,SF,617,10152,0,7,0.995,0.105,62,28,0.819,0.037,normal
4.620362791485576,tcp,http,SF,53,257,4,1,0.817,0.26,1,16,0.747,0.155,normal
0.35767867986869695,tcp,http,SF,559,444,4,5,0.812,0.161,80,76,0.922,0.099,normal
2.5726712129450977,tcp,https,SF,327,6671,8,3,0.864,0.086,58,15,0.745,0.121,normal
0.0,tcp,http,S0,0,0,410,156,0.953,0.046,255,26,0.126,0.783,dos_syn_flood
3.151163601794119,icmp,other,SF,9875,1511,4,3,0.855,0.145,44,90,0.721,0.197,normal
1.9831613034254394,tcp,http,SF,14011,5127,4,4,0.941,0.091,60,86,0.848,0.111,normal
10.47613347277997,tcp,http,SF,35,269,5,6,0.878,0.177,15,73,0.669,0.154,normal
0.057,tcp,eco_i,REJ,20,0,179,2,0.128,0.921,255,8,0.02,0.908,port_scan
2.93001765250575,tcp,https,SF,58,1087,5,3,0.935,0.213,52,75,0.629,0.086,normal
0.6696117026217673,tcp,ftp,SF,1936,4284,6,5,0.793,0.087,22,57,0.919,0.05,normal
2.291605003989269,udp,dns,SF,197,9238,6,3,0.965,0.192,63,56,0.701,0.162,normal
0.0,tcp,other,S0,0,0,159,249,0.987,0.043,255,39,0.086,0.682,dos_syn_flood
7.188308197970158,tcp,ssh,SF,635,6901,6,8,0.743,0.156,53,46,0.704,0.013,normal
0.6120792205780167,tcp,http,SF,383,21065,2,3,0.885,0.142,44,61,0.82,0.089,normal
0.108,tcp,private,RSTR,40,0,156,2,0.032,0.939,255,2,0.03,0.929,port_scan
1.6,tcp,ssh,SF,340,201,53,25,0.981,0.056,186,53,0.927,0.046,ssh_bruteforce
0.37632566055351874,tcp,ssh,SF,563,1079,6,2,0.827,0.181,11,52,0.672,0.147,normal
1.5862728394037184,tcp,http,SF,10224,283,5,3,0.922,0.248,54,5,0.669,0.138,normal
2.9717230930527667,udp,dns,SF,391,2975,5,4,0.988,0.006,3,77,0.695,0.091,normal
0.0,tcp,other,S0,44,0,467,290,0.971,0.038,255,12,0.052,0.632,dos_syn_flood
0.0,tcp,http,S0,44,0,255,441,0.982,0.036,255,29,0.188,0.896,dos_syn_flood
0.606467159919648,tcp,https,SF,2088,2509,6,5,0.926,0.251,11,53,0.966,0.133,normal
0.59,tcp,ssh,SF,382,177,52,30,0.908,0.041,232,79,0.744,0.149,ssh_bruteforce
4.272600139352033,tcp,https,SF,931,6702,5,3,0.734,0.162,80,13,0.684,0.026,normal
1.4961700419214714,tcp,http,SF,527,6811,3,3,0.761,0.239,1,80,0.918,0.108,normal
2.1476639596450915,tcp,https,SF,485,1639,6,1,0.987,0.179,14,17,0.837,0.046,normal
2.8003771265749444,tcp,http,SF,699,690,7,2,0.919,0.183,70,64,0.852,0.062,normal
2.24,tcp,ssh,SF,419,266,37,25,0.951,0.053,133,66,0.946,0.028,ssh_bruteforce
0.0,tcp,http,S0,44,0,312,267,0.979,0.03,255,31,0.09,0.826,dos_syn_flood
2.96,tcp,ssh,REJ,315,194,34,55,0.961,0.072,143,69,0.816,0.056,ssh_bruteforce
0.0,tcp,http,RSTOS0,0,0,357,246,0.976,0.031,255,15,0.15,0.725,dos_syn_flood
3.354483294409492,udp,dns,SF,1948,409,4,5,0.799,0.001,55,80,0.776,0.149,normal
0.0,tcp,http,S0,44,0,482,175,0.967,0.008,255,33,0.073,0.783,dos_syn_flood
1.8988477318621177,tcp,http,SF,1183,1186,6,4,0.73,0.149,21,13,0.936,0.103,normal
9.22124534393053,tcp,ftp,SF,253,21628,7,2,0.859,0.013,16,27,0.845,0.061,normal
3.5372199808424116,tcp,https,SF,214,457,7,4,0.943,0.049,73,43,0.67,0.033,normal
2.1667163173164843,icmp,other,SF,65,8289,4,3,0.797,0.191,48,30,0.813,0.152,normal
0.191,tcp,private,REJ,40,0,166,1,0.065,0.986,255,8,0.029,0.981,port_scan
0.193,tcp,eco_i,REJ,0,0,168,4,0.107,0.969,255,2,0.043,0.886,port_scan
0.0,tcp,http,S0,60,0,445,290,0.981,0.005,255,27,0.158,0.671,dos_syn_flood
0.47244193654978284,udp,dns,SF,217,405,3,2,0.939,0.169,48,3,0.772,0.082,normal
0.13,icmp,eco_i,REJ,64,0,133,3,0.032,0.911,255,12,0.042,0.704,port_scan
1.0340536861801717,tcp,https,SF,977,361,1,4,1.0,0.089,29,90,0.949,0.128,normal
2.260906519774415,udp,dns,SF,358,2392,4,4,0.747,0.217,64,20,0.867,0.027,normal
2.949165638353464,tcp,http,SF,1617,597,3,7,0.724,0.013,20,85,0.988,0.11,normal
1.6920729351872,tcp,http,SF,250,1651,4,3,0.747,0.205,35,50,0.618,0.016,normal
0.40674925924957256,udp,dns,SF,143,10248,6,4,0.861,0.063,83,38,0.909,0.029,normal
0.0,tcp,http,S0,60,0,434,472,0.973,0.031,255,31,0.111,0.605,dos_syn_flood
0.44885693173081603,tcp,http,SF,1187,1522,4,2,0.955,0.082,55,45,0.771,0.119,normal
0.176,tcp,private,RSTR,0,0,104,4,0.052,0.946,255,9,0.056,0.714,port_scan
0.051,tcp,telnet,REJ,40,0,104,3,0.036,0.904,255,2,0.025,0.722,port_scan
3.0515382191911606,tcp,smtp,SF,139,11939,5,2,0.77,0.076,4,66,0.917,0.074,normal
0.615295665329471,tcp,http,SF,494,2610,6,9,0.976,0.154,2,84,0.766,0.156,normal
0.0,tcp,private,S0,0,0,366,445,0.985,0.022,255,20,0.101,0.63,dos_syn_flood
0.0,tcp,http,S0,0,0,230,278,0.961,0.036,255,44,0.198,0.877,dos_syn_flood
1.31,tcp,ssh,REJ,374,222,62,51,0.911,0.088,242,57,0.89,0.145,ssh_bruteforce
0.0,tcp,http,S0,44,0,314,257,0.962,0.031,255,46,0.149,0.684,dos_syn_flood
2.050069793381309,tcp,smtp,SF,1321,10366,4,2,0.794,0.231,7,9,0.604,0.001,normal
1.4309376261674638,tcp,http,SF,944,1859,4,6,0.804,0.05,19,99,0.819,0.17,normal
0.0,tcp,http,S0,44,0,323,176,0.961,0.031,255,12,0.107,0.72,dos_syn_flood
0.0,tcp,other,S0,44,0,465,449,0.963,0.031,255,43,0.151,0.872,dos_syn_flood
0.7296570440803527,tcp,https,SF,1153,2508,4,2,0.771,0.064,92,76,0.67,0.014,normal
7.720868139330722,tcp,https,SF,1053,5082,4,5,0.728,0.01,23,46,0.84,0.012,normal
2.91,tcp,ssh,SF,359,200,46,71,0.91,0.076,251,21,0.845,0.098,ssh_bruteforce
1.115951759439074,tcp,http,S0,47,1093,5,2,0.961,0.267,80,55,0.798,0.174,normal
0.0,tcp,http,S0,60,0,192,217,0.979,0.046,255,32,0.191,0.63,dos_syn_flood
0.759647217719271,tcp,http,SF,1158,284,5,3,0.913,0.075,48,5,0.734,0.005,normal
0.9632536073112177,tcp,smtp,SF,1854,7002,7,2,0.718,0.203,16,75,0.947,0.147,normal
2.091298775833685,tcp,ftp,SF,1906,477,1,3,0.979,0.074,42,50,0.685,0.114,normal
0.8844827320953886,udp,dns,SF,70,10614,8,2,0.703,0.138,88,23,0.609,0.137,normal
5.752299842522067,tcp,http,SF,720,3920,3,5,0.839,0.292,12,61,0.646,0.03,normal
0.0,tcp,private,S0,44,0,269,207,0.963,0.024,255,19,0.115,0.795,dos_syn_flood
2.285964184736045,tcp,ftp,SF,610,644,4,2,0.915,0.092,17,78,0.861,0.013,normal
7.9596069729705,tcp,http,S0,1350,3037,5,5,0.943,0.202,50,12,0.907,0.176,normal
0.0,tcp,private,S0,0,0,209,430,0.96,0.01,255,35,0.052,0.627,dos_syn_flood
5.6774353128208945,tcp,http,SF,7833,1119,2,2,0.727,0.036,12,90,0.958,0.026,normal
0.2037695029744898,tcp,ftp,SF,532,4374,5,3,0.841,0.1,63,5,0.658,0.007,normal
8.158727138864345,tcp,ftp,S0,3503,979,6,3,0.883,0.29,98,91,0.745,0.187,normal
0.126,tcp,eco_i,REJ,64,0,83,3,0.128,0.864,255,6,0.073,0.872,port_scan
0.0,tcp,private,S0,44,0,470,491,0.971,0.034,255,14,0.181,0.716,dos_syn_flood
0.0,tcp,http,S0,0,0,405,476,0.979,0.042,255,29,0.126,0.744,dos_syn_flood
0.5093693447511872,tcp,https,SF,1147,1271,3,4,0.877,0.116,17,25,0.918,0.178,normal
0.8821744376073342,tcp,http,SF,191,36649,5,8,0.798,0.162,64,44,0.645,0.092,normal
0.8887855976394221,tcp,http,SF,50,307,4,1,0.948,0.061,48,7,0.954,0.133,normal
0.135,tcp,private,S0,20,0,183,1,0.038,0.865,255,9,0.052,0.925,port_scan
0.0,tcp,http,S0,44,0,447,166,0.994,0.033,255,46,0.177,0.626,dos_syn_flood
0.5667911875521787,tcp,https,SF,617,3775,8,4,0.799,0.181,58,70,0.911,0.014,normal
0.7260373739761411,tcp,https,SF,446,15357,4,5,0.743,0.067,53,59,0.896,0.016,normal
0.132,tcp,other,REJ,40,0,167,2,0.133,0.885,255,5,0.05,0.834,port_scan
0.0,tcp,private,S0,44,0,257,423,0.975,0.049,255,29,0.072,0.715,dos_syn_flood
0.059,icmp,private,RSTR,20,0,145,4,0.144,0.888,255,1,0.064,0.743,port_scan
8.127017495216437,tcp,https,SF,2465,331,3,5,0.906,0.25,10,16,0.827,0.033,normal
3.8663544453036502,tcp,http,SF,978,401,4,5,0.878,0.107,62,65,0.905,0.052,normal
3.594400719479374,tcp,http,SF,528,20473,8,5,0.962,0.277,37,45,0.924,0.197,normal
1.1853049857941604,tcp,https,SF,6549,1125,5,5,0.938,0.067,76,19,0.976,0.114,normal
2.12,tcp,ssh,SF,397,233,42,62,0.987,0.003,229,52,0.938,0.074,ssh_bruteforce
1.3374842239323472,tcp,smtp,SF,6253,8212,4,4,0.798,0.142,5,55,0.616,0.161,normal
1.7167308919666318,udp,dns,SF,1886,2454,5,4,0.771,0.118,12,2,0.729,0.034,normal
0.7231880382541044,tcp,https,SF,287,1100,6,6,0.762,0.109,43,19,0.801,0.164,normal
4.159509916644704,tcp,https,SF,1555,13287,6,2,0.731,0.088,92,90,0.814,0.087,normal
1.57,tcp,ssh,REJ,402,221,72,26,0.954,0.022,249,62,0.764,0.096,ssh_bruteforce
0.0,tcp,http,S0,60,0,291,350,0.95,0.031,255,17,0.146,0.676,dos_syn_flood
2.782472877122781,tcp,https,SF,1344,5021,3,4,0.769,0.062,11,10,0.703,0.126,normal
0.7928819171937762,tcp,https,SF,960,12632,8,3,0.801,0.26,47,6,0.772,0.152,normal
1.8823183843708975,tcp,http,SF,153,205,4,2,0.989,0.269,72,94,0.931,0.183,normal
4.837282975242811,tcp,http,SF,108,866,2,4,0.81,0.152,62,87,0.913,0.023,normal
1.8999868409149567,tcp,http,S0,272,6364,6,7,0.886,0.096,30,6,0.987,0.022,normal
0.0,tcp,http,S0,44,0,343,384,0.991,0.002,255,20,0.055,0.809,dos_syn_flood
0.0,tcp,http,S0,0,0,333,405,0.954,0.003,255,49,0.115,0.723,dos_syn_flood
0.9710762518160266,tcp,https,SF,601,542,4,3,0.813,0.118,82,16,0.847,0.081,normal
0.014,tcp,private,S0,64,0,116,1,0.13,0.933,255,2,0.042,0.91,port_scan
3.8307383659760967,tcp,https,SF,686,2306,3,1,0.919,0.15,99,82,0.642,0.146,normal
0.11326413352916884,tcp,https,SF,2068,1798,2,4,0.798,0.198,26,87,0.854,0.142,normal
0.0,tcp,http,S0,44,0,300,191,0.991,0.0,255,28,0.058,0.84,dos_syn_flood
0.06593701398034617,tcp,http,SF,170,1178,12,6,0.965,0.28,46,90,0.607,0.163,normal
10.105238242394359,icmp,other,SF,277,1488,3,3,0.807,0.268,99,89,0.704,0.097,normal
5.708619883726206,tcp,https,SF,333,8160,3,6,0.957,0.247,94,56,0.989,0.153,normal
0.4674220145498564,tcp,https,SF,942,5482,8,3,0.903,0.052,69,9,0.625,0.054,normal
1.1986573593826126,tcp,https,SF,375,6549,3,5,0.965,0.247,90,66,0.716,0.066,normal
1.408244669864136,udp,dns,SF,4541,366,5,1,0.7,0.062,37,5,0.697,0.062,normal
0.0,tcp,http,S0,44,0,183,155,0.995,0.004,255,44,0.083,0.641,dos_syn_flood
0.01546357373932249,tcp,https,SF,2505,18501,6,5,0.904,0.109,99,45,0.658,0.053,normal
5.336862231374532,udp,dns,SF,456,4357,3,8,0.834,0.197,40,90,0.713,0.057,normal
3.0561019695571723,udp,dns,SF,1716,4858,6,1,0.731,0.18,85,89,0.78,0.182,normal
0.169,icmp,other,REJ,40,0,187,4,0.079,0.959,255,7,0.057,0.929,port_scan
3.812607831106562,tcp,ssh,SF,225,8874,8,4,0.924,0.165,5,81,0.872,0.093,normal
2.65,tcp,ssh,REJ,250,236,72,27,0.983,0.042,230,26,0.879,0.124,ssh_bruteforce
0.0,tcp,http,S0,44,0,417,380,0.982,0.013,255,33,0.132,0.852,dos_syn_flood
5.351014137326065,tcp,http,S0,847,7795,6,5,0.952,0.278,3,27,0.878,0.172,normal
1.141327284259886,tcp,https,SF,1144,3995,1,4,0.845,0.017,66,86,0.785,0.156,normal
0.9398247334258227,tcp,http,S0,1988,19415,5,2,0.705,0.132,75,86,0.626,0.01,normal
1.2042668325908095,tcp,https,SF,8381,4234,4,4,0.772,0.053,16,94,0.879,0.001,normal
7.196183426360534,tcp,http,SF,4088,311,3,1,0.95,0.154,65,93,0.625,0.052,normal
0.023427836621453896,udp,dns,SF,160,1276,4,4,0.711,0.034,41,38,0.721,0.157,normal
2.41,tcp,ssh,SF,301,204,45,56,0.908,0.017,170,69,0.897,0.121,ssh_bruteforce
6.98778725007982,tcp,http,SF,185,529,6,5,0.731,0.039,20,5,0.999,0.175,normal
1.516308593197998,tcp,http,SF,647,7556,4,5,0.885,0.114,3,20,0.811,0.154,normal
2.48,tcp,ssh,SF,350,235,47,64,0.918,0.053,224,25,0.843,0.061,ssh_bruteforce
1.410047623560304,udp,dns,SF,423,1606,4,6,0.71,0.205,15,64,0.883,0.081,normal
2.1209901359727112,tcp,http,SF,580,2202,3,6,0.961,0.194,32,42,0.927,0.174,normal
0.085,tcp,eco_i,REJ,20,0,195,1,0.104,0.937,255,5,0.073,0.838,port_scan
0.318123040351322,tcp,ssh,SF,2007,846,6,4,0.727,0.26,56,90,0.808,0.038,normal
1.7155593790563282,tcp,ftp,SF,686,1470,6,2,0.759,0.141,22,60,0.613,0.068,normal
7.082310109704533,tcp,ftp,SF,97,3555,3,5,0.726,0.264,80,66,0.862,0.046,normal
1.2330061160532615,tcp,http,SF,531,2865,5,5,0.772,0.246,10,85,0.872,0.083,normal
0.8576813385226313,tcp,https,SF,576,9007,5,5,0.758,0.126,29,25,0.6,0.051,normal
0.0,tcp,http,S0,60,0,334,306,0.969,0.035,255,33,0.193,0.875,dos_syn_flood
6.524943623024788,udp,dns,SF,326,1541,3,1,0.936,0.092,48,42,0.835,0.08,normal
2.908511606104601,tcp,http,SF,756,354,7,8,0.985,0.085,17,74,0.635,0.026,normal
0.0,tcp,http,S0,44,0,393,484,0.965,0.041,255,35,0.19,0.885,dos_syn_flood
2.7071225440712583,tcp,http,SF,386,940,4,3,0.887,0.115,50,67,0.649,0.123,normal
1.7638413908743837,tcp,https,SF,1801,3764,5,4,0.913,0.237,38,2,0.766,0.101,normal
2.807346690000277,tcp,https,SF,355,7766,6,2,0.861,0.004,68,93,0.857,0.029,normal
7.1720603085558485,tcp,http,SF,1845,365,4,7,0.803,0.017,30,47,0.993,0.18,normal
3.9918496557619103,tcp,https,SF,159,644,6,6,0.732,0.296,17,80,0.792,0.173,normal
1.9035421320417834,tcp,http,SF,410,106,5,0,0.705,0.127,34,80,0.991,0.097,normal
0.57,tcp,ssh,SF,326,278,34,71,0.965,0.07,227,74,0.79,0.054,ssh_bruteforce
0.9931404797999465,udp,dns,SF,3265,679,5,5,0.803,0.288,82,96,0.796,0.07,normal
1.1967836549179607,tcp,https,SF,761,209,8,7,0.761,0.055,32,48,0.661,0.088,normal
0.36166999761147023,tcp,http,SF,576,4651,1,4,0.941,0.262,36,29,0.627,0.159,normal
0.0,tcp,http,S0,60,0,453,203,0.993,0.024,255,16,0.114,0.606,dos_syn_flood
0.045,tcp,other,REJ,40,0,71,4,0.068,0.936,255,6,0.067,0.747,port_scan
13.850200946079042,tcp,ssh,SF,2861,589,6,5,0.74,0.023,72,85,0.753,0.068,normal
2.13,tcp,ssh,SF,296,214,66,48,0.943,0.061,204,78,0.849,0.05,ssh_bruteforce
4.793365054515503,tcp,http,SF,361,404,5,4,0.947,0.065,18,86,0.803,0.029,normal
1.167771134985097,udp,dns,SF,2861,11332,1,3,0.884,0.184,30,34,0.885,0.037,normal
1.4172000447653779,tcp,http,SF,579,8558,4,4,0.804,0.232,14,51,0.949,0.19,normal
0.0,tcp,http,S0,60,0,480,178,0.958,0.013,255,16,0.139,0.631,dos_syn_flood
2.9011650346111457,tcp,http,SF,655,2362,9,5,0.812,0.216,16,12,0.852,0.132,normal
1.3122255056765142,icmp,other,SF,1104,307,2,1,0.828,0.056,12,43,0.652,0.183,normal
5.833968471685544,tcp,https,SF,788,2509,3,4,0.763,0.002,36,83,0.794,0.19,normal
5.981418672759469,tcp,ssh,SF,1301,1214,6,4,0.86,0.121,55,22,0.606,0.125,normal
0.0,tcp,http,S0,60,0,452,233,0.96,0.048,255,42,0.055,0.716,dos_syn_flood
4.588956328395986,tcp,http,SF,352,26773,7,3,0.742,0.003,97,65,0.669,0.052,normal
0.0,tcp,http,S0,60,0,221,361,0.957,0.038,255,10,0.167,0.894,dos_syn_flood
1.4819200070790157,tcp,smtp,SF,248,876,2,3,0.83,0.182,8,43,0.687,0.081,normal
0.8,tcp,ssh,REJ,360,202,44,32,0.964,0.036,204,71,0.862,0.09,ssh_bruteforce
2.47,tcp,ssh,SF,334,188,46,72,0.908,0.002,146,67,0.927,0.033,ssh_bruteforce
2.21,tcp,ssh,SF,310,199,80,42,0.981,0.067,110,47,0.866,0.058,ssh_bruteforce
0.45405269356109235,icmp,other,SF,2501,3285,8,7,0.748,0.267,68,78,0.703,0.048,normal
5.419310146093067,tcp,http,SF,189,385,4,4,0.93,0.225,7,31,0.977,0.16,normal
1.4088849156687426,tcp,https,SF,612,651,3,1,0.871,0.152,26,57,0.833,0.065,normal
0.6057366207796625,tcp,https,SF,71,3106,7,5,0.983,0.145,81,96,0.706,0.088,normal
3.1131445881882276,tcp,http,SF,200,99,5,5,0.924,0.246,33,23,0.941,0.159,normal
1.2698714336950925,tcp,http,SF,10055,1226,8,7,0.912,0.101,87,35,0.748,0.068,normal
3.751576800221158,tcp,http,SF,613,22725,3,3,0.845,0.266,87,51,0.872,0.064,normal
1.2709392390548664,tcp,http,SF,12638,945,3,1,0.932,0.059,22,47,0.724,0.03,normal
0.030474247557769788,tcp,http,SF,1234,1917,4,2,0.933,0.166,68,96,0.665,0.003,normal
2.007050013627883,tcp,ssh,SF,394,186,9,4,0.824,0.022,90,97,0.941,0.145,normal
0.147,tcp,eco_i,REJ,0,0,84,4,0.011,0.929,255,4,0.059,0.752,port_scan
0.0,tcp,other,S0,60,0,186,400,0.986,0.001,255,43,0.147,0.803,dos_syn_flood
7.094241813512063,tcp,smtp,SF,1721,2845,2,4,0.847,0.115,27,93,0.678,0.052,normal
0.0,tcp,http,S0,0,0,345,277,0.971,0.03,255,47,0.151,0.699,dos_syn_flood
0.0,tcp,http,S0,0,0,154,261,0.996,0.038,255,35,0.103,0.612,dos_syn_flood
1.68,tcp,ssh,SF,277,201,57,41,0.928,0.043,203,37,0.871,0.03,ssh_bruteforce
3.297263178137607,tcp,https,SF,1378,185,3,2,0.918,0.149,43,42,0.784,0.015,normal
0.0,tcp,http,S0,60,0,154,307,0.964,0.001,255,34,0.082,0.83,dos_syn_flood
4.41097829991522,tcp,https,SF,1261,6369,7,2,0.988,0.204,36,8,0.878,0.126,normal
6.867340232623805,tcp,http,SF,1070,951,4,2,0.841,0.078,29,60,0.767,0.173,normal
4.558887175515249,udp,dns,SF,34,543,5,3,0.894,0.075,60,40,0.805,0.027,normal
0.955743914321588,tcp,http,SF,121,74433,6,3,0.83,0.21,59,20,0.763,0.038,normal
3.6962545395434354,tcp,ftp,SF,1422,16235,4,3,0.84,0.051,51,87,0.766,0.152,normal
0.9458116017256907,udp,dns,SF,866,2005,6,4,0.806,0.15,42,4,0.904,0.09,normal
6.278703156787833,tcp,http,SF,147,983,5,4,0.768,0.123,92,3,0.739,0.068,normal
0.0,tcp,http,S0,60,0,409,274,0.99,0.008,255,15,0.095,0.808,dos_syn_flood
3.5566900361430043,udp,dns,SF,314,136,3,6,0.805,0.136,62,97,0.99,0.066,normal
0.8561813806629748,tcp,http,SF,231,2820,2,5,0.991,0.112,86,5,0.724,0.123,normal
3.8177384366328146,tcp,http,SF,195,7234,1,2,0.808,0.289,18,14,0.943,0.029,normal
0.0,tcp,private,S0,0,0,343,191,0.999,0.017,255,22,0.151,0.897,dos_syn_flood
0.0,tcp,http,S0,0,0,408,192,0.971,0.001,255,13,0.195,0.769,dos_syn_flood
0.0,tcp,http,S0,0,0,249,304,0.959,0.035,255,41,0.173,0.698,dos_syn_flood
1.2671353785853148,tcp,http,SF,246,669,6,3,0.88,0.187,66,30,0.857,0.141,normal
0.07,tcp,private,RSTR,64,0,146,2,0.038,0.9,255,2,0.074,0.822,port_scan
2.7870449011472527,tcp,http,SF,530,1455,5,5,0.795,0.009,71,46,0.845,0.145,normal
10.350992592103271,udp,dns,SF,389,15995,4,3,0.705,0.296,73,15,0.754,0.136,normal
3.2614053615376424,tcp,http,SF,253,5450,4,3,0.991,0.15,70,92,0.999,0.119,normal
1.8835997049709783,tcp,http,SF,1440,68944,3,2,0.775,0.093,53,6,0.669,0.083,normal
0.1553282104327325,tcp,http,SF,355,712,4,1,0.711,0.258,30,77,0.998,0.004,normal
2.6555615848202327,tcp,ssh,SF,3155,235,4,4,0.935,0.067,5,29,0.645,0.185,normal
0.0,tcp,http,S0,60,0,509,426,0.992,0.039,255,24,0.062,0.875,dos_syn_flood
1.2317393603154712,udp,dns,SF,517,7544,10,2,0.753,0.085,1,97,0.644,0.164,normal
0.0031829295855065336,udp,dns,SF,461,2995,8,6,0.722,0.143,65,43,0.886,0.08,normal
0.6785797949670194,tcp,https,SF,1238,3023,8,8,0.846,0.226,42,77,0.757,0.003,normal
2.6397675393950895,tcp,https,SF,233,157,2,3,0.965,0.133,80,74,0.78,0.134,normal
0.6633988240050891,udp,dns,SF,142,460,7,0,0.855,0.045,23,3,0.879,0.146,normal
0.3807209991829734,tcp,https,SF,684,5252,8,0,0.805,0.035,63,43,0.746,0.042,normal
4.274023036527511,tcp,http,SF,5822,3060,7,3,0.772,0.043,41,51,0.78,0.15,normal
1.2457808089900322,tcp,http,REJ,122,361,6,7,0.721,0.124,71,73,0.686,0.041,normal
0.138,icmp,telnet,S0,20,0,83,1,0.06,0.938,255,8,0.08,0.966,port_scan
0.04,tcp,eco_i,REJ,20,0,166,3,0.131,0.859,255,1,0.074,0.882,port_scan
0.0,tcp,private,S0,60,0,195,468,0.952,0.044,255,38,0.17,0.838,dos_syn_flood
0.5387954940081453,udp,dns,SF,676,24797,6,7,0.859,0.188,90,91,0.834,0.036,normal
0.9302922968589384,tcp,http,SF,89,9755,6,7,0.722,0.098,94,58,0.95,0.129,normal
2.8355459854358944,tcp,ssh,SF,217,433,3,6,0.865,0.0,1,77,0.666,0.142,normal
2.1922336146095347,udp,dns,SF,757,1399,2,5,0.975,0.059,31,71,0.895,0.155,normal
0.129,tcp,private,REJ,40,0,126,3,0.086,0.973,255,1,0.024,0.837,port_scan
0.0,tcp,http,S0,0,0,195,273,0.957,0.049,255,23,0.131,0.689,dos_syn_flood
0.0,tcp,http,S0,60,0,254,494,0.971,0.031,255,42,0.177,0.676,dos_syn_flood
2.35,tcp,ftp,REJ,320,158,30,69,0.922,0.07,158,74,0.864,0.063,ssh_bruteforce
3.4644268582647113,tcp,http,SF,2083,146,10,6,0.958,0.24,33,38,0.86,0.065,normal
1.8977217832502769,tcp,http,SF,676,58,4,3,0.745,0.277,46,43,0.997,0.136,normal
0.0,tcp,http,S0,0,0,497,267,0.966,0.031,255,17,0.1,0.875,dos_syn_flood
10.029213360225073,tcp,http,SF,1549,3062,8,8,0.889,0.108,64,83,0.988,0.022,normal
0.0,tcp,http,S0,60,0,349,214,0.954,0.003,255,12,0.109,0.893,dos_syn_flood
0.0,tcp,http,S0,60,0,411,241,0.972,0.025,255,36,0.191,0.85,dos_syn_flood
3.8933052241987163,udp,dns,SF,702,1401,11,2,0.915,0.033,33,84,0.719,0.112,normal
0.0,tcp,http,S0,60,0,502,315,0.975,0.016,255,31,0.194,0.761,dos_syn_flood
1.303171920082441,tcp,http,SF,342,30817,6,4,0.936,0.051,80,85,0.618,0.141,normal
2.95,tcp,ssh,REJ,340,226,48,71,0.957,0.084,110,66,0.857,0.129,ssh_bruteforce
1.1895154320052188,tcp,http,SF,2754,34535,3,1,0.854,0.221,43,49,0.884,0.151,normal
0.15652866565388102,tcp,http,SF,1827,7714,2,7,0.937,0.12,62,30,0.637,0.111,normal
0.17221888294283422,tcp,smtp,SF,928,4907,6,5,0.946,0.194,41,45,0.792,0.199,normal
0.052,tcp,private,REJ,40,0,117,2,0.107,0.925,255,11,0.022,0.97,port_scan
0.198,tcp,eco_i,REJ,64,0,177,1,0.134,0.921,255,6,0.077,0.865,port_scan
0.0,tcp,http,S0,0,0,189,498,0.975,0.017,255,36,0.054,0.702,dos_syn_flood
0.0,tcp,private,S0,0,0,350,224,0.996,0.029,255,23,0.161,0.754,dos_syn_flood
0.011,tcp,private,REJ,64,0,165,3,0.091,0.866,255,11,0.02,0.847,port_scan
0.0,tcp,other,S0,0,0,192,484,0.979,0.013,255,23,0.07,0.626,dos_syn_flood
0.1082134298216885,tcp,http,SF,1109,35657,9,7,0.876,0.082,39,36,0.831,0.084,normal
0.0,tcp,http,S0,44,0,256,442,0.962,0.044,255,16,0.122,0.619,dos_syn_flood
5.721906908875974,udp,dns,SF,440,8134,5,4,0.963,0.162,18,32,0.836,0.021,normal
0.0,tcp,http,S0,60,0,358,226,0.991,0.014,255,13,0.144,0.71,dos_syn_flood
5.983813161351544,tcp,http,SF,253,1904,6,1,0.984,0.111,62,58,0.951,0.164,normal
13.01876707049351,tcp,https,SF,59,3383,2,3,0.878,0.204,5,38,0.954,0.062,normal
1.3783381558468177,udp,dns,SF,361,13926,6,2,0.995,0.106,28,76,0.612,0.096,normal
0.125,icmp,other,REJ,64,0,60,3,0.106,0.921,255,3,0.015,0.718,port_scan
2.65,tcp,ftp,SF,389,206,55,71,0.961,0.047,121,40,0.814,0.039,ssh_bruteforce
0.71,tcp,ftp,REJ,383,213,56,25,0.91,0.068,216,29,0.888,0.044,ssh_bruteforce
0.0,tcp,http,RSTOS0,44,0,210,230,0.97,0.035,255,45,0.113,0.846,dos_syn_flood
0.146,tcp,eco_i,REJ,0,0,56,3,0.079,0.932,255,12,0.047,0.707,port_scan
0.0,tcp,http,S0,60,0,200,358,0.978,0.018,255,37,0.149,0.809,dos_syn_flood
0.0,tcp,http,S0,0,0,454,325,0.951,0.036,255,22,0.065,0.687,dos_syn_flood
0.3200358458993835,tcp,https,SF,2342,3788,7,5,0.836,0.054,3,3,0.95,0.156,normal
1.6086181747914652,udp,dns,SF,3767,7655,6,8,0.719,0.285,27,12,0.795,0.032,normal
1.23,tcp,ssh,REJ,315,217,80,74,0.933,0.082,170,27,0.942,0.077,ssh_bruteforce
0.0,tcp,http,S0,44,0,350,507,0.958,0.006,255,38,0.085,0.692,dos_syn_flood
9.314912787250654,tcp,ssh,SF,71,1271,5,1,0.953,0.241,26,77,0.792,0.121,normal
10.095915751955427,tcp,smtp,SF,777,2042,6,5,0.888,0.167,32,22,0.864,0.139,normal
0.0,tcp,private,S0,0,0,328,266,0.984,0.017,255,29,0.086,0.715,dos_syn_flood
2.87,tcp,ssh,REJ,360,191,82,30,0.962,0.089,120,44,0.743,0.139,ssh_bruteforce
0.0,tcp,http,S0,0,0,400,264,0.96,0.023,255,18,0.172,0.714,dos_syn_flood
0.0,tcp,http,S0,60,0,429,506,0.995,0.011,255,48,0.091,0.77,dos_syn_flood
0.4326620461102899,tcp,http,SF,95,3326,4,3,0.923,0.153,84,32,0.985,0.061,normal
2.2723378572717303,tcp,http,SF,316,31093,2,6,0.894,0.179,73,8,0.747,0.069,normal
2.54,tcp,ssh,SF,369,170,47,31,0.982,0.087,183,60,0.844,0.048,ssh_bruteforce
7.432953671653751,tcp,https,SF,1662,2003,7,5,0.8,0.078,27,77,0.762,0.125,normal
0.158,tcp,other,REJ,20,0,89,3,0.08,0.865,255,9,0.02,0.932,port_scan
0.0,tcp,other,S0,60,0,213,470,0.981,0.011,255,35,0.081,0.756,dos_syn_flood
0.0,tcp,other,S0,0,0,379,439,0.983,0.038,255,29,0.145,0.731,dos_syn_flood
2.57570399847151,tcp,https,SF,198,16160,8,4,0.982,0.066,26,22,0.703,0.194,normal
0.063,tcp,private,RSTR,40,0,91,3,0.049,0.869,255,11,0.051,0.7,port_scan
2.658018437511323,tcp,http,SF,1088,1399,7,5,0.74,0.086,65,38,0.931,0.101,normal
0.0,tcp,http,S0,60,0,231,493,0.967,0.003,255,33,0.147,0.654,dos_syn_flood
1.800509660388458,udp,dns,SF,392,3489,5,3,0.933,0.07,46,8,0.691,0.189,normal
0.0,tcp,private,S0,0,0,161,396,0.988,0.012,255,49,0.165,0.673,dos_syn_flood
0.186,icmp,private,REJ,64,0,99,4,0.147,0.988,255,13,0.026,0.962,port_scan
2.8509819529135565,tcp,smtp,SF,1488,2430,7,4,0.722,0.3,17,8,0.955,0.029,normal
2.482014449891921,tcp,http,SF,30886,3419,1,5,0.774,0.082,11,55,0.955,0.091,normal
1.12,tcp,ssh,SF,394,160,41,31,0.965,0.024,221,37,0.777,0.067,ssh_bruteforce
0.0,tcp,other,S0,44,0,198,274,0.971,0.045,255,41,0.074,0.868,dos_syn_flood
0.5952945063416338,tcp,http,SF,685,681,4,3,0.848,0.106,50,50,0.751,0.122,normal
1.4015496817272612,tcp,https,SF,110,16352,8,0,0.981,0.26,73,41,0.673,0.18,normal
0.196,tcp,eco_i,REJ,20,0,136,1,0.099,0.907,255,10,0.049,0.894,port_scan
1.86,tcp,ftp,REJ,312,217,64,27,0.9,0.069,176,52,0.776,0.026,ssh_bruteforce
0.17187947945615847,tcp,http,SF,1974,2752,3,4,0.958,0.19,1,30,0.734,0.169,normal
0.0,tcp,http,RSTOS0,60,0,465,151,0.961,0.011,255,44,0.184,0.89,dos_syn_flood
0.5193334085703745,tcp,smtp,SF,2010,993,5,7,0.812,0.249,98,41,0.795,0.047,normal
0.8781897192003528,tcp,http,SF,4599,3301,8,3,0.992,0.284,78,3,0.668,0.112,normal
0.8155187369669337,tcp,https,SF,81,1982,3,1,0.937,0.232,21,32,0.99,0.194,normal
4.657860270259925,icmp,other,SF,1530,212,6,1,0.713,0.123,78,30,0.681,0.129,normal
0.106,icmp,private,REJ,64,0,181,3,0.103,0.892,255,12,0.014,0.883,port_scan
1.3344376604093313,tcp,ssh,SF,1572,1034,7,1,0.898,0.116,18,22,0.678,0.002,normal
0.115,tcp,other,REJ,40,0,57,4,0.042,0.938,255,7,0.03,0.828,port_scan
0.048,tcp,private,S0,40,0,191,4,0.049,0.946,255,7,0.063,0.931,port_scan
0.0,tcp,http,S0,0,0,152,275,0.957,0.042,255,43,0.118,0.896,dos_syn_flood
6.282627290355631,tcp,http,SF,1425,387,7,4,0.951,0.155,67,2,0.807,0.138,normal
3.748710771512754,tcp,https,SF,296,6422,6,5,0.722,0.166,68,58,0.819,0.186,normal
0.048,tcp,eco_i,REJ,40,0,190,3,0.146,0.87,255,6,0.049,0.818,port_scan
2.19,tcp,ssh,REJ,281,207,65,27,0.985,0.085,246,29,0.885,0.029,ssh_bruteforce
6.431554005378681,tcp,http,SF,265,365,5,4,0.955,0.222,63,98,0.902,0.079,normal
0.161,tcp,eco_i,RSTR,64,0,51,3,0.018,0.884,255,10,0.051,0.831,port_scan
0.9762328331963789,tcp,http,SF,1553,280,2,2,0.808,0.239,22,11,0.858,0.133,normal
3.1904021074259727,tcp,https,SF,1576,27713,6,5,0.821,0.007,24,35,0.964,0.169,normal
0.072,tcp,private,REJ,0,0,199,3,0.023,0.959,255,2,0.028,0.771,port_scan
0.31435221801550306,udp,dns,SF,1456,2049,5,4,0.897,0.263,2,67,0.761,0.19,normal
0.44920543976617067,tcp,https,SF,1254,3188,5,6,0.816,0.268,1,34,0.77,0.038,normal
2.8991792254031483,tcp,https,SF,2308,25,5,8,0.944,0.149,34,98,0.901,0.034,normal
6.897627997730259,tcp,https,SF,596,846,7,6,0.813,0.16,84,89,0.728,0.179,normal
4.778997560374803,tcp,smtp,SF,2912,83,10,5,0.735,0.027,26,73,0.874,0.071,normal
0.31234216923979424,tcp,http,SF,930,1079,6,4,0.843,0.09,64,68,0.75,0.123,normal
0.0,tcp,private,S0,0,0,164,473,0.992,0.001,255,22,0.083,0.838,dos_syn_flood
3.154747978901507,tcp,http,SF,1247,2077,4,4,0.862,0.207,13,29,0.67,0.071,normal
0.0,tcp,http,S0,60,0,191,384,0.963,0.035,255,28,0.097,0.821,dos_syn_flood
0.019,tcp,eco_i,REJ,64,0,105,4,0.113,0.94,255,3,0.017,0.904,port_scan
2.06,tcp,ssh,REJ,215,201,31,36,0.969,0.08,244,79,0.758,0.022,ssh_bruteforce
0.6931970365298608,tcp,http,SF,1047,258,7,6,0.968,0.087,73,8,0.769,0.198,normal
5.685670459305728,tcp,https,SF,170,297,2,5,0.857,0.218,24,95,0.779,0.003,normal
1.509375205544723,tcp,http,REJ,3765,7296,8,2,0.786,0.222,28,18,0.834,0.154,normal
0.9110964310236108,tcp,http,SF,449,1080,2,4,0.92,0.261,54,34,0.639,0.18,normal
0.26703828569677535,udp,dns,SF,423,217,5,4,0.957,0.222,53,64,0.851,0.018,normal
0.30632047125125894,tcp,https,SF,469,1344,5,5,0.895,0.25,72,79,0.872,0.13,normal
0.02642219725411355,udp,dns,SF,1069,2684,8,5,0.874,0.085,93,19,0.762,0.2,normal
0.0,tcp,private,S0,60,0,173,240,0.965,0.04,255,21,0.098,0.643,dos_syn_flood
3.0695771327246906,icmp,other,SF,535,569,4,3,0.826,0.186,39,47,0.851,0.019,normal
1.5767283087780934,tcp,https,SF,1355,2677,5,4,0.86,0.011,24,89,0.726,0.098,normal
0.3977413703591641,tcp,ssh,SF,464,743,5,2,0.902,0.214,7,42,0.812,0.077,normal
0.112,icmp,private,RSTR,20,0,164,4,0.09,0.887,255,13,0.064,0.722,port_scan
2.05,tcp,ssh,REJ,364,197,36,57,0.957,0.06,205,50,0.809,0.034,ssh_bruteforce
0.0,tcp,http,S0,44,0,408,229,0.968,0.039,255,35,0.056,0.626,dos_syn_flood
0.0,tcp,http,S0,0,0,341,413,0.979,0.003,255,39,0.18,0.684,dos_syn_flood
0.0,tcp,other,S0,44,0,236,201,0.967,0.05,255,29,0.192,0.791,dos_syn_flood
3.0275857414065266,icmp,other,SF,3581,712,4,6,0.74,0.293,34,13,0.625,0.114,normal
11.139879978637792,tcp,http,SF,4089,2463,6,4,0.864,0.175,82,1,0.96,0.042,normal
0.16,tcp,eco_i,RSTR,40,0,118,1,0.098,0.951,255,7,0.025,0.809,port_scan
0.0,tcp,other,RSTOS0,44,0,164,233,0.996,0.0,255,26,0.16,0.607,dos_syn_flood
0.0,tcp,http,S0,44,0,365,246,0.991,0.031,255,41,0.128,0.636,dos_syn_flood
0.017,tcp,private,RSTR,40,0,168,1,0.024,0.902,255,4,0.079,0.752,port_scan
0.7842449818450707,tcp,http,SF,743,4980,4,5,0.952,0.236,25,24,0.786,0.193,normal
0.108,tcp,other,RSTR,64,0,157,4,0.037,0.97,255,2,0.028,0.822,port_scan
0.0,tcp,other,S0,0,0,419,195,0.992,0.004,255,26,0.193,0.657,dos_syn_flood
3.098307488145053,tcp,http,SF,525,473,5,3,0.957,0.154,52,48,0.988,0.141,normal
1.48,tcp,ssh,SF,321,197,55,78,0.92,0.057,172,78,0.859,0.129,ssh_bruteforce
0.9852202780838306,udp,dns,SF,397,457,2,2,0.993,0.084,42,32,0.986,0.154,normal
0.48248006818402966,tcp,https,SF,4287,160,3,3,0.998,0.119,42,23,0.985,0.166,normal
5.36128421361656,udp,dns,SF,170,810,4,3,0.743,0.046,57,61,0.985,0.006,normal
0.0,tcp,http,S0,44,0,215,334,0.951,0.009,255,36,0.133,0.875,dos_syn_flood
0.18651107773040176,tcp,ssh,SF,3702,8655,5,6,0.84,0.173,4,4,0.928,0.09,normal
0.9930020117375271,tcp,http,SF,534,189,11,5,0.756,0.009,37,5,0.759,0.053,normal
0.057930705351822084,tcp,https,SF,363,2013,6,3,0.747,0.187,78,44,0.618,0.021,normal
2.6015988120325053,icmp,other,SF,1366,1537,10,3,0.922,0.186,36,13,0.858,0.029,normal
5.3188657951303835,tcp,https,SF,544,2253,6,5,0.862,0.234,70,83,0.904,0.108,normal
0.0,tcp,private,S0,0,0,430,242,0.959,0.034,255,24,0.184,0.644,dos_syn_flood
0.28194969861943275,tcp,ssh,SF,3322,2633,4,3,0.832,0.171,92,12,0.91,0.13,normal
9.05393430261589,tcp,https,SF,1954,7712,4,8,0.825,0.224,48,95,0.911,0.177,normal
3.594007883156913,tcp,http,SF,355,645,6,3,0.851,0.024,22,96,0.749,0.182,normal
0.33079944378643666,tcp,https,SF,52,1780,4,3,0.911,0.227,76,52,0.791,0.086,normal
0.0,tcp,private,S0,44,0,283,349,0.984,0.02,255,28,0.15,0.662,dos_syn_flood
0.0,tcp,http,S0,60,0,235,421,0.961,0.044,255,24,0.153,0.802,dos_syn_flood
1.313752948684436,tcp,ftp,SF,1262,7591,4,3,0.952,0.285,21,14,0.793,0.067,normal
0.0,tcp,http,S0,60,0,288,152,0.978,0.038,255,14,0.056,0.773,dos_syn_flood
0.12392828947537966,tcp,http,SF,1108,3385,10,4,0.718,0.181,42,53,0.809,0.045,normal
1.9911713186481412,tcp,https,SF,178,1478,4,5,0.768,0.192,39,48,0.88,0.002,normal
3.4367664922968943,tcp,ssh,SF,282,320,4,6,0.889,0.128,43,73,0.888,0.05,normal
4.32429018153516,tcp,http,SF,1772,439,6,7,0.717,0.29,44,67,0.917,0.061,normal
0.0,tcp,http,S0,60,0,473,206,0.998,0.027,255,46,0.155,0.827,dos_syn_flood
0.0,tcp,http,S0,60,0,478,432,0.996,0.045,255,21,0.168,0.757,dos_syn_flood
0.2804610092238381,tcp,http,SF,530,473,2,1,0.903,0.257,20,78,0.927,0.129,normal
0.137,icmp,eco_i,RSTR,20,0,186,4,0.098,0.894,255,8,0.067,0.981,port_scan
0.0,tcp,other,S0,60,0,243,447,0.992,0.021,255,18,0.097,0.655,dos_syn_flood
0.6326393782742246,tcp,https,SF,4311,54118,9,0,0.756,0.038,95,42,0.869,0.198,normal
0.7506825875940664,tcp,http,SF,118,41894,1,5,0.927,0.233,53,32,0.95,0.141,normal
4.254381077000711,tcp,http,SF,5172,1385,3,4,0.73,0.079,41,83,0.602,0.195,normal
0.0,tcp,private,S0,44,0,475,498,0.98,0.027,255,31,0.126,0.833,dos_syn_flood
0.128,tcp,eco_i,REJ,40,0,169,4,0.116,0.985,255,7,0.065,0.951,port_scan
0.146,tcp,eco_i,REJ,64,0,148,2,0.045,0.938,255,8,0.015,0.835,port_scan
2.141256757121851,udp,dns,SF,528,640,4,6,0.964,0.203,32,75,0.932,0.121,normal
6.946344131372669,udp,dns,SF,6552,7785,6,3,0.916,0.108,22,28,0.808,0.126,normal
0.065,tcp,eco_i,REJ,0,0,102,1,0.074,0.969,255,10,0.026,0.908,port_scan
1.42,tcp,ssh,SF,322,179,55,68,0.963,0.031,149,77,0.871,0.149,ssh_bruteforce
0.194,tcp,other,REJ,40,0,93,4,0.019,0.974,255,11,0.031,0.973,port_scan
1.1,tcp,ssh,REJ,386,236,43,72,0.997,0.03,104,37,0.939,0.021,ssh_bruteforce
2.7828874217376036,tcp,smtp,SF,160,3949,4,3,0.754,0.291,69,28,0.761,0.148,normal
1.622737202339373,tcp,ssh,SF,948,550,3,3,0.899,0.219,20,40,0.886,0.072,normal
4.146025709239141,tcp,http,SF,909,83,4,3,0.735,0.03,86,11,0.691,0.074,normal
0.07485370263437326,tcp,http,SF,1144,1337,2,5,0.951,0.051,63,89,0.8,0.094,normal
1.2682636319319243,udp,dns,SF,1056,12363,1,4,0.959,0.045,70,36,0.997,0.145,normal
0.1324794269839609,tcp,http,SF,686,1538,7,6,0.729,0.054,35,95,0.798,0.154,normal
2.5185930441238,tcp,http,SF,884,221,4,7,0.815,0.265,20,35,0.812,0.138,normal
2.155471677684435,tcp,http,SF,584,624,3,5,0.917,0.105,61,89,0.927,0.198,normal
2.85,tcp,ssh,SF,377,154,54,58,0.988,0.047,147,36,0.73,0.1,ssh_bruteforce
0.059,tcp,eco_i,REJ,0,0,163,2,0.104,0.87,255,8,0.043,0.757,port_scan
0.0,tcp,other,S0,44,0,401,360,0.95,0.01,255,21,0.059,0.737,dos_syn_flood
0.36811603548748484,udp,dns,SF,359,950,4,1,0.851,0.201,94,97,0.898,0.015,normal
2.2,tcp,ftp,REJ,350,222,76,61,0.988,0.021,217,32,0.732,0.099,ssh_bruteforce
2.45,tcp,ssh,SF,339,239,56,67,0.91,0.048,158,39,0.91,0.113,ssh_bruteforce
3.4449255326667823,tcp,https,SF,936,1661,7,3,0.778,0.185,56,94,0.83,0.086,normal
2.605642278081737,tcp,ssh,SF,1015,488,4,3,0.828,0.141,61,31,0.856,0.062,normal
0.0,tcp,http,S0,44,0,271,226,0.959,0.035,255,39,0.094,0.733,dos_syn_flood
0.0,tcp,http,S0,44,0,426,347,0.966,0.023,255,46,0.097,0.874,dos_syn_flood
0.115,tcp,telnet,RSTR,20,0,135,3,0.123,0.858,255,3,0.059,0.899,port_scan
11.555843694342546,udp,dns,SF,779,31339,4,5,0.768,0.237,94,8,0.718,0.113,normal
5.922372235073066,tcp,ftp,SF,1125,384,5,5,0.825,0.091,98,15,0.742,0.19,normal
0.077,tcp,telnet,REJ,64,0,159,2,0.052,0.979,255,11,0.018,0.955,port_scan
0.0,tcp,http,S0,44,0,428,190,0.998,0.036,255,19,0.063,0.878,dos_syn_flood
6.673507171535833,tcp,http,SF,653,4495,4,1,0.764,0.029,3,35,0.974,0.15,normal
0.0,tcp,http,S0,60,0,261,350,0.963,0.032,255,42,0.056,0.897,dos_syn_flood
5.527801285545376,tcp,ssh,SF,228,427,3,5,0.793,0.072,73,22,0.966,0.115,normal
1.8529989826284277,tcp,http,SF,235,7320,4,6,0.867,0.133,89,44,0.685,0.135,normal
0.0,tcp,other,S0,0,0,293,188,0.988,0.041,255,28,0.138,0.608,dos_syn_flood
0.0,tcp,private,S0,44,0,452,383,0.969,0.045,255,11,0.175,0.704,dos_syn_flood
0.5118079772145944,tcp,http,SF,740,1463,4,2,0.796,0.142,1,19,0.784,0.092,normal
1.3134094709219788,udp,dns,SF,828,12287,4,7,0.816,0.139,83,3,0.855,0.076,normal
0.0,tcp,http,S0,44,0,200,444,0.981,0.004,255,16,0.169,0.871,dos_syn_flood
2.3131070115583734,udp,dns,SF,229,5635,2,5,0.898,0.053,40,40,0.744,0.05,normal
1.06,tcp,ftp,REJ,312,184,41,37,0.963,0.008,120,75,0.928,0.085,ssh_bruteforce
0.4658127911301272,tcp,https,SF,250,690,3,5,0.734,0.234,58,37,0.78,0.092,normal
1.8644292679232886,udp,dns,SF,3339,4803,5,2,0.784,0.016,57,2,0.63,0.041,normal
6.073473916139848,tcp,ssh,SF,142,1638,6,1,0.769,0.002,47,82,0.767,0.001,normal
1.1897557942315273,icmp,other,SF,591,206,5,4,0.863,0.262,87,10,0.699,0.048,normal
2.35,tcp,ssh,SF,347,248,53,64,0.943,0.042,198,75,0.903,0.086,ssh_bruteforce
0.5087506968139325,tcp,https,SF,252,1609,11,3,0.856,0.117,97,45,0.734,0.156,normal
0.0,tcp,http,S0,60,0,483,472,0.954,0.039,255,29,0.131,0.898,dos_syn_flood
5.932803377794209,tcp,http,SF,1060,4880,2,5,0.907,0.006,64,90,0.884,0.142,normal
2.71,tcp,ssh,SF,377,156,32,39,0.932,0.014,254,33,0.776,0.12,ssh_bruteforce
2.95,tcp,ssh,SF,355,163,41,51,0.915,0.036,221,31,0.875,0.079,ssh_bruteforce
2.233975101530045,tcp,ssh,SF,420,1820,5,4,0.839,0.266,2,14,0.822,0.081,normal
0.5111031955844548,tcp,https,SF,2287,605,8,1,0.904,0.112,61,68,0.851,0.154,normal
0.0,tcp,http,S0,0,0,359,394,0.958,0.006,255,27,0.066,0.742,dos_syn_flood
2.7896137625053035,tcp,http,SF,156,448,4,4,0.984,0.275,47,79,0.785,0.164,normal
1.2788156030756517,tcp,smtp,SF,1606,8528,7,3,0.737,0.014,73,12,0.705,0.051,normal
2.3985552955746297,tcp,http,SF,907,1820,6,1,0.759,0.146,67,17,0.794,0.067,normal
0.0,tcp,http,S0,60,0,399,347,0.98,0.028,255,23,0.163,0.813,dos_syn_flood
0.158,tcp,telnet,REJ,0,0,76,1,0.132,0.936,255,10,0.011,0.927,port_scan
1.47,tcp,ftp,REJ,291,196,51,52,0.954,0.013,126,62,0.781,0.053,ssh_bruteforce
3.2130210136878468,udp,dns,SF,405,1042,7,3,0.916,0.06,36,46,0.761,0.013,normal
3.795946201479719,tcp,https,SF,677,2612,5,4,0.811,0.213,66,56,0.863,0.033,normal
2.4927985947296376,tcp,https,SF,260,5449,3,4,0.984,0.205,82,78,0.946,0.068,normal
0.4487079239296391,tcp,https,SF,1758,5883,1,5,0.849,0.122,85,85,0.962,0.161,normal
1.61,tcp,ftp,SF,343,211,63,48,0.968,0.03,174,43,0.875,0.033,ssh_bruteforce
2.4238867655252463,udp,dns,SF,319,353,3,2,0.968,0.226,50,84,0.878,0.032,normal
0.0,tcp,http,RSTOS0,0,0,284,464,0.976,0.036,255,27,0.056,0.836,dos_syn_flood
2.64,tcp,ssh,SF,350,242,65,34,0.916,0.067,252,46,0.882,0.109,ssh_bruteforce
2.51,tcp,ftp,SF,395,223,75,47,0.997,0.063,221,38,0.713,0.098,ssh_bruteforce
0.0,tcp,http,S0,44,0,437,408,0.978,0.028,255,29,0.183,0.662,dos_syn_flood
1.6593248987285178,tcp,http,SF,3245,2331,6,6,0.835,0.227,3,43,0.798,0.179,normal
1.1256014673675203,udp,dns,SF,1085,116,6,3,0.783,0.164,18,37,0.688,0.094,normal
1.0839313156986516,tcp,smtp,SF,518,3694,9,6,0.788,0.268,1,97,0.746,0.076,normal
0.136,tcp,eco_i,RSTR,40,0,158,3,0.05,0.856,255,11,0.055,0.771,port_scan
0.0,tcp,other,S0,60,0,428,217,0.98,0.027,255,42,0.193,0.809,dos_syn_flood
0.0,tcp,http,S0,44,0,247,362,0.991,0.018,255,43,0.131,0.617,dos_syn_flood
0.6654672769719682,tcp,ssh,SF,181,558,7,6,0.943,0.226,3,34,0.737,0.037,normal
2.4410524015751904,tcp,ssh,SF,3708,120,5,8,0.829,0.126,5,6,0.848,0.059,normal
0.0,tcp,private,S0,60,0,202,509,1.0,0.03,255,11,0.08,0.682,dos_syn_flood
0.126,tcp,other,REJ,64,0,50,1,0.102,0.85,255,13,0.054,0.795,port_scan
5.136103200068368,tcp,http,SF,620,2341,9,4,0.841,0.263,93,21,0.928,0.114,normal
1.6047392041387498,tcp,http,SF,14044,3762,5,6,0.852,0.012,88,91,0.988,0.045,normal
2.5128230858663168,tcp,https,SF,376,593,5,3,0.785,0.286,82,43,0.833,0.06,normal
0.15058127595845375,tcp,ftp,SF,272,55588,5,4,0.864,0.244,53,93,0.859,0.162,normal
2.00119943884769,tcp,http,SF,254,21137,4,3,0.981,0.004,9,29,0.729,0.094,normal
1.3528534584394465,tcp,ftp,SF,172,2811,9,1,0.768,0.028,23,75,0.795,0.035,normal
5.262179228238652,tcp,https,SF,345,1929,7,4,0.776,0.02,83,43,0.645,0.174,normal
0.7267915177186228,tcp,http,SF,119,8765,3,5,0.983,0.137,70,58,0.674,0.067,normal
6.643101639588486,udp,dns,SF,286,1344,2,4,0.902,0.211,21,40,0.786,0.149,normal
0.0,tcp,http,S0,44,0,330,404,0.961,0.008,255,39,0.105,0.872,dos_syn_flood
0.0,tcp,http,RSTOS0,44,0,459,374,0.963,0.016,255,22,0.189,0.669,dos_syn_flood
2.6618449925672385,tcp,http,SF,182,2580,8,6,0.782,0.239,51,36,0.671,0.072,normal
1.0693801812363344,udp,dns,SF,608,7831,4,6,0.843,0.207,57,79,0.815,0.094,normal
0.877417385897975,tcp,http,SF,270,1032,5,3,0.744,0.097,78,46,0.939,0.002,normal
0.0,tcp,other,S0,60,0,365,183,0.976,0.024,255,14,0.138,0.696,dos_syn_flood
1.989587239079646,tcp,https,SF,4669,1413,5,3,0.972,0.205,78,54,0.836,0.034,normal
0.47201914635411957,icmp,other,SF,384,1651,6,7,0.769,0.209,87,77,0.814,0.083,normal
0.098,tcp,eco_i,REJ,20,0,102,2,0.02,0.948,255,4,0.052,0.831,port_scan
2.982292697939673,tcp,ssh,SF,934,3561,4,4,0.968,0.047,75,78,0.644,0.152,normal
0.011,tcp,other,REJ,64,0,84,3,0.127,0.877,255,7,0.044,0.895,port_scan
1.8498857599567429,tcp,ssh,SF,286,7252,5,2,0.738,0.132,31,31,0.627,0.113,normal
0.0,tcp,private,S0,60,0,461,408,0.954,0.046,255,43,0.11,0.714,dos_syn_flood
0.13571382443285746,tcp,http,SF,383,1473,2,3,0.724,0.219,12,40,0.894,0.026,normal
0.0,tcp,other,RSTOS0,0,0,503,368,0.962,0.014,255,35,0.154,0.607,dos_syn_flood
0.926789970583019,udp,dns,SF,2454,545,3,4,0.896,0.095,25,47,0.608,0.139,normal
1.339979730936295,udp,dns,SF,259,550,1,2,0.987,0.054,76,5,0.724,0.032,normal
7.911586119450581,tcp,ssh,SF,216,450,9,6,0.783,0.197,89,31,0.738,0.179,normal
1.51,tcp,ssh,SF,305,196,76,45,0.976,0.023,192,59,0.881,0.095,ssh_bruteforce
4.092408761838356,tcp,http,SF,569,4314,3,5,0.887,0.067,47,87,0.767,0.032,normal
2.64,tcp,ssh,SF,284,169,87,61,0.92,0.044,226,74,0.848,0.047,ssh_bruteforce
1.9189897689839746,tcp,https,SF,1150,2329,5,6,0.856,0.218,48,53,0.819,0.181,normal
3.2828297530963124,tcp,http,SF,527,1435,4,7,0.832,0.121,39,15,0.922,0.108,normal
0.0,tcp,http,S0,60,0,299,403,0.994,0.049,255,20,0.053,0.669,dos_syn_flood
0.92,tcp,ssh,SF,311,211,79,45,0.958,0.014,106,73,0.72,0.141,ssh_bruteforce
0.5820869047983803,tcp,ftp,SF,463,1199,3,3,0.807,0.299,35,59,0.634,0.138,normal
4.89039959370773,icmp,other,SF,5860,1994,9,6,0.963,0.157,95,94,0.918,0.066,normal
5.198250709744837,udp,dns,SF,260,4354,5,5,0.989,0.0,50,46,0.934,0.118,normal
7.845500282826404,tcp,http,SF,408,2836,7,2,0.808,0.258,74,80,0.751,0.165,normal
2.748258468681681,tcp,ssh,SF,651,2460,4,7,0.855,0.098,11,71,0.693,0.135,normal
1.1963363128009432,tcp,https,SF,3647,1222,8,6,0.74,0.138,72,9,0.698,0.134,normal
0.0,tcp,other,S0,44,0,277,366,0.997,0.035,255,39,0.125,0.831,dos_syn_flood
0.0,tcp,http,S0,0,0,190,159,0.953,0.035,255,35,0.198,0.835,dos_syn_flood
0.18,tcp,private,REJ,40,0,144,4,0.143,0.969,255,5,0.059,0.856,port_scan
1.0423813479584663,udp,dns,SF,2799,11696,10,3,0.861,0.026,9,87,0.756,0.19,normal
1.93,tcp,ssh,SF,378,154,51,79,0.905,0.033,104,21,0.884,0.115,ssh_bruteforce
8.028435118675093,tcp,ssh,SF,544,1564,3,3,0.833,0.27,14,93,0.784,0.074,normal
7.329972204838469,tcp,https,SF,413,1522,7,3,0.906,0.277,15,19,0.978,0.104,normal
0.441409402625058,tcp,https,SF,2513,3876,4,5,0.8,0.017,5,9,0.625,0.034,normal
1.2012653004294804,tcp,http,SF,148,1577,5,4,0.981,0.289,73,63,0.917,0.132,normal
0.0,tcp,http,S0,60,0,169,477,0.957,0.003,255,23,0.138,0.79,dos_syn_flood
0.0,tcp,private,S0,0,0,491,308,0.959,0.032,255,15,0.107,0.712,dos_syn_flood
0.5563239089640869,tcp,http,SF,1171,858,3,1,0.812,0.092,42,97,0.934,0.083,normal
0.0,tcp,other,RSTOS0,0,0,329,232,0.984,0.027,255,19,0.152,0.682,dos_syn_flood
0.94,tcp,ssh,REJ,347,209,36,36,0.921,0.099,184,73,0.781,0.065,ssh_bruteforce
1.8143490774832012,tcp,https,SF,198,8024,4,3,0.866,0.042,25,57,0.747,0.121,normal
2.146067656959372,tcp,ssh,SF,1077,81449,5,5,0.926,0.175,68,78,0.88,0.141,normal
1.18,tcp,ssh,REJ,354,229,52,66,0.961,0.062,220,24,0.872,0.097,ssh_bruteforce
0.0,tcp,http,S0,0,0,185,200,0.99,0.045,255,44,0.114,0.855,dos_syn_flood
0.067,tcp,other,REJ,40,0,141,4,0.106,0.89,255,12,0.063,0.795,port_scan
2.210109530210361,tcp,http,SF,7655,6182,6,4,0.716,0.007,37,30,0.706,0.067,normal
4.159028583378042,tcp,http,REJ,634,1146,2,6,0.948,0.162,41,56,0.655,0.197,normal
4.6626391770027835,udp,dns,SF,116,538,11,5,0.923,0.033,23,32,0.937,0.068,normal
10.170727529498137,tcp,http,SF,1394,8811,5,2,0.965,0.254,65,24,0.674,0.083,normal
0.0,tcp,http,S0,60,0,489,276,0.992,0.028,255,23,0.184,0.849,dos_syn_flood
0.0,tcp,private,S0,44,0,505,208,0.987,0.001,255,32,0.08,0.85,dos_syn_flood
0.082,tcp,eco_i,REJ,64,0,173,3,0.064,0.914,255,5,0.042,0.87,port_scan
2.458738719668566,tcp,http,SF,1843,7972,8,2,0.914,0.001,70,30,0.853,0.088,normal
1.8256605113562117,tcp,ssh,SF,371,1687,3,2,0.874,0.165,60,33,0.772,0.13,normal
1.31,tcp,ssh,REJ,404,190,65,40,0.926,0.074,184,49,0.83,0.022,ssh_bruteforce
0.0,tcp,http,S0,0,0,365,201,0.951,0.039,255,13,0.057,0.839,dos_syn_flood
1.325012530727889,tcp,http,SF,60,885,6,5,0.889,0.252,93,54,0.788,0.199,normal
2.58,tcp,ftp,REJ,334,156,55,35,0.904,0.066,101,60,0.939,0.032,ssh_bruteforce
0.603911693056353,tcp,https,SF,314,8770,6,3,0.732,0.121,56,6,0.924,0.101,normal
0.10611373325451665,udp,dns,SF,1919,931,6,5,0.829,0.037,13,72,0.63,0.179,normal
2.5725477897979814,tcp,http,SF,8611,4811,2,4,0.755,0.106,87,8,0.737,0.115,normal
0.113,tcp,private,RSTR,20,0,137,2,0.065,0.863,255,3,0.072,0.845,port_scan
3.6766777457379045,udp,dns,SF,246,5739,2,6,0.817,0.032,11,43,0.987,0.183,normal
1.060299826988988,udp,dns,SF,1155,1417,6,1,0.942,0.089,69,22,0.995,0.106,normal
1.2249642164321877,tcp,https,SF,16,1493,1,5,0.839,0.22,91,86,0.688,0.122,normal
0.21672518374241376,udp,dns,SF,488,243,6,5,0.992,0.199,22,68,0.712,0.146,normal
0.085,tcp,private,REJ,0,0,98,3,0.081,0.995,255,5,0.057,0.975,port_scan
3.7508044211859115,tcp,http,SF,2896,4451,5,4,0.8,0.084,98,11,0.977,0.083,normal
0.181,tcp,eco_i,RSTR,20,0,108,4,0.044,0.903,255,3,0.051,0.911,port_scan
1.67,tcp,ftp,SF,339,219,48,64,0.911,0.084,173,78,0.946,0.088,ssh_bruteforce
0.003,tcp,other,RSTR,40,0,166,2,0.072,0.923,255,2,0.057,0.776,port_scan
0.9570681900961963,tcp,http,SF,1142,3814,4,3,0.833,0.159,16,11,0.949,0.032,normal
0.2665217806134636,tcp,https,SF,892,845,3,3,0.944,0.284,89,45,0.901,0.075,normal
6.16956683760792,udp,dns,SF,203,253,5,6,0.837,0.002,60,97,0.727,0.105,normal
0.0,tcp,other,S0,60,0,186,349,0.979,0.017,255,32,0.086,0.742,dos_syn_flood
0.1803914985556128,tcp,https,S0,5783,478,0,3,0.82,0.215,8,9,0.699,0.023,normal
3.3173158060308587,tcp,http,S0,1730,3554,6,8,0.977,0.246,61,14,0.869,0.185,normal
2.6593608318152215,tcp,http,SF,7483,4078,5,5,0.961,0.047,21,3,0.611,0.016,normal
3.81888655003559,tcp,https,SF,1396,16048,2,1,0.71,0.256,89,80,0.864,0.07,normal
0.055,tcp,eco_i,REJ,40,0,77,1,0.139,0.965,255,3,0.03,0.981,port_scan
3.390649079072166,tcp,http,SF,706,792,5,6,0.93,0.233,73,50,0.603,0.08,normal
0.0,tcp,private,RSTOS0,0,0,240,412,0.976,0.034,255,19,0.076,0.843,dos_syn_flood
0.0,tcp,http,S0,44,0,246,379,0.998,0.015,255,16,0.184,0.814,dos_syn_flood
1.984536050823882,tcp,http,SF,878,886,4,5,0.856,0.3,92,86,0.986,0.014,normal
1.71,tcp,ssh,REJ,345,192,82,57,0.969,0.019,181,45,0.895,0.071,ssh_bruteforce
0.0,tcp,http,S0,0,0,177,494,0.966,0.001,255,35,0.074,0.739,dos_syn_flood
1.1561159213827195,tcp,https,SF,712,65,5,5,0.959,0.08,38,43,0.773,0.18,normal
7.109819127533998,tcp,http,SF,1666,2201,7,4,0.736,0.28,13,52,0.968,0.021,normal
3.1063068155748508,tcp,http,SF,457,14335,6,4,0.894,0.207,31,13,0.782,0.199,normal
0.7546141436911379,tcp,https,SF,730,1302,4,6,0.941,0.124,94,9,0.877,0.001,normal
0.81,tcp,ssh,SF,342,210,60,48,0.955,0.084,229,48,0.838,0.126,ssh_bruteforce
1.8656167325861608,tcp,http,SF,142,351,6,5,0.914,0.244,9,91,0.688,0.155,normal
0.31628768845696476,tcp,https,SF,342,112,3,3,0.754,0.194,2,87,0.77,0.146,normal
2.568659906076004,tcp,http,SF,631,123,6,2,0.754,0.237,18,34,0.774,0.119,normal
0.048,tcp,eco_i,REJ,64,0,70,1,0.082,0.886,255,8,0.026,0.732,port_scan
0.0,tcp,http,RSTOS0,0,0,194,271,0.96,0.024,255,38,0.156,0.663,dos_syn_flood
6.262329157270504,tcp,http,SF,86,902,7,2,0.839,0.164,72,56,0.629,0.123,normal
0.0,tcp,http,S0,60,0,221,327,0.987,0.029,255,21,0.107,0.669,dos_syn_flood
1.9271188520468145,udp,dns,SF,45,18333,9,2,0.739,0.088,80,72,0.773,0.065,normal
1.6683713572540158,tcp,https,SF,2275,1601,7,11,0.746,0.053,63,68,0.6,0.132,normal
3.57524603420595,tcp,https,SF,4400,16188,5,4,0.839,0.27,36,4,0.637,0.107,normal
3.2840789551558918,udp,dns,SF,215,7636,4,5,0.762,0.25,55,74,0.692,0.074,normal
7.310348361039817,tcp,http,SF,1178,925,6,5,0.707,0.106,43,93,0.732,0.134,normal
0.23050498840861464,tcp,http,SF,249,440,1,3,0.852,0.25,33,26,0.967,0.126,normal
0.0,tcp,http,S0,60,0,510,496,0.996,0.022,255,11,0.066,0.652,dos_syn_flood
15.027354183329415,tcp,http,SF,808,85,6,0,0.979,0.108,29,67,0.75,0.028,normal
5.2794817879560405,tcp,http,SF,2115,426,6,4,0.761,0.114,13,78,0.769,0.005,normal
2.2,tcp,ssh,REJ,311,303,74,41,0.996,0.056,143,79,0.717,0.066,ssh_bruteforce
0.0,tcp,http,S0,60,0,391,294,0.956,0.045,255,45,0.078,0.898,dos_syn_flood
0.5738277512352234,tcp,http,SF,1896,4507,3,5,0.934,0.109,61,57,0.805,0.148,normal
0.13,tcp,private,REJ,64,0,146,1,0.055,0.915,255,2,0.037,0.879,port_scan
0.0,tcp,http,S0,44,0,317,289,0.977,0.047,255,34,0.132,0.729,dos_syn_flood
0.66,tcp,ssh,REJ,378,222,55,44,0.962,0.033,216,70,0.809,0.089,ssh_bruteforce
0.0,tcp,http,S0,44,0,269,313,0.957,0.044,255,42,0.073,0.7,dos_syn_flood
1.0226664912604724,icmp,other,SF,2986,6248,2,10,0.803,0.28,23,12,0.776,0.121,normal
0.008,icmp,other,RSTR,20,0,69,4,0.052,0.874,255,1,0.059,0.984,port_scan
0.0,tcp,http,S0,60,0,273,321,0.966,0.038,255,25,0.184,0.65,dos_syn_flood
1.001755658905875,tcp,https,SF,2272,1802,5,4,0.819,0.273,2,30,0.917,0.186,normal
0.0,tcp,http,S0,44,0,275,197,0.965,0.044,255,22,0.176,0.838,dos_syn_flood
0.0,tcp,http,S0,44,0,447,221,0.971,0.005,255,27,0.053,0.755,dos_syn_flood
0.0,tcp,other,S0,0,0,204,341,0.987,0.049,255,18,0.099,0.793,dos_syn_flood
6.067056783616264,udp,dns,SF,3484,4184,8,5,0.971,0.03,78,80,0.916,0.071,normal
0.0,tcp,http,S0,44,0,220,211,0.951,0.047,255,34,0.068,0.721,dos_syn_flood
0.01,tcp,eco_i,REJ,0,0,88,1,0.04,0.923,255,11,0.071,0.842,port_scan
0.15655055667386114,tcp,http,SF,718,3826,8,4,0.755,0.287,19,49,0.721,0.185,normal
2.58,tcp,ftp,REJ,373,212,86,57,0.947,0.04,209,42,0.75,0.085,ssh_bruteforce
1.2233171331174693,tcp,http,SF,415,9517,4,7,0.734,0.179,51,69,0.731,0.081,normal
2.459874550236902,tcp,http,SF,2724,1331,6,2,0.845,0.153,37,15,0.67,0.006,normal
0.09934251653054452,tcp,http,SF,2991,923,6,7,0.998,0.257,29,21,0.814,0.172,normal
0.0,tcp,http,S0,0,0,478,483,0.98,0.031,255,29,0.106,0.609,dos_syn_flood
0.039,icmp,private,REJ,64,0,129,1,0.1,0.9,255,10,0.054,0.937,port_scan
0.6575201530099777,udp,dns,SF,332,672,13,5,0.902,0.147,57,50,0.846,0.145,normal
3.192143890354091,udp,dns,SF,717,9703,5,2,0.958,0.026,9,93,0.958,0.166,normal
4.215587383102068,tcp,http,SF,503,485,4,4,0.711,0.288,56,60,0.675,0.073,normal
5.316402037720692,tcp,http,SF,1931,45,4,2,0.829,0.224,7,86,0.694,0.14,normal
0.0,tcp,other,S0,44,0,331,298,0.957,0.005,255,44,0.066,0.736,dos_syn_flood
0.008321055853318094,tcp,smtp,SF,704,1068,10,4,0.827,0.225,75,27,0.79,0.131,normal
0.0,tcp,private,S0,44,0,327,416,0.992,0.025,255,48,0.157,0.846,dos_syn_flood
0.053,tcp,private,REJ,0,0,116,2,0.053,0.933,255,7,0.015,0.989,port_scan
0.158,icmp,private,RSTR,64,0,84,2,0.013,0.998,255,14,0.032,0.813,port_scan
0.44592371649861745,tcp,http,SF,357,794,3,4,0.719,0.021,87,16,0.826,0.176,normal
2.62,tcp,ssh,REJ,378,252,43,42,0.93,0.019,184,54,0.92,0.027,ssh_bruteforce
0.5082820128602301,icmp,other,SF,144,457,4,2,0.887,0.167,67,2,0.942,0.124,normal
2.701635575100949,tcp,https,SF,11823,3522,3,5,0.831,0.155,85,66,0.862,0.037,normal
5.575928250451926,tcp,http,SF,104,134742,5,4,0.905,0.135,10,61,0.749,0.164,normal
0.186,tcp,private,REJ,20,0,76,2,0.11,0.906,255,7,0.053,0.763,port_scan
0.0,tcp,other,S0,60,0,450,398,0.962,0.036,255,43,0.12,0.626,dos_syn_flood
0.0,tcp,http,S0,44,0,427,161,0.997,0.042,255,25,0.081,0.781,dos_syn_flood
0.56,tcp,ssh,REJ,348,247,42,25,0.939,0.038,135,29,0.899,0.021,ssh_bruteforce
3.7346516207721194,tcp,https,SF,525,4432,7,7,0.748,0.153,59,63,0.85,0.16,normal
9.415443343736737,udp,dns,SF,617,47716,12,3,0.845,0.292,4,59,0.95,0.02,normal
6.245055383190988,tcp,https,SF,247,1443,4,5,0.808,0.272,24,80,0.823,0.051,normal
0.043,tcp,private,REJ,40,0,190,2,0.054,0.862,255,5,0.039,0.704,port_scan
2.188543931065059,tcp,ssh,SF,250,1531,4,2,0.894,0.285,81,87,0.767,0.115,normal
0.1658716921976147,tcp,http,SF,5599,2868,9,2,0.908,0.275,32,57,0.619,0.012,normal
1.6982471443072635,tcp,http,SF,530,1524,8,3,0.873,0.092,50,95,0.928,0.104,normal
4.604174612585771,tcp,https,SF,1079,1743,5,4,0.893,0.208,25,47,0.722,0.043,normal
0.05,tcp,eco_i,S0,64,0,163,2,0.117,0.991,255,7,0.012,0.974,port_scan
0.0,tcp,http,RSTOS0,0,0,279,175,0.971,0.019,255,42,0.163,0.639,dos_syn_flood
1.1638356467468818,tcp,https,SF,1672,1096,6,5,0.8,0.26,97,54,0.944,0.007,normal
1.67,tcp,ftp,REJ,290,219,67,52,1.0,0.1,244,24,0.924,0.147,ssh_bruteforce
6.931477250893653,tcp,http,SF,1124,922,4,7,0.783,0.131,7,88,0.875,0.009,normal
0.103,tcp,private,REJ,64,0,66,4,0.138,0.874,255,1,0.072,0.93,port_scan
2.48,tcp,ssh,SF,336,240,81,36,0.943,0.07,155,79,0.776,0.034,ssh_bruteforce
9.902049171162917,tcp,http,SF,1187,3162,0,4,0.744,0.046,73,97,0.886,0.006,normal
2.1487112778721826,tcp,http,SF,712,13055,4,3,0.795,0.09,95,15,0.661,0.171,normal
0.40438354317760467,tcp,http,SF,1076,1163,5,3,0.732,0.289,10,26,0.77,0.158,normal
1.1636791844909908,tcp,https,SF,287,32,5,2,0.766,0.236,67,3,0.644,0.19,normal
3.69327281011099,tcp,http,SF,3036,1513,3,3,0.815,0.229,77,94,0.742,0.135,normal
0.11914850250790279,tcp,https,SF,88,644,6,7,0.944,0.09,21,18,0.885,0.116,normal
0.6301575447604133,udp,dns,SF,482,487,5,4,0.946,0.138,20,87,0.752,0.045,normal
0.0,tcp,other,S0,60,0,179,321,0.959,0.007,255,25,0.107,0.638,dos_syn_flood
0.71,tcp,ssh,REJ,329,215,44,55,0.987,0.006,131,25,0.735,0.112,ssh_bruteforce
2.7346398451350966,tcp,http,SF,400,8447,8,1,0.83,0.248,9,91,0.87,0.186,normal
0.0,tcp,http,S0,44,0,357,363,0.993,0.009,255,13,0.087,0.779,dos_syn_flood
0.5519555868932307,tcp,https,SF,4602,2277,4,6,0.923,0.007,87,16,0.684,0.139,normal
2.3365611182714936,tcp,http,SF,2527,1625,7,1,0.702,0.072,21,94,0.842,0.15,normal
1.115476819793733,tcp,http,SF,273,6357,6,8,0.926,0.261,96,6,0.616,0.009,normal
7.161111831086994,tcp,https,SF,157,3268,10,4,0.85,0.161,66,60,0.654,0.13,normal
1.01,tcp,ssh,SF,387,205,52,66,0.974,0.002,239,56,0.934,0.117,ssh_bruteforce
0.2181272593905238,tcp,http,SF,1841,17306,5,5,0.72,0.282,56,39,0.631,0.087,normal
0.2469118434359418,tcp,https,SF,1081,4028,6,1,0.962,0.017,93,89,0.751,0.041,normal
3.970394975830725,tcp,https,SF,17656,172,3,3,0.977,0.079,55,12,0.619,0.131,normal
0.0,tcp,http,RSTOS0,44,0,304,401,0.97,0.038,255,49,0.166,0.844,dos_syn_flood
4.418034252743029,tcp,http,SF,519,627,2,4,0.912,0.205,15,98,0.736,0.066,normal
0.0,tcp,http,S0,60,0,444,196,0.964,0.026,255,46,0.126,0.686,dos_syn_flood
2.08,tcp,ssh,REJ,332,270,36,32,0.903,0.016,115,28,0.912,0.027,ssh_bruteforce
0.7684708525227475,tcp,http,SF,2329,4047,5,1,0.778,0.01,21,96,0.697,0.111,normal
1.8150006881628287,tcp,https,SF,223,3894,8,5,0.784,0.206,84,69,0.865,0.18,normal
2.299234904443104,tcp,smtp,SF,292,1985,8,4,0.852,0.052,39,21,0.979,0.125,normal
0.16701946407040996,icmp,other,SF,1572,7216,3,2,0.989,0.216,69,72,0.643,0.105,normal
1.6754019236688258,udp,dns,SF,345,3435,6,5,0.924,0.067,23,29,0.765,0.119,normal
1.1826774809397784,tcp,ssh,SF,123,26,7,0,0.717,0.068,60,57,0.901,0.131,normal
1.3257168040543532,tcp,ssh,SF,354,1866,5,5,0.841,0.132,66,39,0.815,0.05,normal
2.9193886152945274,tcp,https,SF,1283,1602,4,3,0.842,0.063,73,27,0.764,0.07,normal
0.6454384782961926,tcp,ftp,SF,32,1305,8,3,0.762,0.1,90,10,0.676,0.147,normal
0.0,tcp,private,S0,60,0,294,189,0.996,0.037,255,30,0.155,0.602,dos_syn_flood
0.0,tcp,private,S0,44,0,402,354,0.964,0.015,255,38,0.151,0.639,dos_syn_flood
2.620041085933434,udp,dns,SF,846,302,2,5,0.735,0.296,1,9,0.781,0.199,normal
0.0,tcp,http,S0,60,0,429,215,0.97,0.039,255,39,0.061,0.678,dos_syn_flood
0.0,tcp,http,S0,0,0,458,317,0.971,0.046,255,13,0.12,0.659,dos_syn_flood
0.7714015128676646,tcp,smtp,SF,916,3709,11,1,0.851,0.176,77,95,0.886,0.131,normal
0.41962936811410734,tcp,https,SF,1203,24,3,5,0.943,0.285,7,63,0.844,0.188,normal
1.12,tcp,ssh,SF,398,234,59,63,0.935,0.057,162,79,0.708,0.087,ssh_bruteforce
0.0,tcp,http,S0,60,0,462,174,0.991,0.043,255,31,0.055,0.828,dos_syn_flood
0.0,tcp,http,S0,0,0,334,228,0.953,0.049,255,33,0.135,0.849,dos_syn_flood
6.819168649901405,tcp,https,SF,1526,193,6,10,0.958,0.171,90,65,0.909,0.041,normal
3.04882190969992,tcp,https,SF,2013,904,7,1,0.716,0.016,25,21,0.671,0.172,normal
0.10717500022461496,tcp,https,SF,264,1221,3,3,0.964,0.168,59,31,0.838,0.016,normal
1.52,tcp,ssh,REJ,332,214,44,49,0.905,0.083,134,41,0.898,0.067,ssh_bruteforce
2.39,tcp,ssh,REJ,346,223,83,32,0.901,0.06,132,48,0.805,0.048,ssh_bruteforce
2.4712449227767825,tcp,ftp,SF,113,4696,2,4,0.709,0.035,81,59,0.902,0.121,normal
0.9482171158097842,tcp,http,SF,144,1718,3,3,0.983,0.055,3,29,0.887,0.134,normal
0.034,tcp,eco_i,REJ,40,0,101,3,0.102,0.942,255,6,0.064,0.947,port_scan
6.966742769565939,tcp,http,SF,274,5221,5,5,0.958,0.121,50,15,0.627,0.194,normal
0.135,tcp,private,RSTR,64,0,110,3,0.148,0.939,255,13,0.059,0.968,port_scan
2.31,tcp,ssh,REJ,385,209,40,54,0.96,0.07,159,42,0.832,0.072,ssh_bruteforce
7.129031068782675,tcp,https,SF,527,5842,2,3,0.976,0.271,59,70,0.932,0.016,normal
0.0,tcp,http,S0,44,0,227,498,0.967,0.049,255,17,0.163,0.612,dos_syn_flood
3.2632498490905943,tcp,smtp,SF,11741,56259,6,5,0.728,0.065,92,74,0.773,0.086,normal
0.708860358389744,udp,dns,SF,622,999,8,6,0.838,0.248,57,50,0.611,0.121,normal
0.099,tcp,eco_i,REJ,64,0,81,2,0.056,0.942,255,14,0.065,0.944,port_scan
1.91,tcp,ssh,REJ,377,233,77,39,1.0,0.026,198,73,0.891,0.05,ssh_bruteforce
3.430179356787186,tcp,http,SF,231,1606,7,2,0.724,0.09,35,5,0.87,0.079,normal
0.0,tcp,http,S0,60,0,506,196,0.963,0.003,255,41,0.119,0.886,dos_syn_flood
0.143,tcp,private,REJ,40,0,130,2,0.012,0.929,255,9,0.06,0.926,port_scan
0.21672269330281796,tcp,smtp,SF,145,2614,6,5,0.972,0.112,42,99,0.748,0.174,normal
2.04,tcp,ssh,REJ,354,206,44,44,0.991,0.071,198,29,0.913,0.066,ssh_bruteforce
0.1,icmp,private,REJ,20,0,110,3,0.089,0.92,255,9,0.036,0.973,port_scan
0.20202703219808443,tcp,http,SF,1330,6837,6,5,0.859,0.078,62,1,0.731,0.026,normal
4.120454593978681,tcp,ssh,SF,75,423,6,4,0.74,0.165,23,84,0.791,0.163,normal
0.0,tcp,http,RSTOS0,44,0,193,395,0.97,0.028,255,13,0.097,0.642,dos_syn_flood
0.5663328472709267,tcp,http,SF,822,2779,3,2,0.817,0.031,46,97,0.969,0.096,normal
0.0,tcp,http,S0,0,0,265,258,0.98,0.041,255,42,0.154,0.708,dos_syn_flood
0.0,tcp,other,S0,0,0,286,344,0.954,0.012,255,48,0.07,0.637,dos_syn_flood
0.8381309560094563,udp,dns,SF,2129,600,5,5,0.762,0.238,32,57,0.624,0.154,normal
3.3792065553620305,tcp,http,SF,376,1636,6,0,0.763,0.24,87,5,0.78,0.136,normal
0.8913984890616853,tcp,https,SF,2080,23527,3,2,0.999,0.257,21,69,0.701,0.044,normal
1.24,tcp,ssh,SF,246,241,66,28,0.984,0.005,234,72,0.754,0.138,ssh_bruteforce
0.0,tcp,private,S0,44,0,232,183,0.96,0.025,255,18,0.186,0.863,dos_syn_flood
0.057,tcp,private,RSTR,0,0,88,3,0.061,0.89,255,7,0.018,0.739,port_scan
0.59,tcp,ssh,SF,369,188,34,52,0.992,0.078,222,26,0.781,0.036,ssh_bruteforce
2.29,tcp,ftp,SF,328,186,89,54,0.918,0.05,178,31,0.778,0.051,ssh_bruteforce
0.3058320523618371,tcp,http,SF,514,7630,4,7,0.82,0.101,1,53,0.87,0.008,normal
1.76,tcp,ssh,SF,316,179,37,66,0.947,0.066,214,71,0.709,0.102,ssh_bruteforce
2.097677922242741,udp,dns,SF,1839,12424,7,4,0.933,0.063,97,17,0.646,0.023,normal
10.227289395894596,udp,dns,SF,1656,1262,4,4,0.889,0.124,21,34,0.898,0.045,normal
6.165533322581048,tcp,https,SF,1880,1959,3,6,0.872,0.027,18,14,0.994,0.055,normal
0.02,tcp,private,REJ,40,0,58,3,0.049,0.875,255,2,0.07,0.867,port_scan
1.85,tcp,ssh,REJ,286,143,76,60,0.981,0.071,107,53,0.932,0.045,ssh_bruteforce
0.3396234702883567,udp,dns,SF,969,31158,3,4,0.82,0.095,98,10,0.625,0.129,normal
2.105530806368454,tcp,http,SF,406,256,8,2,0.729,0.081,43,19,0.983,0.193,normal
1.8,tcp,ssh,REJ,391,205,76,26,0.922,0.037,101,56,0.95,0.122,ssh_bruteforce
2.3304527586415675,tcp,https,SF,5445,4521,4,5,0.816,0.084,80,44,0.648,0.113,normal
0.0,tcp,http,S0,44,0,478,340,0.96,0.023,255,18,0.19,0.761,dos_syn_flood
0.0,tcp,http,S0,44,0,161,183,0.959,0.039,255,44,0.059,0.73,dos_syn_flood
0.0,tcp,http,S0,0,0,325,298,0.976,0.046,255,25,0.172,0.692,dos_syn_flood
0.025844366960196128,icmp,other,SF,2185,8583,4,5,0.812,0.279,27,9,0.696,0.142,normal
0.642850970946064,tcp,https,SF,610,3805,0,3,0.787,0.278,44,44,0.733,0.124,normal
6.9424778643107645,tcp,http,SF,1005,11314,1,3,0.939,0.007,41,10,0.707,0.032,normal
2.6918198153075883,tcp,https,SF,1524,745,5,10,0.791,0.096,12,64,0.668,0.099,normal
2.7036184356516046,udp,dns,SF,1493,156,7,4,0.858,0.112,55,84,0.729,0.024,normal
3.2272701163073165,tcp,https,SF,74,55,1,0,0.977,0.088,17,17,0.636,0.009,normal
1.4923927950434446,udp,dns,SF,6566,17228,3,2,0.952,0.201,58,63,0.626,0.001,normal
11.650602515934683,tcp,https,SF,1967,625,3,2,0.775,0.151,52,91,0.602,0.108,normal
0.7127517212122134,tcp,http,SF,1743,777,7,5,0.898,0.115,65,9,0.968,0.133,normal
1.5383942025994544,tcp,http,SF,2844,8319,4,2,0.96,0.153,63,76,0.822,0.063,normal
0.01620064258793682,tcp,smtp,SF,1262,1633,5,2,0.76,0.006,39,95,0.896,0.039,normal
2.087817927008115,tcp,http,SF,2436,252,1,3,0.951,0.186,99,3,0.85,0.173,normal
4.700240215461582,udp,dns,SF,2677,867,1,5,0.959,0.172,3,4,0.838,0.117,normal
1.56,tcp,ftp,REJ,382,199,86,60,0.944,0.014,126,69,0.853,0.042,ssh_bruteforce
5.7374701058542685,tcp,http,SF,214,1645,2,7,0.818,0.281,92,3,0.848,0.063,normal
0.36559659071646466,tcp,https,SF,3135,1622,10,11,0.806,0.115,36,8,0.916,0.197,normal
1.22535847945987,udp,dns,SF,137,365,7,3,0.911,0.005,78,4,0.918,0.041,normal
1.9720682595991332,udp,dns,SF,3889,8003,6,11,0.885,0.101,53,68,0.908,0.194,normal
4.070356960058745,tcp,http,SF,476,10422,6,5,0.782,0.134,11,71,0.846,0.003,normal
1.9994649609103075,tcp,http,SF,270,136879,3,4,0.858,0.152,62,97,0.817,0.181,normal
2.71,tcp,ssh,REJ,323,278,42,72,0.906,0.07,138,23,0.796,0.048,ssh_bruteforce
0.0,tcp,http,S0,60,0,244,398,0.975,0.044,255,26,0.144,0.869,dos_syn_flood
8.119862171207485,tcp,https,SF,643,1181,4,2,0.745,0.293,11,40,0.985,0.039,normal
0.4191618819266995,tcp,http,SF,18779,161,2,3,0.776,0.204,17,9,0.838,0.094,normal
4.5187648090540735,udp,dns,SF,449,2894,6,7,0.726,0.198,12,2,0.878,0.189,normal
0.1915251887132175,udp,dns,SF,81,2902,7,3,0.91,0.122,42,42,0.881,0.055,normal
7.143814090521788,tcp,smtp,SF,880,204,10,6,0.87,0.252,81,30,0.991,0.066,normal
0.9186276184351394,udp,dns,SF,1052,11988,7,5,0.817,0.212,75,38,0.999,0.151,normal
6.004457812785589,tcp,http,SF,434,257,3,3,0.798,0.188,30,25,0.964,0.127,normal
1.73,tcp,ssh,REJ,348,209,79,64,0.919,0.089,155,74,0.949,0.063,ssh_bruteforce
3.3659022939705934,tcp,http,SF,271,346,4,4,0.753,0.013,82,38,0.764,0.055,normal
0.0,tcp,http,S0,44,0,155,253,0.96,0.013,255,17,0.099,0.661,dos_syn_flood
7.2596956543316775,tcp,https,SF,117,4709,8,3,0.74,0.196,82,74,0.78,0.084,normal
14.481056735090165,tcp,https,SF,206,8190,4,3,0.902,0.072,73,52,0.805,0.136,normal
1.6548598355305078,tcp,https,SF,10229,1028,3,4,0.833,0.225,92,39,0.608,0.084,normal
0.0,tcp,http,S0,44,0,181,457,0.981,0.007,255,41,0.092,0.715,dos_syn_flood
0.0,tcp,private,S0,60,0,151,469,0.986,0.039,255,19,0.051,0.882,dos_syn_flood
1.9633204624806653,tcp,http,S0,2000,108124,5,3,0.794,0.176,39,82,0.77,0.11,normal
0.0,tcp,http,S0,60,0,182,427,0.994,0.049,255,30,0.058,0.817,dos_syn_flood
2.035778127022269,tcp,ftp,SF,751,208,4,7,0.872,0.039,91,89,0.769,0.144,normal
1.4563247260538885,icmp,other,SF,572,1637,8,3,0.792,0.001,21,92,0.772,0.039,normal
0.9382189122185678,tcp,http,SF,2286,7594,4,3,0.756,0.108,81,50,0.905,0.112,normal
0.0,tcp,http,S0,0,0,247,324,0.975,0.01,255,21,0.107,0.771,dos_syn_flood
0.7277272989094207,tcp,http,SF,555,45306,2,7,0.767,0.078,25,94,0.79,0.111,normal
0.3547383907095302,udp,dns,SF,714,3045,4,2,0.839,0.01,64,25,0.655,0.197,normal
0.0,tcp,http,S0,60,0,472,237,0.963,0.012,255,30,0.159,0.865,dos_syn_flood
0.15372472190507147,tcp,http,SF,294,1332,7,5,0.843,0.225,68,83,0.833,0.157,normal
3.8345019114376493,tcp,http,SF,1537,2799,5,3,0.73,0.172,26,53,0.664,0.017,normal
0.0,tcp,http,S0,0,0,421,171,0.955,0.0,255,42,0.09,0.799,dos_syn_flood
0.173,tcp,telnet,RSTR,64,0,196,2,0.126,0.968,255,2,0.035,0.871,port_scan
0.9101781827338795,tcp,http,SF,679,1912,3,2,0.854,0.003,66,80,0.769,0.102,normal
0.08822017135507415,tcp,https,SF,4364,498,6,6,0.747,0.221,37,22,0.869,0.054,normal
0.05,tcp,eco_i,REJ,0,0,104,2,0.132,0.967,255,11,0.047,0.851,port_scan
1.7092653168205922,tcp,http,SF,208,2351,4,5,0.9,0.157,87,63,0.608,0.078,normal
0.6627608736286644,tcp,http,SF,69,9884,4,6,0.936,0.23,55,34,0.66,0.188,normal
0.056,tcp,private,REJ,40,0,159,2,0.023,0.891,255,3,0.056,0.987,port_scan
1.1642606064629668,tcp,http,SF,607,144,3,2,0.951,0.154,86,78,0.825,0.034,normal
0.0,tcp,http,S0,60,0,207,380,0.97,0.034,255,34,0.198,0.899,dos_syn_flood
1.19,tcp,ssh,REJ,250,139,61,45,0.988,0.098,221,44,0.919,0.146,ssh_bruteforce
3.7014889323186,tcp,http,SF,2771,4919,7,7,0.817,0.222,3,32,0.732,0.119,normal
1.2175794784169351,tcp,http,SF,789,2540,4,4,0.877,0.216,10,56,0.796,0.015,normal
6.504026439492646,tcp,https,SF,267,171,6,3,0.894,0.024,34,60,0.869,0.001,normal
0.5677344115778045,tcp,smtp,SF,997,3092,3,1,0.706,0.14,88,18,0.876,0.113,normal
0.0,tcp,private,S0,60,0,273,150,0.993,0.036,255,39,0.078,0.735,dos_syn_flood
0.3573961463773611,tcp,https,SF,221,2951,9,4,0.738,0.289,26,23,0.834,0.108,normal
4.5620692858615834,tcp,http,SF,308,6103,5,2,0.783,0.229,17,80,0.806,0.068,normal
0.0,tcp,http,S0,60,0,160,263,0.984,0.005,255,14,0.124,0.756,dos_syn_flood
1.5607422109455096,tcp,http,SF,1154,4202,4,3,0.893,0.231,65,66,0.995,0.098,normal
0.1140317874572114,icmp,other,SF,1583,2138,3,2,0.905,0.151,32,26,0.794,0.03,normal
0.6304863881756401,udp,dns,SF,65,7658,10,3,0.812,0.261,12,63,0.658,0.12,normal
0.038,tcp,private,REJ,20,0,169,2,0.011,0.962,255,1,0.045,0.821,port_scan
4.295479310261419,udp,dns,SF,1153,3223,3,3,0.938,0.018,79,73,0.74,0.006,normal
0.0,tcp,http,S0,60,0,493,436,0.997,0.007,255,33,0.148,0.675,dos_syn_flood
5.589424598217793,udp,dns,SF,1355,21,3,4,0.808,0.241,24,35,0.684,0.191,normal
7.105293918501905,udp,dns,SF,442,4577,4,5,0.759,0.185,99,14,0.976,0.127,normal
1.9713402813844525,tcp,http,SF,860,211,5,4,0.833,0.085,74,17,0.678,0.033,normal
1.1195073994635378,tcp,http,SF,129,44582,4,7,0.929,0.03,88,85,0.703,0.057,normal
2.100553085806408,icmp,other,SF,1225,3209,6,2,0.828,0.071,37,55,0.795,0.082,normal
0.0,tcp,other,S0,0,0,419,262,0.95,0.021,255,26,0.178,0.615,dos_syn_flood
0.531730703366614,tcp,https,SF,1964,11398,7,7,0.856,0.159,74,69,0.798,0.068,normal
1.4715177275914735,tcp,ftp,SF,556,271,4,1,0.957,0.062,37,91,0.66,0.053,normal
0.043,tcp,other,REJ,20,0,62,1,0.065,0.978,255,11,0.044,0.749,port_scan
2.216136303353686,tcp,smtp,SF,2432,1819,6,4,0.83,0.294,5,27,0.616,0.117,normal
0.128,tcp,private,REJ,40,0,147,4,0.109,0.905,255,3,0.071,0.766,port_scan
1.9146912191227172,udp,dns,SF,1101,12803,7,2,0.809,0.183,72,22,0.97,0.016,normal
0.0,tcp,private,S0,44,0,305,411,0.976,0.039,255,13,0.156,0.684,dos_syn_flood
0.8234851852656566,tcp,https,REJ,687,590,9,6,0.985,0.061,64,18,0.867,0.11,normal
0.8418325447534468,tcp,smtp,SF,209,3841,3,2,0.997,0.012,26,8,0.82,0.193,normal
1.5891983236639196,tcp,http,S0,279,3780,4,6,0.942,0.292,57,8,0.971,0.059,normal
0.19515696325785836,tcp,http,SF,548,3987,12,3,0.833,0.171,89,95,0.936,0.131,normal
0.0,tcp,http,S0,0,0,342,174,0.959,0.013,255,22,0.138,0.668,dos_syn_flood
0.129,tcp,private,REJ,40,0,61,3,0.012,0.957,255,10,0.065,0.958,port_scan
2.48,tcp,ftp,SF,368,272,45,48,0.905,0.022,195,72,0.767,0.078,ssh_bruteforce
6.948803781555534,tcp,http,SF,7722,170,6,6,0.789,0.14,62,56,0.999,0.037,normal
4.595575724440188,udp,dns,SF,1685,935,2,7,0.967,0.267,78,58,0.829,0.101,normal
0.135,tcp,eco_i,REJ,40,0,54,4,0.014,0.873,255,13,0.019,0.973,port_scan
0.9948910860616267,tcp,ssh,SF,1049,4258,3,6,0.857,0.01,8,65,0.954,0.072,normal
1.042853122659784,udp,dns,SF,1273,1072,8,5,0.909,0.288,16,25,0.725,0.117,normal
2.16856567238521,tcp,http,REJ,116,3034,5,2,0.878,0.286,50,15,0.634,0.108,normal
0.112,tcp,private,REJ,20,0,131,2,0.071,0.917,255,10,0.055,0.91,port_scan
0.0,tcp,http,S0,0,0,507,360,0.962,0.043,255,44,0.149,0.771,dos_syn_flood
0.7923906352781406,tcp,http,SF,1192,2033,3,0,0.939,0.147,16,82,0.743,0.157,normal
4.428615458254725,tcp,ssh,SF,572,381,9,4,0.797,0.071,17,54,0.886,0.111,normal
5.347662134127104,tcp,http,SF,1146,578,6,4,0.796,0.291,76,15,0.948,0.084,normal
0.0,tcp,http,S0,0,0,256,321,0.977,0.002,255,48,0.199,0.668,dos_syn_flood
2.81,tcp,ssh,REJ,378,210,33,78,0.92,0.008,110,21,0.918,0.041,ssh_bruteforce
0.1876615843311394,udp,dns,SF,689,4504,4,1,0.821,0.089,34,39,0.761,0.059,normal
7.556309091685115,tcp,http,SF,1002,1168,9,7,0.81,0.152,25,94,0.952,0.146,normal
2.9043225185257207,tcp,http,REJ,153,18503,8,3,0.877,0.245,35,84,0.629,0.147,normal
0.0,tcp,http,S0,60,0,375,316,0.965,0.002,255,37,0.073,0.708,dos_syn_flood
0.06012411115547131,tcp,ftp,SF,39,2585,4,2,0.915,0.094,55,85,0.831,0.043,normal
0.0,tcp,http,S0,60,0,416,212,0.962,0.042,255,13,0.13,0.808,dos_syn_flood
1.03,tcp,ssh,REJ,446,216,89,38,0.908,0.01,174,69,0.837,0.094,ssh_bruteforce
0.5995520117184955,tcp,http,SF,339,1573,7,2,0.798,0.249,91,98,0.698,0.135,normal
0.0,tcp,private,S0,0,0,438,246,0.985,0.026,255,46,0.17,0.763,dos_syn_flood
0.0,tcp,http,S0,44,0,487,248,0.975,0.048,255,15,0.144,0.863,dos_syn_flood
0.0,tcp,http,S0,0,0,349,486,0.991,0.008,255,24,0.109,0.699,dos_syn_flood
0.139,tcp,eco_i,REJ,64,0,180,1,0.099,0.887,255,5,0.079,0.955,port_scan
4.286535618363116,tcp,http,SF,1901,13540,3,4,0.974,0.282,51,13,0.635,0.098,normal
1.8931207571892679,tcp,smtp,SF,3230,10,3,6,0.871,0.061,58,53,0.765,0.181,normal
3.364525164150354,tcp,smtp,SF,1270,1036,5,6,0.714,0.012,22,7,0.702,0.138,normal
0.016,tcp,eco_i,REJ,20,0,164,3,0.045,0.968,255,2,0.016,0.909,port_scan
1.16,tcp,ssh,REJ,366,281,60,47,0.932,0.099,254,30,0.797,0.043,ssh_bruteforce
1.14,tcp,ftp,SF,476,188,49,38,0.948,0.0,130,48,0.821,0.134,ssh_bruteforce
0.167,tcp,eco_i,REJ,64,0,69,3,0.04,0.916,255,12,0.056,0.894,port_scan
0.0,tcp,http,S0,44,0,440,168,0.973,0.044,255,13,0.093,0.717,dos_syn_flood
0.5876658721340149,tcp,http,SF,146,984,3,1,0.78,0.057,37,79,0.782,0.065,normal
0.11043730948098326,tcp,ssh,SF,2903,2397,5,1,0.823,0.253,87,85,0.779,0.053,normal
0.0,tcp,http,S0,0,0,358,189,0.987,0.03,255,48,0.194,0.639,dos_syn_flood
0.107,tcp,eco_i,RSTR,40,0,148,4,0.02,0.953,255,10,0.026,0.822,port_scan
2.150430617148296,tcp,http,SF,350,140,8,11,0.838,0.256,3,75,0.734,0.009,normal
3.4029649202087917,tcp,ftp,SF,597,31650,4,0,0.798,0.045,97,53,0.67,0.079,normal
0.19447908292832053,tcp,http,SF,30,534,3,6,0.71,0.182,74,93,0.68,0.053,normal
0.0,tcp,other,RSTOS0,60,0,293,342,0.961,0.032,255,48,0.061,0.88,dos_syn_flood
1.7617544502103457,tcp,http,SF,4570,274,4,4,0.838,0.191,91,85,0.707,0.104,normal
1.9852028654743739,udp,dns,SF,4192,219,7,8,0.746,0.27,42,64,0.934,0.164,normal
0.7234059199519809,tcp,http,SF,483,667,8,2,0.802,0.096,89,8,0.891,0.193,normal
0.0,tcp,http,S0,60,0,386,196,0.997,0.024,255,27,0.186,0.864,dos_syn_flood
0.0,tcp,http,S0,44,0,365,269,0.987,0.017,255,10,0.19,0.601,dos_syn_flood
1.1162506550487925,tcp,http,SF,73,3873,8,7,0.791,0.024,21,35,0.669,0.139,normal
2.179207128464265,tcp,https,SF,98,1556,9,2,0.978,0.168,84,74,0.972,0.027,normal
0.6103824069728121,icmp,other,SF,839,2143,4,3,0.785,0.162,10,63,0.654,0.178,normal
0.158,tcp,eco_i,RSTR,0,0,150,3,0.118,0.963,255,6,0.053,0.84,port_scan
2.75,tcp,ssh,SF,315,177,56,26,0.917,0.043,190,28,0.899,0.099,ssh_bruteforce
0.036,tcp,private,RSTR,20,0,169,3,0.031,0.969,255,9,0.043,0.879,port_scan
0.019,tcp,private,REJ,64,0,91,2,0.107,0.937,255,2,0.034,0.73,port_scan
0.0,tcp,http,S0,44,0,243,270,0.987,0.004,255,22,0.102,0.757,dos_syn_flood
3.1180706997119256,tcp,http,SF,1482,647,3,7,0.72,0.048,87,17,0.654,0.167,normal
0.0,tcp,private,S0,60,0,346,205,0.956,0.008,255,45,0.1,0.659,dos_syn_flood
3.6867948031857307,tcp,http,SF,1392,252,4,8,0.977,0.028,35,48,0.765,0.09,normal
5.237280125583857,tcp,smtp,SF,173,14331,11,4,0.841,0.249,19,44,0.709,0.0,normal
0.0,tcp,private,S0,60,0,296,310,0.987,0.027,255,41,0.122,0.84,dos_syn_flood
0.023,tcp,eco_i,S0,20,0,65,3,0.089,0.951,255,5,0.076,0.917,port_scan
0.182,tcp,other,REJ,64,0,107,4,0.143,0.868,255,5,0.072,0.853,port_scan
5.22159626019497,tcp,ssh,SF,230,1973,4,2,0.775,0.205,18,36,0.722,0.172,normal
0.0,tcp,http,S0,60,0,203,357,0.998,0.036,255,38,0.09,0.898,dos_syn_flood
1.0293427587644506,tcp,http,SF,6230,1546,3,5,0.749,0.286,82,66,0.971,0.08,normal
1.41,tcp,ssh,SF,357,218,57,69,0.937,0.038,213,76,0.918,0.049,ssh_bruteforce
1.4979108315686638,tcp,ftp,SF,1396,367,7,4,0.956,0.23,99,40,0.687,0.02,normal
0.0,tcp,http,S0,44,0,280,159,0.991,0.032,255,25,0.092,0.618,dos_syn_flood
6.9394551866802265,udp,dns,SF,440,407,3,5,0.779,0.101,72,32,0.879,0.041,normal
1.0120362624832007,tcp,ssh,SF,110,3921,4,1,0.841,0.176,4,78,0.636,0.097,normal
0.0,tcp,http,S0,0,0,214,452,0.959,0.041,255,44,0.089,0.749,dos_syn_flood
0.514447355236269,tcp,ftp,SF,373,418,6,0,0.92,0.189,4,68,0.641,0.041,normal
0.38324813032475563,tcp,https,SF,447,5876,6,4,0.917,0.013,13,54,0.688,0.045,normal
2.0356932923131885,udp,dns,SF,2740,535,2,6,0.893,0.072,23,4,0.917,0.1,normal
0.0,tcp,private,S0,44,0,186,418,0.969,0.012,255,20,0.085,0.645,dos_syn_flood
2.1004244076365044,tcp,https,SF,676,660,5,6,0.702,0.133,68,35,0.975,0.017,normal
2.619324426233769,tcp,http,SF,124,1025,5,6,0.98,0.27,29,34,0.958,0.149,normal
2.296717192545997,tcp,https,SF,856,1183,1,4,0.799,0.182,34,60,0.875,0.159,normal
2.6959628945212994,tcp,http,S0,526,277,7,7,0.806,0.091,64,52,0.723,0.125,normal
0.03891995590570749,udp,dns,SF,114,1081,4,7,0.783,0.023,45,35,0.94,0.141,normal
0.09062611212290578,tcp,http,SF,976,8490,4,7,0.724,0.23,25,58,0.606,0.132,normal
2.4978377120896162,icmp,other,SF,2002,206,10,1,0.778,0.2,76,24,0.68,0.012,normal
0.0,tcp,private,S0,0,0,358,321,0.976,0.046,255,17,0.199,0.742,dos_syn_flood
0.3796359070679438,tcp,ssh,SF,3042,223,2,3,0.884,0.181,11,19,0.828,0.12,normal
0.0,tcp,http,S0,0,0,496,372,1.0,0.001,255,40,0.19,0.704,dos_syn_flood
2.98,tcp,ssh,SF,332,232,45,69,0.963,0.065,145,73,0.825,0.071,ssh_bruteforce
0.05,icmp,eco_i,RSTR,20,0,139,2,0.026,0.975,255,13,0.075,0.845,port_scan
0.0,tcp,other,S0,44,0,427,340,0.99,0.029,255,34,0.063,0.614,dos_syn_flood
0.697403603191926,udp,dns,SF,169,236,4,6,0.914,0.123,10,22,0.87,0.002,normal
0.0,tcp,http,S0,44,0,172,411,0.975,0.004,255,23,0.102,0.676,dos_syn_flood
0.7791662478931909,tcp,http,SF,94,42,4,5,0.963,0.211,65,44,0.816,0.17,normal
0.0,tcp,http,S0,0,0,415,211,0.958,0.01,255,18,0.128,0.629,dos_syn_flood
0.0,tcp,http,RSTOS0,44,0,403,491,0.975,0.006,255,14,0.182,0.682,dos_syn_flood
0.5818810592617523,tcp,http,SF,881,7969,3,3,0.778,0.194,19,21,0.666,0.038,normal
0.0,tcp,http,S0,44,0,474,436,0.995,0.009,255,37,0.166,0.783,dos_syn_flood
0.7572038079667092,tcp,http,SF,273,2250,7,2,0.772,0.127,55,94,0.769,0.112,normal
4.416413652625914,tcp,ssh,SF,1488,9452,6,4,0.832,0.276,92,68,0.929,0.075,normal
3.853678536234203,udp,dns,SF,392,2392,1,5,0.955,0.138,87,74,0.948,0.128,normal
0.0,tcp,other,S0,0,0,340,487,0.978,0.039,255,30,0.056,0.842,dos_syn_flood
0.0,tcp,private,S0,0,0,387,419,0.997,0.016,255,10,0.166,0.823,dos_syn_flood
0.0,tcp,http,RSTOS0,0,0,374,212,0.952,0.049,255,21,0.198,0.654,dos_syn_flood
1.9433057637430613,udp,dns,SF,801,5277,6,4,0.776,0.198,79,23,0.896,0.178,normal
8.337769768399797,tcp,ssh,SF,1554,445,4,7,0.959,0.223,9,47,0.789,0.082,normal
6.5813707554917,tcp,http,SF,112,18124,5,3,0.862,0.056,21,32,0.728,0.124,normal
5.404322933585467,tcp,https,SF,452,30073,3,6,0.836,0.073,84,13,0.897,0.18,normal
2.1608109778520985,tcp,http,SF,43,1548,8,4,0.897,0.232,80,54,0.695,0.125,normal
0.071,tcp,other,REJ,0,0,113,3,0.118,0.899,255,13,0.079,0.819,port_scan
4.135411447053495,icmp,other,SF,965,618,2,3,0.891,0.236,90,67,0.825,0.067,normal
0.4253018539321354,tcp,http,SF,973,161,8,2,0.735,0.014,94,62,0.881,0.095,normal
0.0,tcp,http,S0,44,0,509,501,0.984,0.038,255,23,0.118,0.772,dos_syn_flood
1.7872226648497593,tcp,https,SF,590,7407,8,0,1.0,0.174,53,84,0.921,0.056,normal
0.906353997789378,udp,dns,SF,325,6979,8,5,0.967,0.171,34,67,0.62,0.047,normal
0.96,tcp,ftp,SF,334,165,62,65,0.943,0.036,156,25,0.861,0.075,ssh_bruteforce
6.864988660304529,tcp,https,SF,527,1501,1,2,0.823,0.006,77,79,0.922,0.123,normal
0.62,tcp,ssh,REJ,366,249,35,44,0.914,0.026,160,20,0.828,0.087,ssh_bruteforce
1.0765592131108659,udp,dns,SF,215,732,6,1,0.857,0.101,61,81,0.774,0.131,normal
0.359953918561661,tcp,https,SF,4589,1730,5,6,0.81,0.02,37,36,0.843,0.122,normal
0.074,icmp,eco_i,S0,20,0,106,2,0.083,0.874,255,3,0.054,0.958,port_scan
0.0,tcp,http,S0,44,0,151,208,0.955,0.029,255,31,0.119,0.786,dos_syn_flood
2.3431149653026995,tcp,http,SF,192,479,6,2,0.988,0.238,43,62,0.852,0.029,normal
0.073,tcp,private,RSTR,20,0,189,4,0.062,0.941,255,8,0.012,0.702,port_scan
0.164,tcp,other,S0,64,0,130,1,0.084,0.93,255,1,0.061,0.938,port_scan
2.61,tcp,ssh,SF,350,200,33,51,0.936,0.076,198,28,0.81,0.026,ssh_bruteforce
0.0,tcp,other,RSTOS0,60,0,443,185,0.963,0.049,255,41,0.158,0.655,dos_syn_flood
0.21250615591526886,tcp,https,SF,354,45385,2,4,0.769,0.077,84,55,0.719,0.117,normal
4.0347040587639995,tcp,ftp,SF,87,490,4,2,0.999,0.052,96,71,0.966,0.176,normal
2.552309317947579,tcp,http,SF,321,510,3,5,0.921,0.234,32,22,0.974,0.169,normal
0.021,tcp,telnet,REJ,0,0,113,4,0.105,0.884,255,11,0.039,0.783,port_scan
0.195,icmp,private,REJ,0,0,129,4,0.029,0.983,255,2,0.052,0.904,port_scan
2.090310333785993,tcp,https,SF,158,4097,3,5,0.771,0.143,28,80,0.759,0.156,normal
0.174,tcp,other,REJ,0,0,95,2,0.105,0.875,255,9,0.035,0.709,port_scan
2.7292452620018617,udp,dns,SF,1293,1016,2,2,0.908,0.268,61,32,0.68,0.189,normal
1.0010583566166764,tcp,smtp,SF,129,2138,7,8,0.949,0.208,37,68,0.894,0.046,normal
1.1640931114831754,tcp,https,SF,515,656,5,5,0.884,0.245,50,95,0.611,0.093,normal
2.0865967053164347,tcp,https,SF,5319,4568,3,2,0.855,0.16,95,18,0.885,0.042,normal
2.323545789049875,tcp,http,SF,552,1150,5,8,0.946,0.115,91,38,0.848,0.145,normal
3.1324046349061394,icmp,other,SF,455,1459,4,2,0.801,0.231,92,81,0.603,0.194,normal
1.9617333806970554,tcp,https,SF,312,1700,7,6,0.787,0.294,13,33,0.804,0.054,normal
0.0,tcp,http,S0,0,0,235,433,0.976,0.042,255,20,0.102,0.886,dos_syn_flood
4.683259307369791,icmp,other,SF,329,7549,4,5,0.837,0.253,88,43,0.857,0.072,normal
1.75,tcp,ssh,SF,369,238,76,76,0.968,0.062,244,38,0.913,0.094,ssh_bruteforce
0.12188129262877923,udp,dns,SF,180,1048,4,1,0.831,0.006,24,88,0.8,0.064,normal
0.5968843893463723,tcp,https,SF,477,150,8,11,0.706,0.282,71,28,0.751,0.094,normal
0.0,tcp,http,S0,44,0,336,319,0.958,0.025,255,22,0.078,0.681,dos_syn_flood
1.1063359977017322,tcp,https,SF,144,595,5,4,0.735,0.12,10,32,0.807,0.005,normal
0.6901830702645296,tcp,http,SF,1445,5748,3,2,0.745,0.282,3,61,0.765,0.164,normal
0.0,tcp,http,S0,0,0,268,239,0.97,0.025,255,37,0.154,0.725,dos_syn_flood
0.0,tcp,private,S0,44,0,266,260,0.982,0.015,255,46,0.09,0.843,dos_syn_flood
4.167804271564154,tcp,https,SF,305,709,1,2,0.738,0.125,48,96,0.756,0.073,normal
0.0,tcp,http,S0,60,0,461,353,0.95,0.039,255,41,0.166,0.715,dos_syn_flood
2.295155633901285,udp,dns,SF,408,3341,7,4,0.952,0.104,99,14,0.722,0.038,normal
0.1594916298460356,tcp,http,SF,353,8922,3,2,0.824,0.278,90,35,0.637,0.061,normal
0.4160816767715466,tcp,ssh,SF,272,435,3,6,0.977,0.02,30,44,0.611,0.154,normal
4.012576825181977,tcp,smtp,SF,4276,90463,8,3,0.769,0.228,5,18,0.936,0.187,normal
0.099,tcp,other,REJ,0,0,50,4,0.088,0.905,255,2,0.061,0.776,port_scan
0.0,tcp,http,S0,0,0,313,278,0.989,0.008,255,21,0.152,0.857,dos_syn_flood
0.5474231425180274,tcp,ssh,SF,227,8054,6,2,0.72,0.293,49,17,0.941,0.188,normal
3.4221137306962257,udp,dns,SF,1762,388,5,3,0.984,0.025,52,91,0.691,0.099,normal
3.571373822028882,tcp,https,SF,77,274,4,4,0.792,0.155,76,81,0.795,0.038,normal
1.599552625472821,tcp,ftp,SF,3510,1759,4,8,0.968,0.093,9,65,0.691,0.063,normal
0.3289372675526186,udp,dns,SF,384,6957,9,8,0.827,0.254,16,79,0.909,0.158,normal
2.764165286851845,udp,dns,SF,681,372,6,5,0.915,0.027,62,62,0.793,0.155,normal
0.041,tcp,other,REJ,40,0,126,1,0.121,0.902,255,14,0.046,0.755,port_scan
0.7637451174541223,tcp,http,SF,2232,1039,9,4,0.738,0.18,3,48,0.926,0.086,normal
0.152,icmp,eco_i,REJ,64,0,63,3,0.104,0.928,255,5,0.052,0.736,port_scan
0.034,tcp,private,REJ,64,0,133,4,0.108,0.939,255,14,0.049,0.946,port_scan
0.066,tcp,eco_i,REJ,0,0,156,4,0.055,0.938,255,14,0.015,0.898,port_scan
2.29,tcp,ftp,SF,333,217,89,67,0.914,0.007,248,21,0.872,0.141,ssh_bruteforce
1.4066855230389128,tcp,https,SF,1318,1099,5,4,0.997,0.012,94,98,0.777,0.19,normal
5.716777589684626,udp,dns,SF,536,1786,3,3,0.891,0.201,66,17,0.76,0.017,normal
3.4985052846356064,tcp,http,SF,3053,6952,5,3,0.814,0.206,4,77,0.885,0.031,normal
1.5499843196296128,tcp,ftp,SF,821,1811,6,4,0.721,0.095,58,54,0.836,0.094,normal
1.7941317858785875,tcp,https,SF,263,850,5,3,0.786,0.261,33,40,0.95,0.105,normal
3.136832922274513,tcp,http,SF,449,945,6,3,0.815,0.009,87,53,0.736,0.05,normal
0.15115368203824264,udp,dns,SF,3036,3970,9,3,0.751,0.26,35,16,0.919,0.126,normal
0.67,tcp,ssh,SF,431,256,89,53,0.947,0.087,125,68,0.848,0.09,ssh_bruteforce
0.0,tcp,other,S0,0,0,433,429,0.951,0.015,255,20,0.093,0.752,dos_syn_flood
3.6180717491890224,tcp,http,SF,1799,2872,2,5,0.894,0.043,74,47,0.879,0.103,normal
0.034,tcp,eco_i,REJ,64,0,59,3,0.085,0.875,255,10,0.062,0.771,port_scan
0.033,tcp,eco_i,REJ,0,0,153,2,0.021,0.996,255,14,0.024,0.85,port_scan
0.8813112551890018,tcp,https,SF,1444,343,4,3,0.776,0.151,43,84,0.83,0.151,normal
0.04510058734462066,tcp,ssh,SF,4183,3397,5,5,0.878,0.212,26,25,0.649,0.162,normal
0.0,tcp,http,S0,0,0,480,406,0.994,0.039,255,11,0.111,0.869,dos_syn_flood
4.439017677854495,tcp,http,SF,815,2067,3,4,0.749,0.244,78,26,0.963,0.063,normal
1.9421314153397293,tcp,http,SF,517,5873,5,5,0.913,0.225,89,43,0.93,0.198,normal
1.517303048928762,udp,dns,SF,437,838,5,6,0.859,0.183,19,38,0.891,0.132,normal
5.488109835050491,tcp,http,SF,35,469,4,5,0.805,0.179,41,89,0.859,0.173,normal
2.0789379142683138,udp,dns,SF,1709,86,4,3,0.983,0.261,17,24,0.872,0.126,normal
0.0,tcp,http,S0,0,0,408,489,0.963,0.049,255,13,0.147,0.865,dos_syn_flood
0.0,tcp,http,S0,0,0,189,221,0.971,0.014,255,22,0.069,0.827,dos_syn_flood
2.0455394872182913,tcp,http,SF,562,446,7,2,0.881,0.012,94,31,0.602,0.001,normal
1.1157995464031039,tcp,http,SF,990,5003,6,5,0.977,0.016,3,15,0.806,0.096,normal
0.0,tcp,private,S0,0,0,330,389,0.97,0.023,255,26,0.103,0.694,dos_syn_flood
5.739227408516592,tcp,http,SF,207,248,7,2,0.734,0.159,62,94,0.932,0.113,normal
2.651750918863853,tcp,ssh,SF,2846,177,7,4,0.78,0.051,12,24,0.768,0.023,normal
0.8065336979776716,tcp,http,SF,2135,10177,3,5,0.781,0.288,60,59,0.679,0.026,normal
7.98961084163928,icmp,other,SF,941,594,3,4,0.714,0.133,47,23,0.855,0.2,normal
0.155,tcp,other,REJ,20,0,104,1,0.144,0.915,255,13,0.023,0.876,port_scan
4.478513405259824,tcp,https,SF,5452,1045,4,4,0.819,0.171,26,34,0.971,0.062,normal
0.8787125640673257,tcp,http,SF,614,3554,2,4,0.873,0.108,21,79,0.928,0.095,normal
6.180232308834645,tcp,http,SF,2863,395,5,4,0.987,0.065,48,27,0.695,0.17,normal
1.6909772351462584,tcp,http,SF,1646,1282,5,3,0.917,0.281,62,96,0.665,0.179,normal
2.493511527667791,tcp,https,SF,3348,9768,3,7,0.732,0.107,14,6,0.753,0.156,normal
4.712824204138454,tcp,http,SF,855,27092,6,3,0.897,0.274,31,64,0.832,0.046,normal
4.790494931145253,tcp,http,SF,321,814,1,3,0.923,0.227,71,7,0.96,0.185,normal
4.195948561154842,udp,dns,SF,501,1256,6,4,0.816,0.237,53,38,0.853,0.171,normal
8.807810303618432,tcp,http,SF,414,329,5,4,0.964,0.144,94,99,0.938,0.168,normal
0.0,tcp,http,S0,0,0,424,203,0.97,0.046,255,47,0.058,0.638,dos_syn_flood
2.4895545896715956,tcp,smtp,SF,338,2122,5,5,0.752,0.204,27,52,0.953,0.118,normal
0.185,tcp,telnet,REJ,0,0,196,3,0.05,0.896,255,9,0.065,0.957,port_scan
0.0,tcp,http,S0,0,0,456,467,0.971,0.019,255,15,0.137,0.878,dos_syn_flood
0.0,tcp,http,S0,44,0,223,168,0.981,0.033,255,15,0.06,0.815,dos_syn_flood
2.91612303345885,tcp,smtp,SF,57,2355,5,3,0.837,0.224,31,43,0.834,0.145,normal
7.572930425787158,tcp,ssh,SF,1409,1929,4,3,0.993,0.128,59,62,0.633,0.138,normal
0.0,tcp,http,S0,0,0,155,453,0.952,0.033,255,35,0.186,0.635,dos_syn_flood
0.878400715016058,tcp,https,SF,3263,1028,2,4,0.791,0.19,37,11,0.718,0.151,normal
0.0,tcp,http,S0,60,0,420,307,0.969,0.033,255,23,0.13,0.869,dos_syn_flood
0.105,tcp,telnet,REJ,0,0,90,1,0.1,0.932,255,1,0.054,0.767,port_scan
3.0093987240324402,tcp,http,SF,323,1383,5,5,0.88,0.251,31,71,0.656,0.148,normal
1.864852431968743,tcp,https,SF,333,517,4,4,0.853,0.092,77,60,0.834,0.181,normal
4.225109901569841,tcp,https,SF,409,7602,6,6,0.785,0.241,1,49,0.709,0.03,normal
4.3056613916548185,tcp,http,SF,364,40677,5,1,0.947,0.084,43,27,0.779,0.179,normal
2.31,tcp,ssh,SF,339,228,72,52,0.955,0.06,228,64,0.709,0.103,ssh_bruteforce
0.0,tcp,http,S0,0,0,278,362,0.96,0.026,255,33,0.108,0.892,dos_syn_flood
0.6652551721074994,tcp,https,SF,20,322,1,6,0.801,0.021,57,65,0.759,0.101,normal
0.066,tcp,eco_i,REJ,20,0,197,4,0.15,0.894,255,1,0.065,0.735,port_scan
5.1436575066369095,udp,dns,SF,3519,6368,7,3,0.759,0.084,34,88,0.859,0.165,normal
0.026,tcp,private,REJ,20,0,120,2,0.014,0.879,255,1,0.042,0.97,port_scan
6.804888150157776,tcp,http,SF,188,7498,4,7,0.735,0.103,47,81,0.829,0.153,normal
4.015121008405854,tcp,http,SF,512,6115,5,3,0.956,0.136,87,30,0.6,0.022,normal
0.2999250354132964,tcp,http,SF,1729,5968,5,5,0.847,0.132,83,31,0.768,0.189,normal
5.683139749883254,tcp,smtp,SF,23927,11271,11,2,0.815,0.118,64,49,0.72,0.164,normal
0.0,tcp,http,S0,44,0,186,348,0.958,0.011,255,40,0.198,0.739,dos_syn_flood
2.49,tcp,ssh,SF,413,187,77,36,0.923,0.046,193,34,0.947,0.075,ssh_bruteforce
0.0,tcp,other,S0,0,0,380,497,0.971,0.013,255,18,0.137,0.897,dos_syn_flood
3.91876710342704,tcp,http,SF,474,380,4,4,0.849,0.291,42,35,0.61,0.002,normal
0.2582837452216432,tcp,http,SF,528,4117,7,4,0.935,0.286,89,37,0.941,0.096,normal
1.460428057524556,tcp,ftp,SF,2050,15282,7,4,0.91,0.291,68,34,0.704,0.11,normal
1.6039030960155964,icmp,other,SF,444,2705,3,1,0.794,0.052,16,31,0.702,0.052,normal
1.2711593402402555,tcp,http,SF,1386,2415,3,4,0.905,0.247,46,55,0.986,0.001,normal
7.699032922683794,udp,dns,SF,1287,1188,6,2,0.982,0.26,16,79,0.921,0.196,normal
0.8784829631455738,udp,dns,SF,2002,4173,6,4,0.981,0.138,86,8,0.895,0.166,normal
10.189297462025685,tcp,http,REJ,2201,794,4,4,0.744,0.009,74,81,0.721,0.019,normal
4.071051050027144,tcp,http,SF,457,3705,7,5,0.881,0.19,82,63,0.988,0.155,normal
0.40605212442657634,tcp,http,SF,1578,317,5,3,0.783,0.3,86,46,0.803,0.17,normal
0.0,tcp,http,S0,60,0,261,384,0.981,0.036,255,20,0.148,0.799,dos_syn_flood
5.519276380938116,tcp,https,SF,162,756,6,2,0.89,0.285,79,82,0.797,0.022,normal
1.5897238494045063,udp,dns,SF,1362,10556,5,2,0.766,0.165,18,47,0.726,0.11,normal
2.99,tcp,ssh,SF,302,227,51,46,0.925,0.067,216,41,0.711,0.113,ssh_bruteforce
1.59,tcp,ssh,SF,276,229,59,54,0.971,0.009,142,23,0.939,0.061,ssh_bruteforce
0.183,tcp,other,REJ,64,0,88,2,0.061,0.886,255,6,0.067,0.838,port_scan
0.181,tcp,eco_i,REJ,64,0,149,4,0.05,0.873,255,3,0.028,0.952,port_scan
3.4239249433273082,tcp,https,SF,331,456,2,4,0.922,0.106,96,2,0.626,0.119,normal
0.0,tcp,private,S0,0,0,237,211,0.973,0.004,255,18,0.106,0.648,dos_syn_flood
12.642957890825318,tcp,https,SF,75,699,9,2,0.966,0.229,77,9,0.619,0.124,normal
2.431937521241678,tcp,smtp,SF,1261,663,10,3,0.953,0.08,25,44,0.937,0.199,normal
0.033,icmp,eco_i,REJ,64,0,125,4,0.097,0.984,255,11,0.075,0.752,port_scan
1.6641322131830116,tcp,http,SF,1467,2269,5,4,0.966,0.191,56,59,0.874,0.059,normal
0.5988821292937567,tcp,https,SF,360,3641,3,8,0.782,0.123,49,48,0.77,0.078,normal
0.86,tcp,ftp,REJ,337,149,76,44,0.901,0.093,205,28,0.935,0.048,ssh_bruteforce
2.307661585553444,tcp,https,SF,1808,17012,4,5,0.849,0.244,34,13,0.629,0.034,normal
0.22075234444732947,tcp,ssh,SF,100,595,3,4,0.991,0.22,38,21,0.833,0.18,normal
1.4678914795432632,tcp,http,SF,5652,2059,5,2,0.865,0.16,95,44,0.716,0.137,normal
4.331980911032894,udp,dns,SF,284,3298,5,11,0.961,0.019,98,4,0.843,0.076,normal
3.1870613919774593,tcp,http,SF,685,64585,8,4,0.828,0.058,79,70,0.759,0.186,normal
3.2231263811963307,tcp,ssh,SF,198,1913,7,4,0.729,0.141,53,17,0.916,0.192,normal
2.05,tcp,ssh,SF,297,261,49,46,0.929,0.001,116,34,0.73,0.095,ssh_bruteforce
0.87,tcp,ssh,SF,349,201,79,70,0.927,0.003,164,38,0.913,0.027,ssh_bruteforce
0.21938754996591836,tcp,https,SF,122,6260,5,2,0.85,0.025,38,56,0.984,0.113,normal
1.4,tcp,ssh,REJ,336,218,85,45,0.925,0.009,235,31,0.761,0.091,ssh_bruteforce
0.9740422475190603,tcp,https,SF,311,2652,5,3,0.967,0.084,62,19,0.705,0.029,normal
3.727779367095761,tcp,smtp,SF,114,6710,4,2,0.71,0.068,21,83,0.655,0.04,normal
1.5965626659654522,tcp,smtp,SF,4187,878,8,9,0.939,0.015,52,38,0.736,0.126,normal
0.134,tcp,eco_i,REJ,20,0,63,4,0.058,0.926,255,6,0.015,0.891,port_scan
6.861054736535061,udp,dns,SF,1306,2654,5,4,0.824,0.1,50,5,0.853,0.132,normal
3.2872279895515906,tcp,https,SF,464,2727,8,4,0.782,0.002,17,96,0.986,0.079,normal
0.2547873017008765,tcp,ssh,SF,843,706,6,7,0.925,0.128,77,69,0.845,0.191,normal
0.021,tcp,private,S0,64,0,150,2,0.032,0.974,255,2,0.064,0.978,port_scan
3.454718211774885,tcp,https,SF,148,1272,5,3,0.94,0.06,43,32,0.639,0.059,normal
0.089,tcp,other,REJ,20,0,107,1,0.127,0.873,255,6,0.037,0.752,port_scan
4.5261468852563045,tcp,http,SF,441,1812,10,5,0.82,0.238,6,45,0.674,0.19,normal
0.0,tcp,http,S0,60,0,180,355,0.962,0.034,255,34,0.054,0.885,dos_syn_flood
0.0,tcp,other,S0,60,0,306,397,0.98,0.048,255,12,0.179,0.739,dos_syn_flood
1.272727102825293,tcp,http,SF,616,17016,4,3,0.86,0.107,7,1,0.62,0.111,normal
1.3579587755186895,udp,dns,SF,279,4021,4,3,0.858,0.007,22,42,0.975,0.162,normal
5.257595108413095,udp,dns,SF,701,18184,6,3,0.936,0.208,58,7,0.74,0.147,normal
1.1086929500261407,tcp,http,SF,703,100,5,6,0.773,0.177,38,66,0.894,0.055,normal
4.58660916943969,tcp,http,SF,635,939,6,4,0.852,0.221,54,88,0.805,0.104,normal
1.2061315378286115,tcp,https,SF,574,1010,5,4,1.0,0.131,10,54,0.742,0.002,normal
0.0,tcp,private,S0,44,0,423,337,0.955,0.044,255,18,0.067,0.867,dos_syn_flood
2.181087232241476,tcp,ssh,SF,3166,2574,5,0,0.755,0.059,94,69,0.705,0.068,normal
1.9061346189174653,icmp,other,SF,128,639,5,3,0.825,0.168,54,21,0.974,0.181,normal
0.0,tcp,http,S0,0,0,189,327,0.986,0.041,255,30,0.151,0.737,dos_syn_flood
0.0,tcp,private,S0,0,0,318,368,0.998,0.01,255,37,0.109,0.841,dos_syn_flood
0.006326873696583774,tcp,http,SF,772,1400,5,4,0.813,0.033,23,44,0.669,0.075,normal
2.2433046887733568,tcp,http,SF,1287,1150,7,3,0.982,0.183,25,94,0.626,0.029,normal
0.158,tcp,telnet,REJ,64,0,141,4,0.11,0.98,255,9,0.039,0.751,port_scan
1.9352090263011323,tcp,http,SF,1138,92,6,1,0.801,0.183,61,26,0.891,0.079,normal
0.6382912565405864,tcp,http,SF,1120,228,5,1,0.743,0.099,5,66,0.841,0.118,normal
0.0,tcp,other,S0,60,0,192,452,0.992,0.05,255,46,0.132,0.617,dos_syn_flood
0.5982537443567362,udp,dns,SF,1752,43,5,8,0.941,0.252,62,76,0.863,0.088,normal
0.30689691921581586,tcp,https,SF,540,3038,8,5,0.86,0.089,41,12,0.626,0.029,normal
0.9455110050778738,tcp,http,SF,82,9996,1,3,0.736,0.063,9,92,0.627,0.134,normal
0.0,tcp,http,S0,0,0,209,419,0.955,0.021,255,46,0.105,0.809,dos_syn_flood
1.8458920655796904,tcp,http,SF,931,222,7,3,0.9,0.084,39,56,0.73,0.104,normal
0.7994750070995117,udp,dns,SF,397,6799,3,2,0.702,0.134,48,21,0.873,0.047,normal
0.5787055063669068,udp,dns,SF,3354,5260,10,3,0.798,0.066,83,70,0.8,0.012,normal
5.876879429985253,tcp,http,SF,765,2048,4,4,0.973,0.178,3,85,0.975,0.019,normal
0.3914863886033405,tcp,https,SF,6574,2865,6,6,0.981,0.274,68,89,0.629,0.13,normal
3.7290070697501827,tcp,https,SF,476,3918,5,4,0.875,0.042,41,4,0.997,0.113,normal
0.2453092270170828,icmp,other,SF,3405,3303,6,2,0.951,0.147,36,2,0.749,0.027,normal
2.03155864456041,tcp,https,SF,1668,201,6,1,0.989,0.187,73,76,0.748,0.062,normal
0.182,tcp,private,REJ,0,0,69,3,0.103,0.865,255,11,0.054,0.957,port_scan
0.7781818908579886,tcp,https,S0,494,427,3,9,0.729,0.286,52,24,0.937,0.078,normal
0.6531468947131471,tcp,http,SF,89,2127,10,2,0.824,0.062,38,63,0.865,0.041,normal
0.075,tcp,other,REJ,20,0,96,1,0.019,0.913,255,12,0.078,0.865,port_scan
2.1222401010317884,tcp,http,SF,1940,937,10,1,0.936,0.115,11,80,0.797,0.005,normal
0.0,tcp,private,S0,60,0,264,500,0.985,0.011,255,26,0.166,0.687,dos_syn_flood
0.9848879238242353,icmp,other,SF,663,1579,5,5,0.969,0.129,89,98,0.678,0.028,normal
0.0,tcp,private,S0,60,0,260,363,0.999,0.019,255,40,0.071,0.802,dos_syn_flood
0.8728413467517103,tcp,http,SF,310,896,4,4,0.744,0.102,82,64,0.775,0.12,normal
0.5065871352534245,tcp,http,SF,653,1310,4,5,0.723,0.172,32,74,0.976,0.191,normal
0.8370144264040356,tcp,http,SF,263,1284,4,6,0.913,0.169,57,19,0.838,0.199,normal
1.8907468915606849,tcp,http,SF,1904,29623,5,0,0.794,0.016,23,48,0.714,0.17,normal
1.99,tcp,ssh,REJ,351,257,31,78,0.905,0.001,242,41,0.825,0.123,ssh_bruteforce
4.657041037938661,udp,dns,SF,502,176,10,7,0.837,0.057,6,53,0.895,0.049,normal
0.098,icmp,private,REJ,64,0,117,1,0.056,0.929,255,3,0.066,0.9,port_scan
1.045890224972778,icmp,other,SF,1379,2392,3,2,0.875,0.104,90,82,0.949,0.195,normal
0.0,tcp,http,S0,60,0,331,367,0.964,0.011,255,35,0.077,0.839,dos_syn_flood
0.71,tcp,ssh,SF,363,200,50,70,0.968,0.071,103,52,0.922,0.055,ssh_bruteforce
0.045,icmp,other,REJ,64,0,95,1,0.045,0.909,255,13,0.035,0.71,port_scan
2.8270914485704295,udp,dns,SF,2697,410,7,3,0.986,0.135,69,21,0.96,0.159,normal
1.7147566100980445,udp,dns,SF,253,3162,4,7,0.784,0.045,9,87,0.964,0.088,normal
4.6530022034401,tcp,ssh,SF,218,331,5,0,0.931,0.271,30,22,0.728,0.103,normal
4.549680710543681,tcp,http,SF,761,8719,3,0,0.841,0.219,41,29,0.621,0.138,normal
7.1024224321154605,tcp,ftp,SF,350,9795,5,5,0.707,0.075,79,49,0.669,0.153,normal
2.0878484300567832,tcp,http,SF,2089,46990,4,4,0.822,0.079,1,14,0.919,0.06,normal
2.0913885082343944,udp,dns,SF,712,1249,2,3,0.93,0.175,59,84,0.731,0.13,normal
2.715468949551212,tcp,http,SF,1172,4423,6,6,0.974,0.2,67,31,0.665,0.028,normal
0.077,tcp,other,S0,0,0,100,1,0.136,0.987,255,5,0.036,0.831,port_scan
0.2090892814800004,udp,dns,SF,33,5049,7,6,0.797,0.128,97,20,0.697,0.023,normal
2.531003175201879,udp,dns,SF,394,206,5,5,0.839,0.011,70,73,0.874,0.054,normal
1.39,tcp,ftp,SF,420,221,33,74,0.953,0.007,251,75,0.748,0.06,ssh_bruteforce
2.25,tcp,ftp,REJ,393,206,51,52,0.968,0.093,186,57,0.753,0.064,ssh_bruteforce
0.0,tcp,http,S0,0,0,186,292,0.96,0.014,255,24,0.07,0.736,dos_syn_flood
1.3831136377494577,tcp,https,SF,720,1967,10,3,0.984,0.161,42,43,0.647,0.049,normal
7.0623316916505825,tcp,https,REJ,38161,2079,8,6,0.754,0.247,88,21,0.849,0.123,normal
0.025305479502551992,tcp,http,SF,340,1116,6,2,0.852,0.202,27,14,0.669,0.001,normal
1.7043295169522104,tcp,ssh,SF,259,891,4,7,0.947,0.128,72,20,0.978,0.003,normal
4.856929256052876,udp,dns,SF,3108,1430,6,3,0.813,0.033,65,64,0.603,0.068,normal
0.018,tcp,private,REJ,64,0,117,4,0.124,0.986,255,12,0.061,0.889,port_scan
0.167,tcp,eco_i,REJ,20,0,88,3,0.054,0.916,255,7,0.063,0.772,port_scan
0.076,icmp,private,RSTR,64,0,161,3,0.107,0.947,255,13,0.061,0.701,port_scan
0.029,tcp,eco_i,REJ,64,0,90,4,0.115,0.864,255,4,0.01,0.837,port_scan
2.2994004530507213,tcp,https,SF,2058,553,4,4,0.995,0.11,83,79,0.946,0.145,normal
0.113,tcp,eco_i,REJ,0,0,156,2,0.024,0.884,255,4,0.049,0.917,port_scan
0.8104520031416108,tcp,http,SF,1151,298,4,9,0.952,0.116,42,19,0.676,0.198,normal
0.03926116911524857,udp,dns,SF,635,2220,9,6,0.877,0.175,2,54,0.69,0.181,normal
0.0,tcp,http,S0,60,0,204,158,0.96,0.036,255,35,0.075,0.643,dos_syn_flood
0.0,tcp,private,S0,0,0,387,281,0.98,0.028,255,43,0.191,0.894,dos_syn_flood
0.7741561581438658,tcp,smtp,SF,1849,5455,5,2,0.911,0.205,32,40,0.729,0.087,normal
2.2148224474016134,tcp,http,SF,1299,106,2,3,0.83,0.059,2,64,0.713,0.059,normal
0.0,tcp,http,RSTOS0,60,0,357,505,0.99,0.035,255,40,0.124,0.777,dos_syn_flood
6.607747961889383,tcp,http,SF,402,86,1,1,0.889,0.128,36,24,0.797,0.127,normal
0.1272437849012552,icmp,other,SF,964,1462,6,2,0.908,0.246,94,6,0.947,0.155,normal
2.2213000801181084,tcp,ssh,SF,773,745,5,8,0.724,0.072,84,43,0.79,0.043,normal
0.9698311396051613,icmp,other,SF,327,418,6,4,0.703,0.21,23,63,0.909,0.098,normal
0.0,tcp,http,S0,44,0,381,232,0.964,0.026,255,46,0.067,0.626,dos_syn_flood
0.5248188138975569,tcp,https,SF,355,2511,5,8,0.873,0.154,88,65,0.687,0.131,normal
0.8461258954660555,udp,dns,SF,4907,2852,3,6,0.937,0.174,96,8,0.941,0.089,normal
1.482781101029806,tcp,http,SF,3136,2143,7,3,0.914,0.222,87,10,0.911,0.094,normal
0.16496378352477883,tcp,ssh,SF,1389,1098,5,4,0.835,0.154,95,20,0.679,0.092,normal
1.10387038669903,tcp,ftp,SF,1099,1104,2,3,0.913,0.1,38,23,0.664,0.159,normal
4.272019082279323,tcp,https,SF,1690,5913,3,7,0.941,0.192,20,50,0.817,0.066,normal
0.059,tcp,other,REJ,0,0,129,3,0.062,0.978,255,7,0.015,0.703,port_scan
1.5554953258712645,tcp,http,SF,1638,3942,4,6,0.827,0.163,52,7,0.961,0.006,normal
0.8345319842296433,icmp,other,SF,276,504,3,7,0.911,0.196,56,23,0.95,0.147,normal
0.013169170985219577,tcp,http,S0,459,672,10,5,0.901,0.013,16,71,1.0,0.111,normal
1.905223441842374,udp,dns,SF,99,2629,7,3,0.712,0.01,22,9,0.681,0.183,normal
0.8219776019662366,tcp,ssh,SF,1825,1442,3,6,0.708,0.11,8,97,0.96,0.191,normal
1.59,tcp,ssh,REJ,379,219,47,44,0.91,0.007,170,64,0.755,0.15,ssh_bruteforce
0.2727581999857557,tcp,http,SF,6502,13145,6,3,0.777,0.105,35,41,0.632,0.09,normal
3.75586757224543,icmp,other,SF,294,1684,3,7,0.774,0.063,34,16,0.605,0.183,normal
0.0,tcp,http,S0,0,0,380,235,0.967,0.047,255,39,0.143,0.872,dos_syn_flood
1.3156801188623093,tcp,http,SF,7571,39730,3,5,0.891,0.231,40,17,0.984,0.164,normal
0.198,tcp,private,REJ,0,0,117,4,0.095,0.894,255,11,0.022,0.732,port_scan
1.4056727960216733,tcp,http,SF,4008,8173,7,9,0.706,0.013,61,83,0.992,0.023,normal
6.24375418545807,tcp,http,SF,334,7131,4,4,0.729,0.097,30,39,0.952,0.108,normal
0.14182571000167513,tcp,http,SF,527,232,1,5,0.8,0.275,11,42,0.73,0.018,normal
0.26788350396431465,tcp,https,SF,1544,599,4,3,0.785,0.192,54,76,0.884,0.014,normal
6.6643737201507625,tcp,http,SF,577,11871,5,4,0.814,0.066,55,49,0.751,0.196,normal
5.291139885030519,udp,dns,SF,177,3028,8,3,0.845,0.239,51,79,0.64,0.148,normal
0.9169877499085655,udp,dns,SF,1001,611,3,6,0.858,0.057,9,50,0.78,0.162,normal
2.292132456059816,tcp,http,SF,1282,114,3,2,0.925,0.254,33,60,0.784,0.138,normal
0.3963599155319264,udp,dns,SF,150,4980,5,4,0.869,0.076,3,76,0.706,0.179,normal
0.029,tcp,private,REJ,0,0,91,1,0.067,0.855,255,1,0.073,0.735,port_scan
0.6464834517563776,tcp,https,SF,1654,588,5,3,0.874,0.242,59,72,0.896,0.088,normal
3.6572102639702413,tcp,http,SF,55,745,2,3,0.913,0.216,59,76,0.645,0.15,normal
0.128,tcp,eco_i,REJ,64,0,197,1,0.016,0.916,255,13,0.077,0.777,port_scan
1.697498816296408,tcp,http,SF,171,3686,1,3,0.837,0.104,78,30,0.617,0.034,normal
1.5916186292050096,tcp,https,SF,905,5088,5,9,0.738,0.083,61,11,0.921,0.063,normal
1.5755106673528028,icmp,other,SF,748,542,3,4,0.804,0.157,43,67,0.954,0.083,normal
0.34494713156803475,tcp,https,SF,1731,1941,2,5,0.786,0.046,68,87,0.826,0.075,normal
0.0,tcp,private,S0,44,0,185,507,0.981,0.049,255,23,0.116,0.735,dos_syn_flood
0.472139516424393,udp,dns,SF,1369,27310,3,5,0.859,0.155,26,23,0.833,0.064,normal
1.2488939673334751,tcp,https,SF,4956,5004,3,6,0.869,0.194,9,63,0.911,0.2,normal
1.4843529612650672,tcp,ftp,SF,699,988,6,4,0.882,0.011,61,86,0.63,0.109,normal
2.011386469613399,udp,dns,SF,237,10769,6,5,0.902,0.068,15,88,0.957,0.159,normal
0.0,tcp,private,S0,44,0,332,194,0.985,0.041,255,36,0.129,0.883,dos_syn_flood
2.1259320431567152,tcp,http,SF,58,1400,7,3,0.706,0.02,91,39,0.947,0.192,normal
0.0,tcp,http,S0,0,0,470,355,0.982,0.005,255,20,0.175,0.631,dos_syn_flood
4.407482541095925,tcp,ftp,SF,1587,3921,8,2,0.822,0.02,99,72,0.644,0.162,normal
0.0,tcp,http,S0,60,0,229,390,0.959,0.023,255,42,0.175,0.806,dos_syn_flood
4.199769149655469,tcp,http,SF,205,6338,3,4,0.887,0.265,73,20,0.887,0.133,normal
0.052093498114508106,tcp,http,SF,3606,802,6,9,0.996,0.285,79,11,0.912,0.032,normal
0.8630675199047249,udp,dns,SF,1462,709,5,6,0.934,0.231,84,27,0.617,0.075,normal
0.8327548274170148,tcp,ftp,SF,700,1481,2,5,0.841,0.226,74,19,0.8,0.019,normal
0.0,tcp,http,S0,60,0,289,418,0.992,0.025,255,39,0.095,0.632,dos_syn_flood
7.625399240154648,udp,dns,SF,906,3654,3,1,0.763,0.104,40,32,0.976,0.014,normal
4.910377808589118,udp,dns,SF,214,4964,3,5,0.959,0.063,62,95,0.866,0.191,normal
1.1916214080888405,tcp,ssh,SF,130,1574,5,2,0.883,0.002,60,72,0.746,0.17,normal
3.1117335547325222,tcp,ssh,SF,136,879,3,4,0.787,0.033,97,63,0.804,0.049,normal
7.919617147579831,tcp,https,SF,538,611,6,3,0.831,0.024,92,24,0.651,0.067,normal
0.37196595311803204,tcp,https,SF,1469,945,5,3,0.8,0.102,92,82,0.685,0.029,normal
0.0,tcp,http,S0,0,0,257,177,0.984,0.023,255,28,0.1,0.895,dos_syn_flood
1.434332453233389,tcp,http,SF,259,42028,5,2,0.942,0.017,63,96,0.95,0.114,normal
0.145,tcp,other,S0,40,0,178,1,0.039,0.98,255,12,0.023,0.827,port_scan
1.869090869845451,tcp,ssh,SF,2568,2174,7,1,0.805,0.249,83,35,0.81,0.111,normal
0.0,tcp,http,S0,44,0,250,358,0.977,0.008,255,28,0.112,0.738,dos_syn_flood
0.0,tcp,http,S0,60,0,343,165,1.0,0.049,255,42,0.166,0.72,dos_syn_flood
1.914607453138484,tcp,https,SF,147,1747,8,6,0.844,0.138,9,75,0.758,0.145,normal
2.34,tcp,ssh,REJ,354,212,49,30,0.931,0.069,196,77,0.861,0.1,ssh_bruteforce
0.172,tcp,other,REJ,20,0,108,1,0.07,0.854,255,4,0.035,0.879,port_scan
2.6315060019938725,tcp,http,SF,457,11403,5,2,0.976,0.291,73,98,0.978,0.135,normal
0.8929369675870038,tcp,http,SF,990,623,2,6,0.83,0.023,89,77,0.634,0.154,normal
0.9330095406996435,tcp,https,SF,134,6520,10,7,0.881,0.088,6,40,0.914,0.064,normal
0.85608074388353,tcp,https,SF,160,6084,7,4,0.878,0.106,95,68,0.755,0.063,normal
2.6100180233219743,tcp,http,SF,3319,6285,7,1,0.789,0.171,26,78,0.607,0.01,normal
3.799554085220318,tcp,http,SF,754,732,8,2,0.857,0.007,83,56,0.601,0.006,normal
0.0,tcp,http,S0,0,0,293,468,0.983,0.001,255,27,0.092,0.657,dos_syn_flood
0.2,tcp,other,REJ,0,0,76,4,0.122,0.972,255,11,0.077,0.931,port_scan
6.288629340394513,tcp,https,SF,1285,609,5,6,0.82,0.086,98,5,0.956,0.092,normal
5.572648258655804,tcp,http,SF,2799,2193,9,2,0.962,0.098,28,77,0.627,0.09,normal
0.91,tcp,ssh,SF,467,237,75,61,0.979,0.002,126,76,0.877,0.134,ssh_bruteforce
0.92632553754449,tcp,http,SF,2957,11407,3,2,0.768,0.084,61,93,0.856,0.015,normal
0.8650234471629392,tcp,https,SF,704,105574,7,2,0.982,0.294,96,73,0.766,0.154,normal
2.3933114510095543,tcp,https,SF,2151,797,5,3,0.946,0.281,29,38,0.943,0.044,normal
0.0,tcp,http,S0,60,0,301,347,0.953,0.03,255,19,0.182,0.617,dos_syn_flood
0.054,tcp,private,REJ,0,0,76,2,0.019,0.903,255,10,0.066,0.749,port_scan
0.987461113415638,tcp,http,SF,527,992,5,1,0.803,0.225,31,59,0.772,0.073,normal
1.8183858536985695,tcp,https,SF,2835,2205,6,6,0.751,0.132,32,12,0.637,0.06,normal
0.2344998191114249,tcp,http,SF,101,10068,3,5,0.818,0.292,49,49,0.764,0.03,normal
0.061,tcp,private,REJ,40,0,89,2,0.051,0.917,255,6,0.02,0.713,port_scan
0.081,icmp,telnet,REJ,20,0,176,1,0.143,0.972,255,3,0.024,0.971,port_scan
0.036,tcp,other,REJ,20,0,66,3,0.061,0.854,255,8,0.054,0.972,port_scan
0.084,tcp,eco_i,REJ,64,0,65,4,0.061,0.923,255,8,0.046,0.747,port_scan
0.0,tcp,http,S0,0,0,182,200,0.955,0.023,255,48,0.124,0.724,dos_syn_flood
2.380200754641687,tcp,https,SF,1359,5411,6,2,0.956,0.174,87,80,0.739,0.086,normal
8.710132871331666,tcp,http,SF,240,140,4,7,0.734,0.287,76,51,0.859,0.007,normal
0.192,tcp,eco_i,RSTR,0,0,189,3,0.077,0.946,255,6,0.06,0.781,port_scan
0.0,tcp,http,S0,44,0,479,270,0.984,0.025,255,24,0.071,0.6,dos_syn_flood
0.4544059849854614,udp,dns,SF,122,464,5,3,0.811,0.054,78,19,0.924,0.02,normal
0.0,tcp,http,RSTOS0,60,0,261,274,0.976,0.041,255,16,0.181,0.883,dos_syn_flood
2.4632325676378337,udp,dns,SF,85,28253,4,2,0.785,0.015,66,84,0.727,0.192,normal
0.051,tcp,eco_i,REJ,0,0,109,1,0.084,0.966,255,10,0.078,0.722,port_scan
0.5586237283014812,tcp,http,SF,272,1229,3,3,0.936,0.111,31,84,0.677,0.185,normal
0.103,tcp,eco_i,REJ,20,0,77,3,0.127,0.953,255,14,0.015,0.911,port_scan
0.178,tcp,eco_i,REJ,64,0,198,3,0.024,0.987,255,14,0.064,0.759,port_scan
1.2660091897388792,tcp,http,SF,225,2169,2,4,0.706,0.069,47,62,0.829,0.195,normal
2.636384403722107,tcp,http,SF,340,964,4,5,0.831,0.183,44,44,0.689,0.083,normal
0.4813150920632198,icmp,other,SF,933,4730,4,6,0.769,0.176,59,70,0.741,0.127,normal
1.34,tcp,ssh,REJ,406,243,66,68,0.954,0.029,201,46,0.854,0.115,ssh_bruteforce
0.067,tcp,private,REJ,40,0,160,2,0.118,0.952,255,10,0.031,0.744,port_scan
0.0,tcp,http,S0,60,0,505,158,0.991,0.046,255,45,0.116,0.803,dos_syn_flood
0.153,tcp,eco_i,RSTR,0,0,82,3,0.147,0.878,255,14,0.063,0.919,port_scan
5.529633613724082,tcp,http,SF,1066,1369,8,7,0.765,0.178,48,64,0.9,0.039,normal
0.0,tcp,http,S0,0,0,307,210,0.953,0.046,255,34,0.165,0.748,dos_syn_flood
2.127936147087376,tcp,http,SF,1455,644,5,3,0.968,0.208,71,69,0.997,0.072,normal
0.0,tcp,http,S0,60,0,383,325,0.993,0.021,255,44,0.144,0.678,dos_syn_flood
0.192,tcp,other,REJ,20,0,61,3,0.093,0.853,255,5,0.014,0.887,port_scan
0.0,tcp,http,S0,44,0,483,240,0.968,0.002,255,29,0.18,0.719,dos_syn_flood
0.002480891731740221,tcp,https,SF,1052,6207,6,10,0.89,0.222,60,77,0.954,0.168,normal
0.03975032380667515,tcp,https,SF,736,2015,5,3,0.778,0.161,81,35,0.855,0.061,normal
0.6191163432326483,tcp,http,SF,998,1468,8,7,0.868,0.122,76,26,0.998,0.109,normal
3.296252042063577,tcp,http,SF,107,359,5,4,0.925,0.277,88,53,0.674,0.062,normal
1.4631655561704027,tcp,https,SF,1071,1166,7,4,0.773,0.033,26,26,0.616,0.002,normal
3.3118595800972317,tcp,http,SF,845,690,5,0,0.7,0.281,22,84,0.623,0.122,normal
0.8855441657346474,tcp,ssh,SF,2470,34499,4,1,0.955,0.266,92,69,0.936,0.141,normal
0.43282883737776173,tcp,ssh,SF,179,287,5,0,0.729,0.205,15,48,0.643,0.066,normal
1.6513856571919139,udp,dns,SF,563,85,5,2,0.875,0.053,66,72,0.843,0.007,normal
1.5419891954924847,udp,dns,SF,391,1083,3,3,0.772,0.064,69,96,0.882,0.043,normal
4.596318385883038,tcp,http,SF,820,328,5,2,0.727,0.047,93,62,0.704,0.091,normal
0.0,tcp,private,S0,44,0,463,252,0.987,0.049,255,23,0.16,0.738,dos_syn_flood
1.6678615508934707,tcp,ssh,SF,828,4309,5,1,0.84,0.256,98,51,0.973,0.025,normal
4.407735084219582,tcp,ssh,SF,455,636,5,5,0.779,0.131,67,30,0.738,0.093,normal
0.3897772002145345,tcp,https,SF,197,2672,4,3,0.968,0.231,89,89,0.749,0.176,normal
2.1967089512276896,tcp,http,SF,231,20413,2,5,0.86,0.038,45,52,0.882,0.04,normal
3.4638955010531873,udp,dns,SF,263,12471,5,5,0.859,0.283,3,92,0.693,0.192,normal
3.088403992849344,udp,dns,SF,525,3322,7,4,0.82,0.072,32,1,0.787,0.09,normal
2.0045457374135225,tcp,http,SF,1389,242,5,3,0.726,0.113,58,62,0.933,0.121,normal
0.0,tcp,http,S0,60,0,364,500,0.992,0.018,255,31,0.086,0.71,dos_syn_flood
0.0,tcp,http,S0,60,0,424,389,0.999,0.012,255,29,0.142,0.752,dos_syn_flood
2.556385869888457,tcp,https,REJ,2019,23,10,4,0.823,0.098,87,97,0.739,0.087,normal
6.735583753659223,tcp,http,SF,109,13862,5,2,0.915,0.134,59,86,0.914,0.104,normal
0.4881892203794544,tcp,http,S0,412,413,3,3,0.874,0.012,78,26,0.833,0.177,normal
2.91,tcp,ssh,SF,367,149,35,28,0.953,0.09,124,56,0.844,0.131,ssh_bruteforce
0.0,tcp,other,S0,0,0,383,511,0.959,0.018,255,36,0.146,0.697,dos_syn_flood
2.5246000753595634,tcp,https,SF,105,337,6,1,0.742,0.033,71,61,0.718,0.131,normal
4.340202484694278,tcp,https,SF,791,718,4,3,0.724,0.106,39,2,0.867,0.136,normal
2.456801769616537,tcp,https,SF,330,11477,4,4,0.789,0.261,76,48,0.806,0.037,normal
2.393973279627563,tcp,http,SF,327,2785,6,2,0.836,0.256,79,49,0.632,0.038,normal
10.9895284700099,udp,dns,SF,3599,1502,3,7,0.905,0.006,98,34,0.854,0.03,normal
4.288928844081113,tcp,http,SF,1003,360,4,4,0.933,0.125,99,41,0.875,0.058,normal
1.86,tcp,ssh,REJ,458,207,67,71,0.965,0.079,230,58,0.931,0.126,ssh_bruteforce
5.362949358091442,tcp,https,SF,282,378,7,4,0.801,0.128,90,36,0.678,0.002,normal
9.02376742781874,tcp,http,SF,1275,1735,2,1,0.864,0.023,77,81,0.635,0.172,normal
0.0,tcp,http,S0,60,0,383,423,0.968,0.016,255,37,0.168,0.749,dos_syn_flood
2.250282006910736,udp,dns,SF,215,466,3,6,0.826,0.25,92,85,0.926,0.104,normal
4.079155142653478,tcp,https,SF,290,1063,5,6,0.712,0.219,8,19,0.769,0.061,normal
0.0,tcp,private,S0,44,0,326,438,0.957,0.021,255,39,0.107,0.896,dos_syn_flood
0.4995901390362609,tcp,ssh,SF,337,163,4,4,0.989,0.004,86,99,0.898,0.158,normal
7.747511374708664,tcp,https,SF,856,17285,5,2,0.853,0.292,56,4,0.859,0.117,normal
4.134678501765158,udp,dns,SF,454,47,7,5,0.845,0.284,8,99,0.682,0.179,normal
7.837988559927621,tcp,http,SF,1512,4866,9,9,0.852,0.29,86,75,0.873,0.16,normal
0.49140824901209773,tcp,https,SF,1466,925,7,3,0.843,0.109,10,54,0.961,0.033,normal
0.6507248847908742,icmp,other,SF,7033,4062,4,2,0.705,0.023,34,40,0.742,0.085,normal
5.664589647605808,tcp,http,SF,1778,3414,3,3,0.74,0.089,34,1,0.923,0.078,normal
0.23078402443481705,tcp,ssh,SF,214,324,5,4,0.772,0.284,1,50,0.897,0.0,normal
7.52075076715752,tcp,ssh,SF,1973,33068,4,1,0.883,0.184,22,31,0.723,0.106,normal
3.279675573424771,tcp,ssh,SF,254,4676,8,3,0.707,0.017,20,45,0.963,0.144,normal
1.042746799242351,udp,dns,SF,853,28054,6,3,0.781,0.057,57,5,0.997,0.096,normal
0.131,tcp,private,REJ,40,0,117,1,0.074,0.952,255,2,0.08,0.952,port_scan
0.94,tcp,ssh,REJ,338,228,32,52,0.969,0.011,197,47,0.796,0.029,ssh_bruteforce
0.8931515699267822,tcp,https,SF,462,12358,6,5,0.733,0.181,53,5,0.865,0.065,normal
1.0193016983296241,udp,dns,SF,1292,11909,3,3,0.744,0.047,54,17,0.932,0.112,normal
1.1681810455089487,udp,dns,SF,155,3830,4,4,0.979,0.207,92,50,0.603,0.16,normal
6.1103147514318445,icmp,other,SF,4428,2232,3,2,0.935,0.253,1,53,0.959,0.181,normal
0.3592883165777552,tcp,https,SF,150,24325,3,1,0.728,0.28,13,23,0.869,0.166,normal
1.6008538568188544,udp,dns,SF,380,6009,6,1,0.942,0.198,50,58,0.962,0.075,normal
0.9089969568617707,tcp,http,SF,3061,6020,10,3,0.914,0.171,60,61,0.825,0.132,normal
0.0,tcp,http,RSTOS0,44,0,259,200,0.983,0.024,255,46,0.189,0.613,dos_syn_flood
0.0,tcp,private,S0,60,0,274,460,0.962,0.04,255,12,0.138,0.628,dos_syn_flood
10.28432882455138,tcp,ssh,SF,1173,1512,8,6,0.722,0.24,13,66,0.635,0.004,normal
0.0,tcp,http,S0,44,0,234,472,0.963,0.043,255,46,0.085,0.689,dos_syn_flood
0.0,tcp,http,S0,44,0,292,410,0.957,0.048,255,19,0.121,0.702,dos_syn_flood
0.142,tcp,eco_i,REJ,0,0,151,3,0.122,0.998,255,6,0.017,0.957,port_scan
0.5732202514890662,tcp,https,SF,3895,1372,2,2,0.878,0.06,91,11,0.717,0.178,normal
1.0124547597081017,tcp,https,SF,2214,812,8,1,0.909,0.283,43,52,0.818,0.061,normal
1.372974557297293,tcp,https,SF,2031,2884,6,6,0.929,0.137,69,10,0.708,0.02,normal
0.5721817089920909,tcp,http,SF,580,585,5,6,0.789,0.002,13,55,0.759,0.06,normal
0.6145752042843998,tcp,http,SF,166,1852,4,6,0.908,0.152,72,73,0.752,0.104,normal
2.58,tcp,ftp,SF,343,260,81,62,0.958,0.044,130,51,0.938,0.037,ssh_bruteforce
0.0,tcp,private,S0,0,0,491,221,0.983,0.049,255,26,0.057,0.86,dos_syn_flood
0.4185184497797165,tcp,http,SF,5318,51377,5,2,0.99,0.167,1,92,0.833,0.2,normal
1.51,tcp,ssh,SF,372,225,35,26,0.912,0.01,252,66,0.898,0.129,ssh_bruteforce
1.5897293152247183,tcp,https,S0,1160,982,6,4,0.722,0.044,31,4,0.626,0.045,normal
1.91,tcp,ftp,SF,356,237,49,36,0.95,0.089,154,69,0.772,0.053,ssh_bruteforce
2.0129998350507194,tcp,http,SF,3366,3627,2,6,0.841,0.223,93,53,0.863,0.1,normal
0.16079115949881773,tcp,http,SF,806,1816,6,4,0.948,0.22,86,5,0.604,0.083,normal
4.604223811649184,udp,dns,SF,3772,3023,5,5,0.874,0.102,25,96,0.867,0.07,normal
1.3424680019466946,tcp,http,SF,386,1567,5,4,0.912,0.15,34,36,0.65,0.136,normal
0.79,tcp,ftp,REJ,319,210,72,53,0.997,0.013,182,59,0.79,0.035,ssh_bruteforce
0.12304228048331838,tcp,http,SF,2976,369,9,5,0.881,0.039,22,43,0.636,0.098,normal
0.48410658386975786,udp,dns,SF,2333,203,7,4,0.745,0.124,11,3,0.765,0.13,normal
0.5485294664384455,tcp,http,SF,3886,4130,8,0,0.769,0.03,27,81,0.905,0.101,normal
0.0,tcp,private,S0,0,0,217,467,0.956,0.024,255,11,0.162,0.892,dos_syn_flood
0.0,tcp,http,S0,44,0,340,158,0.999,0.03,255,41,0.127,0.682,dos_syn_flood
0.178,icmp,private,REJ,20,0,120,3,0.04,0.901,255,14,0.066,0.884,port_scan
4.153922743455735,tcp,ssh,SF,474,391,3,1,0.792,0.231,66,3,0.903,0.145,normal
2.314415314340423,tcp,http,SF,652,21025,2,3,0.849,0.205,23,59,0.821,0.195,normal
5.742880011115959,tcp,http,SF,967,2264,4,7,0.918,0.186,57,26,0.939,0.063,normal
0.3497647957699857,tcp,http,SF,547,447,5,4,0.726,0.241,68,60,0.737,0.192,normal
2.4552138497642466,udp,dns,SF,3000,468,2,2,0.703,0.047,85,44,0.694,0.144,normal
0.0,tcp,http,RSTOS0,0,0,241,187,0.991,0.043,255,26,0.124,0.83,dos_syn_flood
1.103119014851582,tcp,http,SF,951,3603,6,3,0.798,0.132,59,55,0.894,0.134,normal
0.6018595747229344,tcp,smtp,SF,1264,5648,9,10,0.714,0.242,66,55,0.892,0.019,normal
3.7109666850006295,tcp,http,SF,106,36306,7,2,0.961,0.246,16,81,0.925,0.156,normal
2.1729625235167873,tcp,http,SF,320,1698,2,1,0.944,0.188,87,58,0.893,0.192,normal
5.289379607533614,tcp,http,SF,5711,3905,3,3,0.905,0.017,99,48,0.737,0.095,normal
0.0,tcp,private,S0,44,0,505,500,0.987,0.03,255,39,0.11,0.823,dos_syn_flood
0.0,tcp,other,S0,60,0,264,222,0.97,0.03,255,26,0.199,0.632,dos_syn_flood
0.05,tcp,eco_i,REJ,20,0,104,1,0.136,0.912,255,13,0.064,0.86,port_scan
1.7517642016545818,udp,dns,SF,873,553,8,6,0.816,0.116,38,95,0.759,0.177,normal
0.0,tcp,other,S0,0,0,238,279,0.989,0.018,255,24,0.169,0.711,dos_syn_flood
0.0,tcp,other,S0,44,0,369,372,0.957,0.014,255,10,0.141,0.751,dos_syn_flood
0.0,tcp,http,S0,44,0,158,207,0.995,0.002,255,45,0.167,0.856,dos_syn_flood
3.792862271380826,tcp,http,SF,1439,1770,5,7,0.784,0.152,30,68,0.913,0.023,normal
2.9833695742281376,tcp,https,S0,211,58480,6,7,0.999,0.036,13,65,0.916,0.072,normal
2.6963038039564413,tcp,smtp,SF,797,68,3,5,0.736,0.256,59,91,0.89,0.074,normal
0.096,tcp,private,REJ,64,0,72,2,0.1,0.938,255,8,0.076,0.882,port_scan
2.588968811768737,tcp,https,SF,150,813,5,7,0.887,0.113,28,78,0.838,0.057,normal
0.143,tcp,private,S0,64,0,185,1,0.022,0.911,255,3,0.06,0.894,port_scan
5.08706424228624,tcp,http,REJ,822,4594,4,3,0.799,0.227,51,49,0.785,0.082,normal
1.5,tcp,ftp,REJ,288,236,52,52,0.989,0.059,187,79,0.797,0.101,ssh_bruteforce
1.5070864644924333,tcp,http,SF,1566,182,6,2,0.956,0.023,4,94,0.996,0.162,normal
0.0,tcp,http,S0,0,0,303,502,0.999,0.009,255,41,0.127,0.646,dos_syn_flood
10.189931402177532,tcp,http,SF,228,1152,6,4,0.968,0.155,26,47,0.686,0.079,normal
5.185822282308346,tcp,http,SF,4949,3282,4,4,0.899,0.211,25,7,0.838,0.161,normal
3.68115799588486,udp,dns,SF,1979,4174,4,6,0.858,0.087,19,77,0.605,0.083,normal
0.096,tcp,private,REJ,20,0,132,2,0.051,0.998,255,5,0.079,0.884,port_scan
4.943235283217239,tcp,https,SF,427,5631,7,6,0.872,0.253,19,26,0.703,0.125,normal
0.109,tcp,other,REJ,0,0,56,4,0.054,0.983,255,14,0.078,0.707,port_scan
0.6839214808401268,tcp,https,SF,118,73069,5,5,0.821,0.204,75,88,0.802,0.163,normal
0.0,tcp,http,S0,0,0,199,187,0.982,0.037,255,19,0.187,0.823,dos_syn_flood
0.3540102287849126,tcp,https,SF,249,7334,7,4,0.794,0.146,25,95,0.789,0.035,normal
0.0,tcp,http,S0,44,0,178,499,0.968,0.04,255,43,0.074,0.69,dos_syn_flood
0.0,tcp,http,S0,60,0,325,261,0.992,0.029,255,11,0.069,0.814,dos_syn_flood
1.520109626514672,tcp,ftp,SF,1039,20866,6,2,0.828,0.286,22,57,0.98,0.101,normal
0.0,tcp,http,RSTOS0,0,0,396,295,0.976,0.008,255,22,0.071,0.832,dos_syn_flood
0.0,tcp,http,S0,0,0,324,229,0.995,0.044,255,38,0.125,0.666,dos_syn_flood
2.0549346747531345,tcp,https,SF,444,2408,6,3,0.87,0.18,84,42,0.957,0.051,normal
0.2637194889939842,tcp,https,SF,2551,1757,3,2,0.932,0.225,8,39,0.642,0.04,normal
2.756420039346064,tcp,https,SF,1219,2338,12,2,0.965,0.108,25,9,0.686,0.199,normal
0.117,tcp,private,REJ,40,0,52,4,0.135,0.942,255,7,0.036,0.905,port_scan
0.0,tcp,http,S0,60,0,372,392,0.987,0.003,255,22,0.101,0.727,dos_syn_flood
0.0,tcp,private,S0,44,0,436,429,0.951,0.014,255,30,0.2,0.812,dos_syn_flood
1.051590029005672,tcp,https,SF,1193,1327,6,4,0.8,0.196,70,62,0.631,0.148,normal
1.1571900588322717,tcp,https,SF,64,3551,6,3,0.718,0.1,82,57,0.922,0.06,normal
0.0,tcp,http,S0,0,0,354,281,0.997,0.013,255,35,0.1,0.64,dos_syn_flood
1.2470385668527495,udp,dns,SF,1495,2569,6,3,0.804,0.13,56,61,0.726,0.005,normal
0.0,tcp,private,S0,60,0,470,501,0.992,0.028,255,46,0.198,0.709,dos_syn_flood
1.8246242340642207,tcp,http,SF,1145,775,4,6,0.918,0.233,2,8,0.721,0.102,normal
0.0,tcp,http,S0,60,0,423,260,0.977,0.043,255,46,0.099,0.708,dos_syn_flood
0.085,tcp,telnet,S0,0,0,184,3,0.078,0.856,255,10,0.06,0.816,port_scan
3.1511485741555068,tcp,https,SF,142,847,8,6,0.963,0.06,28,53,0.915,0.167,normal
0.0,tcp,http,S0,44,0,345,221,0.965,0.048,255,48,0.151,0.813,dos_syn_flood
0.975959507203686,udp,dns,SF,6395,2349,6,2,0.715,0.084,97,1,0.696,0.029,normal
1.6301424581067119,tcp,http,SF,460,106,4,7,0.997,0.21,49,59,0.94,0.064,normal
8.64892643328009,tcp,http,SF,1598,6935,5,2,0.839,0.157,37,91,0.64,0.036,normal
4.60368401772361,tcp,https,SF,133,11726,5,2,0.918,0.197,15,66,0.742,0.164,normal
4.928002362944191,tcp,https,SF,2965,7797,9,3,0.828,0.022,99,28,0.805,0.013,normal
1.3123569583731634,tcp,http,SF,557,421,6,7,0.98,0.237,61,17,0.969,0.016,normal
0.9306397106148228,udp,dns,SF,2162,1663,3,5,0.939,0.08,22,43,0.816,0.168,normal
1.72,tcp,ftp,SF,416,203,70,25,0.977,0.029,184,71,0.902,0.043,ssh_bruteforce
0.0,tcp,private,S0,0,0,213,291,0.962,0.002,255,44,0.163,0.836,dos_syn_flood
0.4439128465548089,udp,dns,SF,310,328,4,10,0.875,0.182,93,16,0.615,0.069,normal
1.09,tcp,ftp,SF,325,194,78,53,0.956,0.071,228,46,0.782,0.087,ssh_bruteforce
0.041,tcp,private,REJ,20,0,150,1,0.116,0.891,255,14,0.035,0.701,port_scan
0.506391317407962,tcp,http,SF,901,1913,6,6,0.92,0.116,10,54,0.621,0.151,normal
1.0406941541310875,tcp,http,SF,4296,5664,3,7,0.701,0.282,7,65,0.884,0.085,normal
0.122,tcp,other,REJ,64,0,62,4,0.129,0.919,255,8,0.03,0.988,port_scan
1.571726201229813,tcp,http,SF,1294,2645,4,5,0.914,0.207,92,55,0.827,0.115,normal
0.069,tcp,private,REJ,64,0,148,1,0.035,0.86,255,4,0.011,0.719,port_scan
1.53,tcp,ssh,REJ,379,269,32,31,0.944,0.082,135,70,0.816,0.084,ssh_bruteforce
1.4368901425411893,icmp,other,SF,696,4489,5,6,0.75,0.278,2,25,0.764,0.086,normal
2.788765633369964,udp,dns,SF,3480,1595,3,3,0.893,0.114,54,18,0.84,0.18,normal
3.7386057349690116,tcp,http,SF,258,4999,4,6,0.824,0.11,13,39,0.642,0.186,normal
2.58,tcp,ssh,SF,348,224,46,73,0.907,0.003,111,36,0.89,0.074,ssh_bruteforce
0.6885749744554572,tcp,https,SF,398,2884,7,4,0.782,0.069,20,82,0.955,0.046,normal
1.5301149488801635,tcp,ssh,SF,203,506,4,5,0.768,0.232,60,62,0.829,0.106,normal
0.9188399648279499,udp,dns,SF,176,655,5,1,0.73,0.167,26,66,0.838,0.132,normal
4.883300974861642,tcp,http,SF,942,767,7,1,0.884,0.252,4,65,0.683,0.165,normal
0.0,tcp,http,S0,44,0,153,394,0.96,0.021,255,22,0.168,0.774,dos_syn_flood
0.8683372460296086,tcp,http,SF,1275,519,5,2,0.822,0.052,41,9,0.798,0.148,normal
0.036,tcp,eco_i,REJ,0,0,187,4,0.127,0.852,255,13,0.015,0.884,port_scan
0.036841845419578675,tcp,https,SF,1163,1390,3,3,0.893,0.049,79,71,0.877,0.145,normal
0.2556448138881789,udp,dns,SF,105,4819,7,4,0.954,0.197,62,16,0.822,0.069,normal
0.2252850073908625,tcp,http,SF,2147,100,6,3,0.806,0.045,17,33,0.827,0.034,normal
3.8769599533522916,udp,dns,SF,843,4972,4,8,0.732,0.27,9,29,0.764,0.189,normal
0.5643702758584388,tcp,https,SF,486,490,7,5,0.734,0.255,75,28,0.745,0.022,normal
3.0857526808953004,tcp,ssh,SF,6511,1297,7,3,0.942,0.057,98,6,0.881,0.186,normal
4.067394721950023,tcp,http,SF,726,3692,9,5,0.951,0.261,90,71,0.736,0.151,normal
0.057,tcp,private,REJ,0,0,95,2,0.108,0.935,255,10,0.063,0.867,port_scan
0.9130739452920893,tcp,https,SF,1463,10752,6,3,0.795,0.114,17,90,0.971,0.018,normal
2.8303301681105975,tcp,http,SF,1090,1206,4,8,0.795,0.233,13,40,0.605,0.064,normal
2.1038597679076476,udp,dns,SF,1527,4332,10,2,0.835,0.225,92,6,0.854,0.037,normal
0.9430889507743261,tcp,http,SF,827,495,6,1,0.854,0.073,15,46,0.8,0.196,normal
5.137018535104411,udp,dns,SF,3734,7844,9,7,0.765,0.287,35,71,0.974,0.077,normal
0.04906625273314511,tcp,http,SF,715,1612,10,4,0.793,0.048,43,71,0.835,0.123,normal
4.464362779166391,tcp,ssh,SF,154,359,7,2,0.873,0.21,40,41,0.874,0.069,normal
0.0,tcp,http,RSTOS0,44,0,368,205,0.971,0.029,255,21,0.134,0.768,dos_syn_flood
0.7024859389564897,udp,dns,SF,661,84,4,2,0.833,0.203,43,36,0.661,0.146,normal
3.6426815697203345,tcp,http,SF,383,32949,3,2,0.779,0.11,8,97,0.992,0.028,normal
2.0539106105942566,tcp,ssh,SF,41,4388,5,5,0.976,0.01,26,43,0.935,0.099,normal
0.6369273216706156,tcp,https,SF,695,2170,12,6,0.862,0.027,33,36,0.916,0.052,normal
1.36,tcp,ssh,SF,374,219,52,28,0.943,0.0,252,73,0.739,0.145,ssh_bruteforce
5.2276771629146435,tcp,https,SF,3363,769,7,7,0.76,0.133,15,89,0.748,0.191,normal
0.4620600285028723,tcp,https,SF,627,3765,5,1,0.827,0.239,51,22,0.781,0.147,normal
0.42057742649021057,tcp,http,SF,3437,404,4,2,0.912,0.276,84,29,0.748,0.114,normal
0.9645622135123094,udp,dns,SF,1883,465,3,2,0.864,0.04,73,20,0.733,0.096,normal
1.9485900431640821,udp,dns,SF,245,989,10,3,0.894,0.124,14,42,0.872,0.013,normal
0.0,tcp,http,S0,60,0,226,251,0.981,0.018,255,17,0.151,0.607,dos_syn_flood
0.186,tcp,private,REJ,0,0,63,3,0.082,0.974,255,1,0.04,0.983,port_scan
2.17950134692186,udp,dns,SF,284,443,4,4,0.731,0.254,40,86,0.779,0.165,normal
3.782302856129066,tcp,http,SF,713,7391,3,3,0.93,0.017,43,25,0.651,0.173,normal
0.175,tcp,private,REJ,20,0,62,4,0.07,0.94,255,7,0.015,0.895,port_scan
0.0,tcp,http,S0,44,0,259,466,0.975,0.023,255,25,0.16,0.854,dos_syn_flood
0.8190116225708842,udp,dns,SF,396,331,4,1,0.92,0.066,99,9,0.861,0.172,normal
0.157,tcp,other,RSTR,0,0,182,1,0.064,0.916,255,12,0.015,0.986,port_scan
7.141197684682683,udp,dns,SF,173,53,5,2,0.901,0.171,67,77,0.79,0.071,normal
4.17991020438795,tcp,http,SF,5316,5341,7,4,0.977,0.002,86,87,0.906,0.019,normal
0.48135497775402813,udp,dns,SF,1321,635,5,3,0.745,0.113,59,90,0.802,0.166,normal
1.0900621678867348,tcp,http,SF,1877,2788,5,2,0.803,0.169,24,14,0.794,0.148,normal
2.0147509245086406,udp,dns,SF,70,50036,1,1,0.728,0.032,30,38,0.979,0.018,normal
0.4847567747788214,tcp,http,SF,950,9188,9,5,0.741,0.011,55,43,0.699,0.156,normal
5.124738448769278,udp,dns,SF,2073,628,7,3,0.758,0.246,42,33,0.676,0.144,normal
2.38,tcp,ssh,SF,342,220,37,44,0.902,0.009,128,38,0.85,0.146,ssh_bruteforce
0.20607126440232104,tcp,https,SF,706,4736,5,3,0.828,0.159,72,80,0.993,0.128,normal
7.520108095796481,tcp,http,SF,121,12727,7,5,0.957,0.269,50,57,0.759,0.043,normal
0.012,tcp,private,REJ,40,0,110,1,0.05,0.893,255,4,0.037,0.989,port_scan
2.0879152114710924,tcp,http,SF,294,264,4,6,0.747,0.277,83,72,0.834,0.194,normal
6.178160185692002,tcp,http,SF,1082,61,10,2,0.775,0.049,81,8,0.716,0.12,normal
2.772888512819947,udp,dns,SF,334,167,6,6,0.872,0.004,73,22,0.634,0.086,normal
3.0551981448501286,tcp,https,SF,389,1515,9,4,0.901,0.052,57,71,0.985,0.002,normal
2.89,tcp,ssh,SF,372,241,46,28,0.994,0.049,192,39,0.755,0.075,ssh_bruteforce
11.615380113996368,tcp,http,SF,2446,1275,7,2,0.731,0.091,57,80,0.607,0.059,normal
2.7704171860505777,tcp,http,SF,360,1606,3,7,0.946,0.239,96,98,0.85,0.088,normal
0.0,tcp,http,S0,0,0,431,400,0.954,0.029,255,30,0.156,0.838,dos_syn_flood
1.0668537846805484,icmp,other,SF,351,1077,5,2,0.897,0.202,50,70,0.818,0.004,normal
0.8150944675338248,tcp,smtp,SF,2682,24730,11,6,0.984,0.122,79,91,0.88,0.194,normal
4.8871081997546675,tcp,https,SF,307,299,6,8,0.811,0.096,36,33,0.941,0.059,normal
4.558357771072013,tcp,http,SF,3557,35,13,7,0.97,0.196,47,27,0.961,0.065,normal
1.0660156776554433,tcp,https,SF,292,1306,5,3,0.715,0.045,11,33,0.977,0.135,normal
1.83319382989453,udp,dns,SF,777,18564,2,5,0.911,0.241,47,67,0.617,0.125,normal
1.2587981050174766,tcp,http,SF,139,12301,9,5,0.715,0.016,73,60,0.659,0.175,normal
0.0,tcp,private,S0,60,0,293,486,1.0,0.016,255,35,0.141,0.738,dos_syn_flood
2.162897275045711,udp,dns,SF,307,307,1,2,0.82,0.296,34,62,0.9,0.055,normal
0.040126604124401104,tcp,http,SF,127,424,3,4,0.851,0.278,26,6,0.801,0.073,normal
0.0,tcp,http,RSTOS0,60,0,428,500,0.964,0.023,255,27,0.053,0.628,dos_syn_flood
0.008,icmp,eco_i,REJ,0,0,85,3,0.036,0.957,255,2,0.066,0.951,port_scan
2.5,tcp,ssh,REJ,284,189,74,63,0.936,0.078,141,58,0.878,0.116,ssh_bruteforce
0.0,tcp,http,S0,60,0,193,249,0.959,0.044,255,12,0.194,0.65,dos_syn_flood
0.0,tcp,http,S0,0,0,184,428,0.985,0.002,255,28,0.167,0.74,dos_syn_flood
1.79,tcp,ftp,SF,326,253,77,73,0.933,0.029,149,73,0.916,0.03,ssh_bruteforce
0.0,tcp,http,S0,0,0,376,373,0.967,0.006,255,33,0.118,0.845,dos_syn_flood
0.045,icmp,other,REJ,20,0,186,1,0.126,0.922,255,11,0.035,0.911,port_scan
0.0,tcp,private,S0,0,0,356,493,0.985,0.034,255,31,0.158,0.76,dos_syn_flood
0.0,tcp,other,S0,60,0,230,489,0.955,0.014,255,37,0.072,0.789,dos_syn_flood
7.309203213999177,tcp,ftp,SF,1726,13680,7,6,0.947,0.121,11,55,0.625,0.01,normal
0.056,tcp,private,REJ,20,0,61,1,0.019,0.951,255,8,0.073,0.835,port_scan
5.098498613358168,tcp,https,SF,363,117012,3,6,0.837,0.224,54,58,0.652,0.003,normal
4.161606377639243,tcp,http,SF,16863,1431,3,3,0.891,0.25,48,67,0.77,0.025,normal
5.3656197472807845,tcp,http,SF,1069,18796,4,3,0.897,0.281,94,41,0.742,0.148,normal
9.126977473652893,tcp,ftp,SF,329,869,4,4,0.922,0.046,89,83,0.999,0.165,normal
1.6918403984269557,tcp,http,SF,195,9047,6,4,0.878,0.222,92,7,0.721,0.141,normal
0.0,tcp,http,S0,44,0,269,456,0.951,0.037,255,25,0.159,0.843,dos_syn_flood
0.20643182720257652,udp,dns,SF,767,3843,5,5,0.977,0.037,66,57,0.634,0.191,normal
0.0,tcp,private,S0,0,0,385,241,0.996,0.043,255,46,0.169,0.634,dos_syn_flood
0.5907276697845659,tcp,ssh,SF,1324,17446,4,5,0.724,0.051,15,21,0.99,0.16,normal
0.81370933464856,tcp,http,SF,331,6506,4,2,0.979,0.05,40,19,0.764,0.182,normal
0.026,icmp,other,REJ,20,0,69,2,0.047,0.992,255,10,0.011,0.936,port_scan
5.760440561714023,udp,dns,SF,2062,562,4,3,0.943,0.08,28,98,0.635,0.019,normal
4.363664621691433,tcp,smtp,SF,368,5096,7,3,0.845,0.276,42,91,0.932,0.063,normal
7.033527984798612,tcp,https,SF,1353,3839,5,4,0.843,0.191,74,2,0.866,0.035,normal
0.0,tcp,other,S0,60,0,395,211,0.955,0.046,255,21,0.082,0.872,dos_syn_flood
0.0,tcp,http,S0,60,0,277,472,0.985,0.032,255,18,0.192,0.811,dos_syn_flood
0.0,tcp,http,S0,0,0,272,176,0.959,0.046,255,17,0.051,0.859,dos_syn_flood
0.033,icmp,private,REJ,0,0,199,1,0.047,0.939,255,11,0.023,0.715,port_scan
0.0,tcp,http,S0,0,0,318,461,0.968,0.045,255,17,0.114,0.745,dos_syn_flood
1.98,tcp,ftp,REJ,293,211,47,25,0.99,0.075,233,78,0.925,0.088,ssh_bruteforce
0.0,tcp,private,S0,44,0,273,510,0.975,0.027,255,27,0.087,0.814,dos_syn_flood
0.6785485198960693,tcp,http,SF,583,606,4,3,0.945,0.268,53,93,0.718,0.135,normal
0.149,tcp,telnet,RSTR,64,0,83,3,0.124,0.97,255,6,0.024,0.86,port_scan
2.282356384439883,tcp,ftp,SF,502,1272,4,4,0.791,0.157,89,49,0.81,0.08,normal
0.9732920142547563,tcp,http,SF,12647,355,7,5,0.814,0.238,39,77,0.886,0.017,normal
0.093,tcp,other,REJ,0,0,85,1,0.126,0.909,255,4,0.038,0.793,port_scan
0.057,tcp,private,REJ,20,0,171,4,0.146,0.955,255,13,0.025,0.723,port_scan
0.042553592671848474,tcp,https,SF,418,363,6,6,0.738,0.036,28,45,0.604,0.019,normal
0.155,tcp,other,RSTR,0,0,109,1,0.103,0.98,255,7,0.025,0.94,port_scan
0.12,tcp,eco_i,REJ,20,0,182,2,0.121,0.99,255,8,0.059,0.89,port_scan
0.0,tcp,http,S0,0,0,506,272,0.986,0.025,255,24,0.159,0.824,dos_syn_flood
11.92154724386494,udp,dns,SF,306,251,5,5,0.987,0.168,98,30,0.913,0.016,normal
0.10476541576464365,tcp,https,SF,15510,1535,5,5,0.775,0.088,18,75,0.974,0.167,normal
4.68408124228319,tcp,https,SF,342,1777,4,4,0.831,0.136,23,35,0.674,0.023,normal
0.88,tcp,ftp,SF,406,234,62,47,0.977,0.046,138,41,0.829,0.114,ssh_bruteforce
1.0671242044803202,tcp,http,SF,9396,144,8,3,0.916,0.058,46,52,0.73,0.089,normal
0.0,tcp,http,S0,0,0,451,501,0.999,0.034,255,48,0.097,0.786,dos_syn_flood
2.644540760361388,tcp,http,SF,1362,5172,10,4,0.772,0.286,74,55,0.81,0.12,normal
0.3908537503756704,tcp,ssh,SF,2335,576,3,5,0.893,0.047,70,5,0.909,0.044,normal
1.1066798550382977,tcp,ssh,SF,2054,1581,3,7,0.876,0.2,19,15,0.758,0.199,normal
0.030258128459453408,udp,dns,SF,272,770,2,7,0.851,0.137,24,70,0.645,0.046,normal
4.407017604277622,tcp,https,SF,1520,438,4,5,0.765,0.12,95,51,0.96,0.068,normal
0.108,tcp,other,REJ,40,0,68,1,0.085,0.958,255,1,0.013,0.986,port_scan
0.9868683124235471,tcp,https,SF,345,2224,6,5,0.877,0.222,23,97,0.642,0.143,normal
0.34271119303322967,udp,dns,SF,134,463,6,2,0.998,0.197,28,62,0.983,0.016,normal
0.056,tcp,eco_i,RSTR,0,0,60,3,0.117,0.928,255,14,0.025,0.805,port_scan
2.3850785442826115,tcp,http,SF,1456,4380,5,1,0.872,0.027,36,17,0.937,0.161,normal
0.17,tcp,eco_i,REJ,0,0,130,3,0.02,0.994,255,9,0.08,0.987,port_scan
2.993087146079441,tcp,https,SF,25,1569,4,3,0.876,0.078,14,8,0.724,0.048,normal
4.705131162390807,tcp,http,SF,2461,3910,6,4,0.703,0.093,53,9,0.627,0.068,normal
0.09,tcp,private,S0,0,0,185,2,0.058,0.903,255,10,0.035,0.791,port_scan
2.05,tcp,ssh,REJ,328,172,71,25,0.926,0.077,130,65,0.91,0.024,ssh_bruteforce
0.0,tcp,http,S0,60,0,423,412,0.965,0.039,255,26,0.115,0.664,dos_syn_flood
0.4625194947232672,tcp,https,SF,6519,14108,3,4,0.765,0.172,13,60,0.614,0.177,normal
5.207736553296862,tcp,http,SF,891,5287,3,2,0.972,0.086,62,65,0.997,0.062,normal
1.208339435981858,tcp,https,S0,94,785,3,3,0.739,0.049,95,39,0.972,0.065,normal
3.0905697858113808,udp,dns,SF,299,3821,3,3,0.845,0.058,9,85,0.914,0.165,normal
4.421768213595787,tcp,http,SF,4082,211,5,5,0.717,0.081,70,89,0.815,0.152,normal
0.676879999619925,tcp,https,SF,1044,4490,8,7,0.748,0.269,78,40,0.93,0.109,normal
0.0,tcp,http,S0,60,0,327,465,0.95,0.037,255,13,0.17,0.61,dos_syn_flood
0.0,tcp,other,S0,0,0,334,231,0.977,0.008,255,20,0.173,0.749,dos_syn_flood
0.020586300551019978,udp,dns,SF,328,2413,4,1,0.727,0.053,92,1,0.675,0.1,normal
3.769158790082571,tcp,http,SF,111,1806,6,6,0.89,0.029,3,18,0.769,0.11,normal
2.527439512009557,tcp,http,SF,253,573,6,2,0.809,0.008,81,32,0.832,0.079,normal
0.0,tcp,http,S0,60,0,324,205,0.983,0.025,255,48,0.134,0.633,dos_syn_flood
0.072,tcp,private,REJ,0,0,91,4,0.136,0.878,255,11,0.063,0.963,port_scan
0.23415909660251738,tcp,smtp,SF,2167,1311,7,3,0.766,0.056,3,6,0.92,0.126,normal
1.8700734301906505,tcp,http,SF,3702,5951,5,5,0.721,0.091,96,58,0.792,0.18,normal
3.159958285582258,icmp,other,SF,1828,30482,8,6,0.81,0.264,54,37,0.795,0.039,normal
0.4097171858526063,tcp,http,SF,126,4400,5,5,0.792,0.038,9,63,0.993,0.114,normal
0.0,tcp,private,S0,44,0,480,428,0.969,0.034,255,18,0.19,0.855,dos_syn_flood
0.038,tcp,other,RSTR,64,0,156,3,0.069,0.944,255,12,0.03,0.808,port_scan
0.0,tcp,http,S0,0,0,275,469,0.988,0.044,255,41,0.066,0.675,dos_syn_flood
0.5838730026836596,tcp,http,SF,4051,5429,7,6,0.77,0.188,60,95,0.673,0.161,normal
4.10777928851085,icmp,other,SF,272,997,5,6,0.889,0.199,56,30,0.621,0.173,normal
0.091,tcp,eco_i,REJ,0,0,76,4,0.113,0.998,255,13,0.04,0.856,port_scan
2.6743640858712165,udp,dns,SF,1625,1805,7,3,0.87,0.188,6,38,0.698,0.087,normal
0.0,tcp,private,S0,44,0,245,369,0.98,0.01,255,39,0.101,0.74,dos_syn_flood
8.853661198907062,tcp,smtp,SF,9977,2300,8,3,0.727,0.023,85,23,0.929,0.169,normal
0.45903920294833245,tcp,http,SF,6161,3188,9,3,0.8,0.019,32,35,0.927,0.041,normal
0.7812878786432387,tcp,https,SF,257,3322,3,5,0.732,0.072,2,3,0.71,0.188,normal
1.536948737830575,udp,dns,SF,306,545,4,7,0.72,0.139,72,44,0.815,0.1,normal
2.6,tcp,ftp,SF,325,232,34,72,0.987,0.032,179,30,0.924,0.117,ssh_bruteforce
0.0,tcp,private,S0,60,0,195,300,0.957,0.011,255,33,0.136,0.609,dos_syn_flood
2.0108528016618243,tcp,https,SF,646,1223,10,4,0.877,0.265,30,11,0.675,0.062,normal
3.187514764743102,tcp,https,SF,3091,8073,3,1,0.916,0.213,9,77,0.87,0.088,normal
2.67907063176698,tcp,smtp,SF,1687,951,3,4,1.0,0.236,82,32,0.662,0.173,normal
0.5443115876965914,tcp,ftp,SF,1176,3548,7,3,0.709,0.229,74,65,0.991,0.088,normal
0.7210108581406842,tcp,ssh,SF,228,12040,5,1,0.783,0.077,62,21,0.978,0.172,normal
3.334797559093954,icmp,other,SF,376,23503,9,5,0.86,0.053,94,44,0.886,0.139,normal
2.34,tcp,ssh,REJ,368,219,77,49,0.999,0.081,164,69,0.802,0.121,ssh_bruteforce
1.145481683550327,tcp,https,SF,532,1844,8,8,0.95,0.235,74,52,0.809,0.06,normal
0.030568250575770436,tcp,ssh,SF,79,1847,5,5,0.885,0.016,45,51,0.738,0.157,normal
0.8173732288334558,tcp,ftp,S0,1909,8,3,4,0.789,0.293,14,2,0.998,0.181,normal
3.6568461152448166,tcp,http,SF,1371,1717,5,6,0.966,0.266,86,49,0.869,0.028,normal
1.42,tcp,ssh,REJ,425,189,74,30,0.931,0.093,221,65,0.937,0.033,ssh_bruteforce
0.116,tcp,other,REJ,64,0,151,4,0.047,0.877,255,13,0.026,0.934,port_scan
0.0,tcp,other,S0,60,0,356,426,0.968,0.015,255,34,0.055,0.893,dos_syn_flood
2.7704637300292765,icmp,other,SF,685,9804,9,6,0.843,0.122,8,63,0.641,0.109,normal
0.0,tcp,private,S0,60,0,210,449,0.997,0.011,255,23,0.181,0.722,dos_syn_flood
0.005,tcp,private,RSTR,64,0,70,2,0.122,0.933,255,8,0.044,0.924,port_scan
0.026,tcp,private,REJ,40,0,81,4,0.094,0.871,255,1,0.046,0.951,port_scan
0.0,tcp,other,S0,20,0,187,1,0.09,0.865,255,7,0.044,0.775,port_scan
2.573662923829424,tcp,http,SF,1637,3246,9,3,0.845,0.028,82,75,0.668,0.124,normal
1.2286728984456756,tcp,ssh,SF,318,19099,4,2,0.878,0.085,50,88,0.657,0.147,normal
0.095,tcp,telnet,REJ,20,0,177,1,0.143,0.954,255,12,0.04,0.744,port_scan
1.8407398260876262,icmp,other,SF,533,1271,5,0,0.716,0.132,72,10,0.891,0.096,normal
1.78,tcp,ssh,SF,322,214,79,58,0.959,0.022,192,31,0.94,0.09,ssh_bruteforce
2.6509994324267754,tcp,http,SF,4139,668,4,6,0.789,0.15,89,79,0.795,0.023,normal
0.22084120272400878,udp,dns,SF,806,5027,3,5,0.879,0.286,82,60,0.982,0.15,normal
0.2791862514959798,tcp,https,SF,155,4446,3,4,0.909,0.295,83,9,0.657,0.024,normal
4.746910830471429,tcp,https,SF,1356,462,1,7,0.952,0.102,79,23,0.927,0.007,normal
0.0,tcp,other,S0,0,0,392,246,0.993,0.017,255,37,0.059,0.801,dos_syn_flood
0.073,tcp,telnet,REJ,0,0,126,3,0.054,0.858,255,4,0.073,0.789,port_scan
4.222435371686611,tcp,ssh,SF,223,3842,5,4,0.806,0.162,49,37,0.918,0.14,normal
1.29,tcp,ssh,SF,298,183,83,51,0.935,0.033,207,72,0.86,0.024,ssh_bruteforce
10.734219580988224,tcp,http,SF,1521,337,7,2,0.928,0.062,51,43,0.672,0.123,normal
1.0562894368221152,udp,dns,SF,427,907,4,4,0.816,0.272,83,43,0.936,0.002,normal
1.9642455694548193,icmp,other,SF,2083,390,4,4,0.945,0.279,80,36,0.78,0.067,normal
10.157121229965869,udp,dns,SF,1081,2269,6,3,0.813,0.08,39,91,0.675,0.191,normal
0.084,tcp,private,RSTR,0,0,196,3,0.028,0.879,255,10,0.077,0.859,port_scan
0.129,tcp,eco_i,REJ,40,0,89,2,0.031,0.988,255,10,0.018,0.738,port_scan
1.5950674426800755,icmp,other,SF,463,1008,3,3,0.853,0.086,72,55,0.868,0.017,normal
0.07039389086233189,tcp,https,SF,612,3529,2,8,0.92,0.03,28,5,0.676,0.049,normal
0.05042735272652747,tcp,http,SF,54,6979,5,1,0.863,0.082,9,11,0.806,0.07,normal
0.0,tcp,http,S0,44,0,511,422,0.953,0.02,255,45,0.119,0.628,dos_syn_flood
5.780852176104849,tcp,https,SF,58,4731,2,4,0.98,0.051,46,79,0.969,0.166,normal
2.175441314180503,tcp,https,SF,2858,2118,4,2,0.728,0.206,6,66,0.946,0.139,normal
0.636096856241341,udp,dns,SF,568,2425,7,1,0.893,0.272,71,10,0.998,0.11,normal
1.0702565360627794,udp,dns,SF,4035,2020,7,5,0.723,0.039,55,80,0.661,0.028,normal
0.46657534140388424,tcp,http,SF,446,3267,5,4,0.905,0.092,74,14,0.973,0.061,normal
1.91,tcp,ssh,SF,348,222,63,79,0.991,0.083,132,38,0.786,0.065,ssh_bruteforce
0.0,tcp,http,S0,0,0,510,403,0.989,0.028,255,25,0.181,0.877,dos_syn_flood
0.0,tcp,private,S0,60,0,313,364,0.962,0.046,255,10,0.084,0.792,dos_syn_flood
5.944590489893171,tcp,https,SF,393,806,5,2,0.839,0.114,57,80,0.761,0.15,normal
3.25174371107341,tcp,http,SF,3256,58,7,4,0.874,0.181,57,33,0.753,0.049,normal
0.5207638668436345,tcp,http,SF,401,4623,4,6,0.99,0.246,57,26,0.674,0.025,normal
3.0339338948092367,tcp,https,SF,1536,515,6,1,0.781,0.196,31,75,0.978,0.079,normal
0.0,tcp,http,S0,44,0,454,364,0.975,0.035,255,35,0.113,0.79,dos_syn_flood
8.385910072001856,udp,dns,SF,19644,441,5,3,0.902,0.04,40,16,0.815,0.009,normal
1.0464619809897546,tcp,http,SF,353,5790,6,5,0.916,0.203,27,17,0.796,0.077,normal
0.0,tcp,other,S0,0,0,207,408,0.989,0.042,255,27,0.123,0.791,dos_syn_flood
0.063,tcp,private,S0,40,0,81,1,0.142,0.934,255,12,0.063,0.821,port_scan
1.4365704437491733,tcp,https,SF,243,192,3,4,0.937,0.267,90,18,0.624,0.134,normal
5.199294574514885,tcp,http,SF,157,3497,6,3,0.918,0.021,66,91,0.677,0.177,normal
2.5928570540329527,tcp,http,SF,1074,651,6,3,0.947,0.046,71,4,0.888,0.056,normal
0.0,tcp,private,S0,60,0,181,185,0.98,0.037,255,27,0.151,0.823,dos_syn_flood
1.7976261363438395,tcp,https,SF,532,25522,1,5,0.997,0.078,52,20,0.729,0.062,normal
0.0,tcp,http,S0,44,0,218,294,0.999,0.026,255,11,0.128,0.629,dos_syn_flood
2.6163700757909787,tcp,https,S0,225,2153,2,2,0.751,0.016,50,29,0.929,0.162,normal
1.9733492628614142,udp,dns,SF,321,1245,5,3,0.985,0.12,89,32,0.709,0.113,normal
3.1191387047167978,tcp,http,SF,5051,28442,3,1,0.896,0.098,96,94,0.836,0.07,normal
0.9989191748953969,udp,dns,SF,1777,1354,6,1,0.872,0.013,72,96,0.809,0.157,normal
1.0740444345582996,tcp,http,SF,202,3932,2,3,0.727,0.11,66,81,0.985,0.155,normal
0.20584988291547668,tcp,http,SF,1162,7707,4,5,0.983,0.291,79,42,0.801,0.044,normal
1.12,tcp,ssh,SF,333,238,89,29,0.99,0.053,215,62,0.752,0.111,ssh_bruteforce
0.188,icmp,eco_i,RSTR,64,0,140,1,0.054,0.853,255,11,0.023,0.762,port_scan
2.9200423225201506,tcp,https,REJ,636,628,4,3,0.786,0.157,6,70,0.746,0.031,normal
0.9653621077974672,tcp,ssh,SF,9334,7918,6,5,0.944,0.065,43,26,0.727,0.194,normal
0.5702395367916349,tcp,ssh,SF,4045,2181,8,3,0.725,0.174,38,55,0.644,0.156,normal
0.138,tcp,private,REJ,64,0,76,1,0.023,0.875,255,3,0.072,0.828,port_scan
0.9178727430312672,tcp,http,SF,176,2105,5,7,0.991,0.038,29,9,0.871,0.108,normal
0.161,tcp,eco_i,S0,0,0,50,4,0.042,0.978,255,1,0.032,0.718,port_scan
0.034,tcp,eco_i,REJ,20,0,86,2,0.026,0.976,255,6,0.065,0.722,port_scan
0.7002224110048476,tcp,https,SF,848,5594,6,1,0.732,0.219,52,14,0.825,0.007,normal
2.54,tcp,ssh,REJ,451,253,70,31,0.91,0.086,138,49,0.775,0.086,ssh_bruteforce
0.0,tcp,http,S0,44,0,315,245,0.958,0.018,255,33,0.149,0.703,dos_syn_flood
1.6102080483413994,tcp,https,SF,1209,637,0,5,0.901,0.207,66,42,0.888,0.074,normal
1.98,tcp,ssh,SF,329,247,54,31,0.93,0.026,240,43,0.763,0.119,ssh_bruteforce
1.110862170364382,tcp,http,SF,3630,6596,7,3,0.822,0.066,22,11,0.874,0.042,normal
0.164,tcp,private,RSTR,0,0,162,1,0.05,0.865,255,10,0.075,0.878,port_scan
1.55,tcp,ssh,SF,374,247,60,71,0.934,0.096,220,67,0.777,0.065,ssh_bruteforce
0.0,tcp,http,S0,60,0,505,171,0.97,0.014,255,10,0.069,0.857,dos_syn_flood
0.0,tcp,http,S0,44,0,345,499,0.956,0.038,255,30,0.14,0.792,dos_syn_flood
0.056,tcp,private,REJ,40,0,67,3,0.09,0.913,255,11,0.013,0.73,port_scan
0.0,tcp,private,S0,44,0,340,197,0.999,0.012,255,11,0.198,0.866,dos_syn_flood
0.0,tcp,http,S0,0,0,392,463,0.961,0.036,255,38,0.1,0.706,dos_syn_flood
0.9182714156586052,tcp,http,SF,1211,6352,4,5,0.804,0.256,61,56,0.826,0.085,normal
2.57,tcp,ssh,SF,272,260,85,26,0.985,0.049,172,78,0.762,0.089,ssh_bruteforce
0.0,tcp,http,S0,0,0,457,441,0.993,0.002,255,40,0.116,0.638,dos_syn_flood
6.519392007143775,tcp,ftp,SF,734,3501,2,2,0.905,0.245,38,84,0.894,0.189,normal
0.8777424206050567,udp,dns,SF,368,2517,7,4,0.901,0.227,77,76,0.689,0.024,normal
0.189,tcp,eco_i,REJ,20,0,116,1,0.014,0.891,255,7,0.034,0.725,port_scan
0.8341357185086771,tcp,http,SF,455,1418,2,7,0.713,0.013,58,45,0.648,0.043,normal
4.164182404120268,tcp,ftp,SF,1243,2031,8,5,0.822,0.235,8,46,0.727,0.029,normal
0.0,tcp,private,S0,60,0,258,464,0.979,0.015,255,39,0.055,0.664,dos_syn_flood
0.0,tcp,http,S0,44,0,451,476,0.993,0.047,255,24,0.112,0.838,dos_syn_flood
0.177,icmp,private,RSTR,40,0,133,2,0.064,0.926,255,7,0.037,0.71,port_scan
6.544422915559297,tcp,ssh,SF,269,1186,5,4,0.737,0.054,95,74,0.92,0.037,normal
2.1973367140474327,tcp,ssh,SF,153,87,7,5,0.919,0.188,76,23,0.861,0.155,normal
8.076177037335132,tcp,https,SF,233,2300,4,4,0.943,0.266,53,65,0.773,0.153,normal
0.0,tcp,private,S0,60,0,348,170,0.977,0.039,255,30,0.135,0.746,dos_syn_flood
0.0,tcp,http,RSTOS0,0,0,374,363,0.972,0.007,255,11,0.192,0.868,dos_syn_flood
2.485012870247104,tcp,https,SF,3305,2517,3,6,0.733,0.125,97,62,1.0,0.139,normal
3.5510594658252304,icmp,other,SF,859,1933,8,3,0.952,0.288,71,23,0.631,0.097,normal
3.9277421437630244,udp,dns,SF,1181,1107,3,7,0.717,0.097,55,26,0.881,0.02,normal
0.0,tcp,http,RSTOS0,44,0,307,323,0.984,0.041,255,29,0.125,0.888,dos_syn_flood
3.249940944583502,tcp,http,SF,909,1219,11,6,0.992,0.002,3,82,0.896,0.157,normal
0.092,tcp,eco_i,REJ,64,0,176,2,0.104,0.964,255,7,0.054,0.969,port_scan
0.172,tcp,eco_i,RSTR,64,0,101,4,0.077,0.925,255,6,0.025,0.725,port_scan
0.0,tcp,http,S0,44,0,390,262,0.997,0.027,255,26,0.16,0.809,dos_syn_flood
5.579524895906451,tcp,http,SF,819,1283,5,3,0.785,0.133,25,70,0.894,0.121,normal
2.4691716303160676,tcp,ftp,SF,127,337,2,4,0.866,0.226,20,14,0.907,0.008,normal
0.0023589352285290424,tcp,ssh,SF,315,917,7,3,0.772,0.103,28,48,0.912,0.058,normal
0.039,tcp,other,REJ,20,0,197,3,0.109,0.891,255,6,0.017,0.755,port_scan
0.635843052591739,tcp,https,SF,1299,540,8,2,0.787,0.095,96,69,0.786,0.1,normal
3.979772475958158,tcp,ssh,SF,151,127,7,5,0.746,0.044,99,68,0.721,0.098,normal
3.216713671293392,tcp,http,SF,930,107,2,5,0.884,0.141,92,32,0.808,0.189,normal
6.3929364963290265,tcp,https,SF,199,3101,6,5,0.731,0.026,41,69,0.785,0.048,normal
1.1532833191593892,udp,dns,SF,95,4001,3,5,0.806,0.2,77,87,0.788,0.129,normal
0.0,tcp,http,S0,0,0,405,243,0.968,0.004,255,45,0.075,0.888,dos_syn_flood
2.782703164938028,tcp,http,REJ,1628,1053,7,1,0.926,0.081,92,29,0.891,0.022,normal
0.094,tcp,private,S0,64,0,123,4,0.105,0.984,255,6,0.077,0.759,port_scan
1.5481298474672325,udp,dns,SF,636,1979,3,3,0.94,0.243,26,33,0.859,0.044,normal
0.0,tcp,private,S0,0,0,252,443,0.998,0.021,255,22,0.053,0.768,dos_syn_flood
0.0,tcp,http,S0,60,0,316,393,0.981,0.027,255,28,0.18,0.821,dos_syn_flood
4.59850129204865,tcp,http,SF,125,11910,8,4,0.875,0.229,69,7,0.929,0.093,normal
0.45720723039085676,tcp,https,SF,120,862,4,3,0.879,0.079,6,45,0.603,0.043,normal
0.008,tcp,telnet,REJ,20,0,125,4,0.05,0.948,255,5,0.076,0.815,port_scan
5.972650632186026,tcp,http,SF,465,3352,4,2,0.824,0.155,75,87,0.997,0.174,normal
0.134,tcp,private,RSTR,20,0,76,4,0.139,0.917,255,12,0.032,0.852,port_scan
0.0,tcp,other,S0,44,0,194,339,0.996,0.022,255,40,0.056,0.861,dos_syn_flood
0.0,tcp,private,S0,60,0,318,290,0.961,0.022,255,10,0.199,0.694,dos_syn_flood
0.5696562310965938,tcp,http,SF,143,655,7,1,0.741,0.226,91,2,0.712,0.024,normal
0.0,tcp,http,S0,0,0,231,467,0.963,0.047,255,47,0.164,0.751,dos_syn_flood
0.2740207929102424,tcp,ftp,SF,726,10191,5,3,0.912,0.013,17,59,0.735,0.159,normal
0.4419098217401771,tcp,https,SF,389,20265,4,4,0.85,0.105,14,63,0.69,0.013,normal
1.8163689801818474,tcp,smtp,SF,1858,7605,3,5,0.962,0.248,46,32,0.924,0.157,normal
2.276373722525267,tcp,http,SF,1275,802,4,4,0.908,0.077,34,33,0.653,0.145,normal
0.0,tcp,http,S0,60,0,230,169,0.992,0.014,255,25,0.186,0.764,dos_syn_flood
0.35274820047688804,tcp,ftp,S0,189,163,10,3,0.779,0.275,20,56,0.891,0.011,normal
0.8199164259335923,tcp,http,SF,284,530,5,4,0.998,0.227,31,42,0.762,0.111,normal
3.4773258593943317,tcp,http,SF,1220,6151,9,5,0.773,0.056,81,6,0.913,0.119,normal
0.733256409959757,udp,dns,SF,4752,1360,2,5,0.84,0.263,89,45,0.981,0.11,normal
0.0,tcp,http,S0,44,0,307,412,0.991,0.027,255,29,0.112,0.662,dos_syn_flood
2.3858524821462073,tcp,https,SF,563,198,6,3,0.71,0.031,1,63,0.867,0.156,normal
0.52,tcp,ssh,SF,436,208,54,45,0.91,0.088,104,33,0.865,0.092,ssh_bruteforce
0.17869412698395318,tcp,https,REJ,927,142,3,8,0.946,0.158,45,31,0.684,0.026,normal
2.2056311823432937,udp,dns,SF,755,4686,4,3,0.952,0.019,51,98,0.963,0.127,normal
6.074480078826941,tcp,http,SF,605,870,3,6,0.891,0.282,61,5,0.828,0.055,normal
0.47384100657606093,tcp,https,SF,690,1418,8,6,0.938,0.227,61,1,0.606,0.162,normal
0.5194185039919045,tcp,http,SF,1126,257,3,6,0.905,0.142,73,35,0.858,0.094,normal
1.281364430374781,tcp,https,SF,564,4819,2,2,0.958,0.143,43,8,0.732,0.076,normal
0.121,tcp,private,REJ,20,0,186,2,0.119,0.926,255,3,0.029,0.881,port_scan
0.0,tcp,http,S0,0,0,179,360,0.981,0.044,255,23,0.19,0.691,dos_syn_flood
0.9473915982626477,tcp,http,REJ,132,3848,4,5,0.862,0.229,57,35,0.998,0.12,normal
6.598865157760723,tcp,http,SF,728,127,6,2,0.999,0.029,58,25,0.814,0.191,normal
1.19,tcp,ssh,SF,317,222,63,57,0.995,0.063,138,62,0.89,0.047,ssh_bruteforce
3.0376946063465775,tcp,http,SF,198,14282,8,3,0.969,0.274,62,67,0.809,0.031,normal
0.157,icmp,private,REJ,20,0,123,3,0.113,0.941,255,10,0.041,0.878,port_scan
1.695041969291925,tcp,https,SF,519,2722,5,3,0.827,0.05,75,4,0.956,0.186,normal
0.5921059886759787,udp,dns,SF,218,94,5,5,0.782,0.025,85,26,0.84,0.144,normal
0.096,tcp,eco_i,REJ,0,0,143,1,0.093,0.944,255,11,0.032,0.808,port_scan
0.04656116653820981,tcp,http,SF,3605,17176,5,6,0.771,0.201,29,21,0.71,0.036,normal
1.919327050690658,icmp,other,SF,31,1158,6,1,0.827,0.025,84,55,0.953,0.132,normal
1.224988804283575,tcp,https,SF,2448,1206,6,6,0.817,0.252,98,32,0.856,0.081,normal
1.94,tcp,ssh,SF,389,296,56,54,0.991,0.027,185,69,0.898,0.022,ssh_bruteforce
3.737549001350766,tcp,http,SF,2793,19609,6,5,0.903,0.173,4,75,0.92,0.031,normal
3.6594409236274084,tcp,https,SF,594,2267,5,6,0.787,0.109,56,67,0.755,0.081,normal
0.166,tcp,private,REJ,0,0,107,3,0.056,0.886,255,10,0.052,0.832,port_scan
1.7749983983623554,tcp,ssh,SF,483,11067,7,8,0.824,0.09,90,31,0.741,0.171,normal
2.5421818419167277,udp,dns,SF,892,515,8,3,0.851,0.234,66,55,0.949,0.011,normal
1.2829268207796742,tcp,http,SF,92,2730,2,8,0.72,0.044,16,32,0.681,0.062,normal
0.174,icmp,eco_i,REJ,0,0,87,3,0.086,0.967,255,2,0.066,0.9,port_scan
0.0,tcp,http,S0,60,0,424,266,0.957,0.039,255,33,0.148,0.874,dos_syn_flood
1.49,tcp,ssh,SF,344,224,67,60,0.966,0.072,140,67,0.934,0.024,ssh_bruteforce
0.0,tcp,other,S0,44,0,278,267,0.958,0.019,255,23,0.14,0.603,dos_syn_flood
9.32242383265647,tcp,ssh,SF,125,291,3,2,0.886,0.186,61,60,0.829,0.087,normal
0.0,tcp,private,S0,0,0,483,157,0.981,0.001,255,35,0.06,0.708,dos_syn_flood
1.76,tcp,ssh,REJ,318,253,42,68,0.931,0.099,114,57,0.855,0.028,ssh_bruteforce
2.472215248795082,udp,dns,SF,496,4326,8,7,0.822,0.044,32,96,0.61,0.021,normal
2.57,tcp,ssh,SF,345,206,34,46,0.957,0.01,138,64,0.796,0.072,ssh_bruteforce
0.0,tcp,private,S0,60,0,225,370,0.987,0.001,255,42,0.08,0.703,dos_syn_flood
1.46,tcp,ftp,SF,386,231,50,36,0.968,0.093,132,41,0.945,0.065,ssh_bruteforce
1.57,tcp,ssh,SF,435,172,59,61,0.918,0.008,187,76,0.882,0.022,ssh_bruteforce
0.1422214717783326,tcp,https,S0,5077,6535,8,4,0.749,0.267,58,28,0.905,0.053,normal
0.0,tcp,http,RSTOS0,60,0,497,404,0.985,0.018,255,40,0.103,0.718,dos_syn_flood
0.16391382043427333,tcp,smtp,SF,796,828,2,4,0.953,0.09,57,44,0.691,0.159,normal
0.005,tcp,eco_i,S0,20,0,75,2,0.142,0.883,255,12,0.054,0.875,port_scan
1.7,tcp,ssh,REJ,413,254,82,49,0.966,0.06,106,32,0.737,0.122,ssh_bruteforce
0.0007678054773694443,tcp,https,SF,2395,5580,4,4,0.7,0.28,6,22,0.97,0.076,normal
1.327395618980339,tcp,http,SF,1280,2246,5,6,0.916,0.1,67,17,0.826,0.152,normal
0.0,tcp,http,S0,44,0,438,447,0.972,0.017,255,27,0.135,0.774,dos_syn_flood
0.0,tcp,private,S0,44,0,186,291,1.0,0.037,255,31,0.116,0.899,dos_syn_flood
5.954658811737422,tcp,ftp,SF,193,713,5,3,0.742,0.074,50,37,0.933,0.189,normal
0.0,tcp,http,S0,60,0,236,389,0.995,0.025,255,13,0.061,0.823,dos_syn_flood
0.0,tcp,http,S0,0,0,397,351,0.993,0.012,255,28,0.193,0.797,dos_syn_flood
0.6517191661713866,tcp,https,SF,3307,135,5,5,0.83,0.28,77,50,0.89,0.165,normal
3.0218340860404416,tcp,http,SF,3188,2275,5,3,0.977,0.243,51,5,0.614,0.106,normal
7.273650700246284,tcp,http,SF,206,35596,6,4,0.721,0.173,5,22,0.896,0.006,normal
0.163,tcp,other,RSTR,64,0,199,4,0.025,0.974,255,11,0.061,0.922,port_scan
0.9340588791550866,icmp,other,SF,420,281,6,5,0.841,0.226,3,2,0.694,0.186,normal
0.75,tcp,ssh,REJ,299,230,77,33,0.963,0.039,102,71,0.728,0.07,ssh_bruteforce
0.6995842032648818,icmp,other,SF,488,15355,6,3,0.991,0.234,71,13,0.749,0.061,normal
7.734264620968979,tcp,http,S0,312,5420,2,7,0.91,0.003,52,66,0.732,0.139,normal
0.0,tcp,http,S0,0,0,237,343,0.958,0.01,255,42,0.053,0.821,dos_syn_flood
4.317701640132444,icmp,other,SF,577,96,8,9,0.995,0.03,32,39,0.907,0.07,normal
1.47,tcp,ssh,SF,419,250,61,53,0.95,0.043,241,66,0.943,0.074,ssh_bruteforce
0.914907060731603,tcp,ssh,SF,389,98,4,2,0.877,0.201,92,29,0.635,0.034,normal
1.2478196414292864,tcp,ftp,SF,896,1211,6,6,0.908,0.117,77,17,0.972,0.19,normal
2.006796383469301,tcp,http,SF,199,953,7,4,0.827,0.275,63,41,0.671,0.048,normal
0.6674939175024481,tcp,http,SF,602,2603,1,3,0.937,0.185,65,53,0.849,0.062,normal
6.346702793157522,udp,dns,SF,2223,180097,4,3,0.721,0.283,54,21,0.875,0.071,normal
0.099,icmp,private,S0,20,0,93,1,0.044,0.884,255,13,0.074,0.931,port_scan
0.6604770312298812,udp,dns,SF,8440,2662,5,0,0.876,0.26,28,12,0.974,0.067,normal
3.73588121938939,tcp,http,SF,4911,33,7,3,0.794,0.179,40,24,0.665,0.134,normal
0.07890213522844734,tcp,http,SF,259,301,7,2,0.818,0.255,99,80,0.888,0.138,normal
2.18,tcp,ssh,REJ,367,257,45,75,0.943,0.097,172,51,0.873,0.053,ssh_bruteforce
0.0,tcp,http,S0,60,0,172,299,0.955,0.008,255,45,0.065,0.62,dos_syn_flood
0.04,tcp,eco_i,REJ,0,0,196,1,0.108,0.964,255,14,0.077,0.771,port_scan
0.194,icmp,other,REJ,0,0,120,1,0.074,0.95,255,4,0.032,0.985,port_scan
8.488661075146144,udp,dns,SF,183,486,10,7,0.972,0.09,45,64,0.85,0.174,normal
0.101,tcp,other,REJ,20,0,113,2,0.051,0.926,255,9,0.05,0.755,port_scan
6.10122442274717,tcp,http,SF,301,1251,2,6,0.791,0.132,80,39,0.732,0.048,normal
0.7686743975318453,tcp,https,SF,1520,346,4,5,0.962,0.085,48,73,0.819,0.111,normal
2.6446567827551055,udp,dns,SF,478,1836,3,4,0.916,0.285,24,72,0.793,0.081,normal
0.021,tcp,eco_i,REJ,40,0,66,2,0.079,0.97,255,2,0.051,0.738,port_scan
1.520623698449468,udp,dns,SF,108,984,3,7,0.724,0.202,57,50,0.816,0.047,normal
2.108591252064873,tcp,ftp,SF,535,540,7,7,0.979,0.185,59,90,0.72,0.054,normal
0.635090507410771,udp,dns,SF,302,137,6,4,0.787,0.086,72,39,0.603,0.162,normal
1.9685472788973963,udp,dns,SF,553,1259,3,1,0.705,0.031,90,85,0.772,0.102,normal
2.583312316458236,tcp,https,REJ,600,33276,5,2,0.806,0.222,50,67,0.847,0.082,normal
0.046,tcp,telnet,REJ,0,0,195,1,0.115,0.963,255,7,0.049,0.877,port_scan
0.1920092189859759,tcp,https,SF,125,882,1,5,0.871,0.215,63,48,0.781,0.15,normal
11.43653363457916,udp,dns,SF,562,14268,9,5,0.824,0.007,12,41,0.923,0.159,normal
0.6998641760504359,tcp,ftp,SF,918,721,5,7,0.999,0.278,11,27,0.817,0.063,normal
2.1483820288334443,tcp,http,SF,274,3104,4,1,0.956,0.215,18,61,0.991,0.087,normal
0.0,tcp,http,S0,0,0,397,159,0.958,0.043,255,21,0.067,0.742,dos_syn_flood
1.6432719415089423,tcp,http,SF,184,220,7,4,0.706,0.21,22,90,0.764,0.105,normal
0.10022740652487809,udp,dns,SF,449,46401,8,8,0.852,0.235,39,98,0.606,0.081,normal
0.0,tcp,http,S0,60,0,200,483,0.995,0.024,255,10,0.194,0.745,dos_syn_flood
2.7878875257432334,tcp,ftp,SF,262,5765,5,3,0.877,0.203,19,90,0.805,0.045,normal
0.0,tcp,private,S0,60,0,344,197,0.952,0.018,255,12,0.101,0.825,dos_syn_flood
0.0,tcp,http,S0,60,0,169,316,0.953,0.046,255,13,0.145,0.678,dos_syn_flood
1.8580884479075817,tcp,http,SF,253,151,2,7,0.934,0.228,22,82,0.724,0.009,normal
0.0,tcp,http,S0,44,0,383,152,0.995,0.047,255,35,0.165,0.822,dos_syn_flood
1.7577260932277963,udp,dns,SF,481,806,6,2,0.871,0.28,86,40,0.882,0.088,normal
0.4876733134936648,udp,dns,SF,1130,123,6,4,0.814,0.108,76,30,0.917,0.065,normal
10.335728075567598,tcp,http,SF,509,873,2,2,0.93,0.206,1,60,0.694,0.175,normal
0.5844172562423722,tcp,http,SF,458,14267,2,2,0.851,0.065,81,5,0.708,0.184,normal
0.0,tcp,private,S0,0,0,176,394,0.991,0.041,255,21,0.189,0.783,dos_syn_flood
1.952908828807963,tcp,https,SF,1226,4693,6,2,0.733,0.181,5,87,0.655,0.068,normal
1.3323991323300093,udp,dns,SF,224,2730,6,3,0.77,0.267,41,25,0.83,0.093,normal
0.2799626558753651,udp,dns,SF,1984,3315,4,3,0.72,0.035,99,86,0.604,0.139,normal
0.0,tcp,private,S0,60,0,168,485,0.979,0.004,255,38,0.051,0.666,dos_syn_flood
1.0522018448933033,udp,dns,SF,2598,29292,2,3,0.984,0.11,15,48,0.711,0.174,normal
1.6807483215704346,tcp,http,SF,867,7448,2,3,0.787,0.099,53,70,0.815,0.004,normal
0.181,tcp,private,REJ,40,0,130,2,0.07,0.944,255,5,0.039,0.787,port_scan
1.9128956954962042,udp,dns,SF,1425,2879,2,3,0.995,0.047,97,95,0.64,0.064,normal
2.3559578313605405,tcp,ssh,SF,282,5219,5,6,0.867,0.115,55,63,0.744,0.144,normal
0.0,tcp,http,S0,0,0,303,164,0.957,0.037,255,44,0.14,0.602,dos_syn_flood
0.79,tcp,ssh,REJ,351,240,37,74,0.936,0.025,195,67,0.822,0.027,ssh_bruteforce
1.4345525443164626,tcp,http,SF,2004,369,1,6,0.85,0.159,28,1,0.884,0.076,normal
0.7088911214549865,tcp,https,SF,387,7912,9,2,0.978,0.176,81,32,0.774,0.095,normal
3.1572854761294487,udp,dns,SF,115,3412,2,12,0.781,0.002,9,1,0.776,0.029,normal
1.18,tcp,ssh,SF,330,182,57,39,0.979,0.038,171,54,0.77,0.048,ssh_bruteforce
1.8118371183769209,tcp,http,SF,117,3111,8,2,0.836,0.24,18,74,0.813,0.02,normal
0.072,icmp,other,REJ,0,0,141,3,0.056,0.981,255,11,0.019,0.844,port_scan
0.157,tcp,eco_i,RSTR,64,0,163,2,0.042,0.888,255,10,0.033,0.859,port_scan
0.079,tcp,private,REJ,0,0,189,2,0.089,0.908,255,14,0.077,0.748,port_scan
1.4477951239426388,tcp,http,SF,3009,1783,6,7,0.925,0.247,79,52,0.904,0.139,normal
0.15000614882407667,icmp,other,SF,2024,20069,4,5,0.793,0.266,56,45,0.898,0.198,normal
0.7053341754678957,tcp,https,SF,2010,6484,5,8,0.951,0.281,19,16,0.704,0.151,normal
3.251840115218468,udp,dns,SF,1372,1949,8,1,0.957,0.147,76,69,0.956,0.094,normal
0.0,tcp,http,S0,44,0,352,172,0.963,0.023,255,11,0.083,0.76,dos_syn_flood
1.469051579154728,tcp,ssh,SF,759,2225,4,9,0.966,0.252,22,16,0.779,0.064,normal
0.0,tcp,http,S0,60,0,485,465,0.967,0.042,255,20,0.09,0.632,dos_syn_flood
0.0,tcp,private,S0,60,0,226,429,0.991,0.031,255,11,0.14,0.791,dos_syn_flood
3.8126937561041023,tcp,http,SF,12414,6324,3,4,0.893,0.245,21,73,0.702,0.053,normal
1.4565981429520884,tcp,https,SF,566,16747,5,4,0.778,0.029,9,77,0.987,0.14,normal
0.0,tcp,http,S0,0,0,446,355,0.992,0.024,255,10,0.078,0.601,dos_syn_flood
2.4,tcp,ftp,SF,371,261,37,62,0.916,0.037,228,34,0.786,0.098,ssh_bruteforce
7.2786061157957995,tcp,http,SF,1024,1665,5,0,0.99,0.231,62,1,0.887,0.096,normal
0.5102904298639773,tcp,http,SF,996,1162,4,3,0.874,0.104,20,47,0.673,0.056,normal
5.76024061275998,tcp,http,SF,998,23379,9,2,0.733,0.162,1,14,0.979,0.086,normal
1.1065205803420248,udp,dns,SF,3504,4217,5,3,0.98,0.008,42,88,0.635,0.192,normal
0.38446796225464014,tcp,smtp,SF,2174,295,3,2,0.71,0.036,96,72,0.997,0.118,normal
13.787491215151151,icmp,other,SF,1029,1269,3,4,0.802,0.187,37,7,0.72,0.142,normal
0.153,tcp,private,REJ,20,0,101,1,0.141,0.918,255,8,0.054,0.926,port_scan
6.617490074950632,tcp,ssh,SF,4239,1266,4,4,0.829,0.226,97,71,0.974,0.174,normal
5.706089815545308,tcp,http,SF,526,581,1,3,0.707,0.25,45,7,0.654,0.046,normal
0.0,tcp,http,S0,44,0,505,426,0.99,0.014,255,37,0.127,0.656,dos_syn_flood
7.202079032038409,udp,dns,SF,852,7234,4,4,0.951,0.03,72,25,0.729,0.035,normal
1.87,tcp,ssh,REJ,376,251,40,62,0.982,0.064,253,42,0.822,0.092,ssh_bruteforce
1.7699692562541736,tcp,http,SF,333,3085,3,7,0.702,0.009,33,58,0.747,0.109,normal
0.7236165970217832,tcp,http,SF,1787,282,2,3,0.724,0.171,38,60,0.915,0.115,normal
0.0,tcp,http,S0,44,0,324,241,0.982,0.017,255,25,0.124,0.664,dos_syn_flood
0.6750079706699861,tcp,http,S0,441,1091,3,4,0.992,0.117,22,57,0.845,0.027,normal
0.0,tcp,http,RSTOS0,44,0,450,331,0.972,0.017,255,38,0.193,0.831,dos_syn_flood
0.03,tcp,other,REJ,20,0,119,3,0.128,0.962,255,5,0.015,0.967,port_scan
3.642702452475522,udp,dns,SF,287,280,0,1,0.788,0.228,52,13,0.917,0.151,normal
1.12,tcp,ssh,REJ,318,253,73,55,0.995,0.046,134,31,0.802,0.131,ssh_bruteforce
0.6658019623625034,tcp,https,SF,766,1625,2,1,0.732,0.077,24,14,0.866,0.059,normal
0.42296450287021703,tcp,https,SF,506,45,3,2,0.98,0.026,61,81,0.787,0.188,normal
1.359666882430505,tcp,http,SF,838,6918,5,0,0.979,0.166,59,6,0.858,0.095,normal
3.50433310911187,udp,dns,SF,7410,13180,3,5,0.824,0.121,15,86,0.71,0.193,normal
1.8357575719265837,tcp,http,SF,1964,1107,4,3,0.757,0.122,18,37,0.751,0.133,normal
2.4585924284042098,tcp,http,SF,695,1245,3,5,0.821,0.265,11,66,0.69,0.185,normal
0.144,tcp,private,REJ,40,0,156,2,0.11,0.945,255,14,0.056,0.923,port_scan
1.4589672158961067,udp,dns,SF,9981,6764,7,9,0.863,0.221,49,55,0.805,0.107,normal
0.0,tcp,http,S0,0,0,417,361,0.969,0.044,255,48,0.108,0.726,dos_syn_flood
0.0,tcp,http,RSTOS0,0,0,159,150,0.962,0.007,255,40,0.066,0.74,dos_syn_flood
1.280745200157419,tcp,http,SF,1145,1558,7,6,0.723,0.149,14,74,0.863,0.036,normal
5.744916446627388,icmp,other,SF,3525,2906,5,4,0.966,0.005,86,24,0.617,0.172,normal
0.187,tcp,other,RSTR,20,0,145,3,0.111,0.996,255,13,0.028,0.804,port_scan
8.41266188033381,tcp,http,SF,149,2769,6,2,0.836,0.171,6,14,0.634,0.149,normal
1.86,tcp,ftp,REJ,303,234,55,76,0.978,0.039,214,53,0.794,0.031,ssh_bruteforce
0.0,tcp,other,S0,60,0,340,221,0.982,0.031,255,33,0.159,0.862,dos_syn_flood
1.47,tcp,ftp,REJ,385,249,88,71,0.958,0.023,253,31,0.726,0.084,ssh_bruteforce
1.6255182235682542,udp,dns,SF,1551,3257,7,3,0.943,0.281,98,76,0.66,0.07,normal
0.096,tcp,private,REJ,0,0,189,2,0.017,0.915,255,6,0.063,0.858,port_scan
1.2185778166135615,tcp,https,SF,6722,89,6,1,0.863,0.037,39,58,0.733,0.16,normal
0.9274525026050351,tcp,http,SF,32,744,6,4,0.702,0.001,68,65,0.667,0.137,normal
0.9646176124677155,tcp,https,SF,75,16299,4,3,0.846,0.119,47,40,0.824,0.034,normal
3.0309204237532135,udp,dns,SF,939,7857,3,1,0.861,0.121,29,93,0.609,0.105,normal
0.07,tcp,telnet,S0,0,0,134,4,0.122,0.912,255,11,0.028,0.938,port_scan
0.46844293587017966,tcp,smtp,SF,681,872,10,3,0.972,0.105,64,91,0.672,0.109,normal
2.403914780013417,tcp,http,SF,4560,2141,3,4,0.748,0.128,10,52,0.779,0.112,normal
0.0,tcp,http,S0,44,0,425,211,0.997,0.004,255,41,0.081,0.852,dos_syn_flood
0.148,icmp,private,REJ,0,0,67,3,0.147,0.911,255,9,0.068,0.786,port_scan
2.4696871856221487,tcp,http,S0,3006,836,5,4,0.957,0.065,99,32,0.713,0.007,normal
1.2718509289786555,udp,dns,SF,592,1816,5,3,0.776,0.139,29,10,0.897,0.195,normal
7.622930820835937,udp,dns,SF,531,11953,4,1,0.834,0.246,72,33,0.694,0.03,normal
0.115,tcp,private,RSTR,64,0,152,4,0.025,0.907,255,9,0.037,0.77,port_scan
1.0330395826913292,tcp,ssh,SF,3070,7237,2,3,0.927,0.08,51,53,0.878,0.115,normal
0.4879898525871741,tcp,http,SF,1996,5563,2,5,0.78,0.1,52,69,0.783,0.113,normal
0.823662779986233,tcp,http,SF,2490,1851,7,3,0.943,0.298,86,1,0.797,0.104,normal
8.662934675510952,udp,dns,SF,329,1317,5,5,0.822,0.178,65,55,0.643,0.069,normal
2.2785429577410437,tcp,https,SF,332,695,2,7,0.887,0.245,36,24,0.691,0.014,normal
0.6323925805380387,tcp,https,SF,643,11053,12,4,0.89,0.178,99,20,0.73,0.113,normal
0.0,tcp,http,S0,60,0,438,438,0.965,0.033,255,10,0.197,0.648,dos_syn_flood
0.30291543843059177,tcp,smtp,SF,132,1470,3,4,0.819,0.167,1,67,0.758,0.027,normal
2.4676477798064673,udp,dns,SF,309,3596,5,2,0.973,0.14,28,89,0.881,0.123,normal
0.0,tcp,http,S0,44,0,173,260,0.995,0.042,255,11,0.142,0.653,dos_syn_flood
0.0,tcp,private,S0,0,0,371,322,0.972,0.025,255,30,0.136,0.757,dos_syn_flood
2.11,tcp,ssh,REJ,363,263,76,49,0.927,0.095,112,24,0.911,0.114,ssh_bruteforce
1.993619242886992,udp,dns,SF,1111,2353,5,4,0.986,0.023,51,16,0.798,0.164,normal
0.094,tcp,eco_i,REJ,20,0,103,1,0.14,0.968,255,12,0.045,0.865,port_scan
0.8126518812748106,tcp,https,SF,1522,707,3,4,0.959,0.122,52,96,0.939,0.018,normal
2.3671945946695527,udp,dns,SF,84,976,2,4,0.854,0.243,4,85,0.956,0.11,normal
0.0,tcp,private,S0,60,0,386,232,0.953,0.003,255,15,0.137,0.651,dos_syn_flood
0.036,icmp,other,REJ,0,0,168,1,0.082,0.983,255,7,0.05,0.777,port_scan
0.096,tcp,private,REJ,20,0,113,2,0.015,0.954,255,9,0.04,0.862,port_scan
2.139066207378309,tcp,http,SF,58,2470,8,5,0.861,0.092,8,59,0.761,0.154,normal
0.04,tcp,private,REJ,40,0,184,4,0.078,0.925,255,6,0.023,0.988,port_scan
0.0,tcp,other,S0,0,0,499,446,0.972,0.05,255,42,0.159,0.821,dos_syn_flood
0.106,tcp,other,REJ,20,0,150,4,0.027,0.989,255,11,0.057,0.971,port_scan
2.594000504708135,tcp,ssh,SF,2516,205,10,3,0.819,0.097,54,28,0.679,0.114,normal
0.8127295512807564,tcp,http,SF,5554,2965,4,1,0.931,0.246,1,33,0.877,0.101,normal
0.0,tcp,private,S0,60,0,174,299,0.963,0.031,255,29,0.189,0.714,dos_syn_flood
0.6632789321808354,udp,dns,SF,14,1123,4,2,0.872,0.293,90,78,0.857,0.092,normal
0.19,tcp,private,REJ,20,0,182,2,0.132,0.867,255,7,0.078,0.762,port_scan
0.0,tcp,other,S0,60,0,444,160,0.967,0.032,255,33,0.115,0.875,dos_syn_flood
0.8513392349144556,tcp,ftp,SF,952,1916,5,3,0.812,0.004,14,39,0.814,0.008,normal
2.40073400678585,udp,dns,SF,1237,1904,3,3,0.747,0.216,17,85,0.873,0.026,normal
1.3,tcp,ftp,REJ,354,242,40,33,0.945,0.08,139,36,0.919,0.141,ssh_bruteforce
0.0,tcp,http,S0,44,0,437,455,0.951,0.022,255,33,0.106,0.705,dos_syn_flood
0.0,tcp,other,S0,44,0,187,471,0.981,0.044,255,41,0.073,0.82,dos_syn_flood
0.22556294521866152,tcp,http,SF,375,4444,10,0,0.899,0.12,28,33,0.633,0.047,normal
0.7120913007132595,icmp,other,SF,280,755,6,5,0.868,0.017,13,67,0.838,0.188,normal
0.03755634894678091,tcp,https,SF,423,779,5,0,0.723,0.118,10,33,0.979,0.049,normal
0.0,tcp,http,S0,0,0,494,162,0.995,0.004,255,40,0.167,0.694,dos_syn_flood
0.8141157332947859,udp,dns,SF,353,486,6,6,0.921,0.275,21,27,0.661,0.004,normal
3.0616901614602066,icmp,other,SF,761,3136,6,6,0.944,0.104,46,4,0.605,0.094,normal
6.893613922414714,tcp,ftp,SF,1020,3748,4,8,0.818,0.289,17,26,0.693,0.114,normal
3.2710462886044036,tcp,http,SF,441,2233,4,5,0.947,0.256,29,70,0.998,0.17,normal
0.774337026376135,udp,dns,SF,523,902,5,4,0.997,0.04,35,32,0.952,0.051,normal
0.0,tcp,http,S0,44,0,303,432,0.963,0.029,255,19,0.135,0.692,dos_syn_flood
0.61,tcp,ssh,SF,335,223,32,25,0.949,0.069,160,57,0.928,0.141,ssh_bruteforce
6.298458890776876,udp,dns,SF,1203,1986,4,4,0.761,0.186,62,73,0.867,0.158,normal
0.015,tcp,telnet,REJ,20,0,61,1,0.064,0.878,255,6,0.056,0.983,port_scan
0.0,tcp,http,S0,44,0,377,319,0.961,0.029,255,11,0.057,0.658,dos_syn_flood
0.061,tcp,private,RSTR,0,0,149,3,0.124,0.91,255,13,0.066,0.989,port_scan
1.21,tcp,ssh,SF,309,221,36,33,0.926,0.035,174,38,0.819,0.069,ssh_bruteforce
0.24004334777227077,tcp,https,SF,289,3471,7,5,0.798,0.211,26,35,0.754,0.069,normal
0.16488489855392618,tcp,https,SF,169,615,3,2,0.996,0.198,4,36,0.788,0.053,normal
2.283487169892644,tcp,ssh,SF,261,276,3,5,0.741,0.081,97,77,0.821,0.083,normal
0.0,tcp,private,S0,0,0,233,162,0.973,0.002,255,37,0.1,0.858,dos_syn_flood
5.0584205380090665,tcp,http,SF,48,15933,3,7,0.982,0.003,42,13,0.634,0.189,normal
0.018,tcp,private,REJ,64,0,190,3,0.058,0.99,255,13,0.063,0.839,port_scan
1.9827578076426802,udp,dns,SF,241,12363,2,5,0.979,0.126,16,51,0.967,0.048,normal
0.036,tcp,eco_i,REJ,0,0,87,2,0.014,0.981,255,3,0.074,0.759,port_scan
4.166879054821415,tcp,http,SF,441,13223,3,4,0.723,0.284,91,87,0.662,0.067,normal
1.0857666211193517,tcp,https,SF,601,2459,6,8,0.756,0.147,38,19,0.835,0.115,normal
1.000521017055607,tcp,http,SF,664,928,2,7,0.72,0.114,80,71,0.631,0.115,normal
4.600290413209329,tcp,http,SF,364,12081,7,3,0.971,0.021,43,88,0.647,0.073,normal
1.58,tcp,ssh,SF,389,233,37,77,0.953,0.085,218,54,0.765,0.141,ssh_bruteforce
7.025865341268743,tcp,https,SF,810,6408,7,6,0.724,0.231,91,71,0.794,0.143,normal
0.0,tcp,http,S0,60,0,511,344,0.985,0.018,255,44,0.076,0.626,dos_syn_flood
1.64,tcp,ssh,SF,422,209,49,74,0.946,0.025,144,59,0.743,0.051,ssh_bruteforce
8.533339438991469,udp,dns,SF,1703,173664,1,7,0.831,0.296,79,23,0.766,0.053,normal
0.197,icmp,eco_i,REJ,40,0,95,2,0.127,0.973,255,3,0.034,0.73,port_scan
2.980403227170311,tcp,http,SF,422,4045,4,4,0.886,0.28,61,67,0.722,0.159,normal
0.115,tcp,private,RSTR,64,0,107,1,0.047,0.989,255,5,0.033,0.911,port_scan
8.58731165896988,tcp,http,SF,511,4851,6,4,0.869,0.175,26,54,0.925,0.062,normal
9.375055496674477,udp,dns,SF,443,11178,5,6,0.958,0.21,92,30,0.844,0.018,normal
0.01,tcp,telnet,RSTR,40,0,160,2,0.119,0.937,255,6,0.08,0.888,port_scan
1.269696769095829,tcp,http,SF,757,473,5,4,0.87,0.176,93,78,0.852,0.154,normal
0.0,tcp,private,S0,0,0,473,422,0.972,0.003,255,49,0.127,0.821,dos_syn_flood
0.069,tcp,eco_i,REJ,64,0,109,4,0.108,0.891,255,5,0.067,0.765,port_scan
1.4822974895777121,tcp,http,SF,1192,2002,4,6,0.814,0.143,45,86,0.927,0.195,normal
2.315313614831744,tcp,https,SF,1832,1460,5,0,0.7,0.068,73,47,0.99,0.141,normal
8.125224627867475,tcp,http,SF,75,1151,4,2,0.777,0.118,95,63,0.608,0.108,normal
4.776997758505591,icmp,other,SF,258,227,6,5,0.828,0.184,91,68,0.806,0.126,normal
0.8778582884416639,tcp,http,SF,440,4929,6,3,0.888,0.147,99,39,0.819,0.096,normal
0.0,tcp,private,S0,44,0,403,308,0.98,0.008,255,23,0.174,0.814,dos_syn_flood
2.3239061691176732,tcp,http,SF,2768,2080,3,9,0.86,0.139,26,39,0.743,0.038,normal
0.2307121733796847,tcp,ssh,SF,2007,8971,4,1,0.923,0.099,51,8,0.814,0.155,normal
0.958747367974001,tcp,http,SF,914,475,5,3,0.737,0.171,52,11,0.73,0.033,normal
3.341083035566361,tcp,smtp,SF,2800,379,5,2,0.941,0.118,48,53,0.905,0.046,normal
2.305358047925348,tcp,ftp,SF,171,43109,9,2,0.772,0.197,1,66,0.842,0.154,normal
1.1068147411990028,tcp,http,SF,547,10859,5,5,0.943,0.131,26,27,0.826,0.19,normal
1.6332165979475788,tcp,http,SF,2216,2559,7,1,0.819,0.132,18,94,0.96,0.066,normal
1.2528894466537064,tcp,ftp,SF,795,3177,6,2,0.755,0.187,60,6,0.654,0.141,normal
0.139,tcp,other,REJ,64,0,168,3,0.112,0.855,255,12,0.042,0.832,port_scan
1.9738376384856324,tcp,https,REJ,5207,308,6,7,0.713,0.167,80,58,0.604,0.105,normal
2.848370774070299,udp,dns,SF,1665,1864,5,2,0.922,0.092,87,27,0.692,0.161,normal
1.13,tcp,ssh,SF,371,181,80,70,0.92,0.018,112,63,0.73,0.058,ssh_bruteforce
14.021578080119262,tcp,https,SF,696,2164,3,6,0.811,0.296,24,50,0.947,0.116,normal
10.171690912440631,tcp,ftp,SF,357,2670,5,6,0.835,0.017,31,37,0.889,0.171,normal
0.8911997279055373,icmp,other,SF,421,3642,6,0,0.961,0.176,27,84,0.83,0.079,normal
0.10168315213294643,udp,dns,SF,1202,26,3,4,0.851,0.126,19,45,0.606,0.026,normal
1.83,tcp,ssh,SF,374,246,51,45,0.903,0.055,243,65,0.888,0.129,ssh_bruteforce
2.6450499136192,tcp,ssh,SF,458,438,9,3,0.765,0.27,87,94,0.839,0.053,normal
0.0,tcp,http,RSTOS0,60,0,349,482,0.966,0.034,255,34,0.164,0.727,dos_syn_flood
0.0,tcp,http,S0,0,0,272,310,0.951,0.043,255,12,0.069,0.794,dos_syn_flood
1.5746778009755413,tcp,https,SF,389,532,6,3,0.714,0.087,19,33,0.753,0.081,normal
1.64032396100753,udp,dns,SF,872,238,2,4,0.759,0.09,17,45,0.874,0.025,normal
3.731486264495646,tcp,https,SF,3521,23530,4,2,0.732,0.176,41,99,0.667,0.119,normal
1.2114438400291898,udp,dns,SF,347,240,2,4,0.967,0.139,58,53,0.722,0.081,normal
1.6957135733840298,tcp,http,SF,810,1132,6,3,0.721,0.149,61,32,0.911,0.154,normal
1.2984250332407155,tcp,https,SF,1535,38955,3,4,0.874,0.255,90,84,0.997,0.018,normal
1.3711731141248387,udp,dns,SF,438,977,4,3,0.747,0.265,66,11,0.735,0.181,normal
2.8,tcp,ssh,SF,377,178,88,44,0.997,0.042,129,25,0.828,0.06,ssh_bruteforce
1.6814589924682193,icmp,other,SF,171,4207,5,5,0.835,0.008,72,17,0.778,0.1,normal
0.0,tcp,http,S0,44,0,178,217,0.959,0.018,255,42,0.16,0.626,dos_syn_flood
0.047,icmp,eco_i,REJ,0,0,175,4,0.106,0.851,255,10,0.066,0.901,port_scan
0.0,tcp,private,S0,60,0,474,450,0.983,0.028,255,36,0.148,0.623,dos_syn_flood
3.0725964833530943,tcp,http,SF,1312,2839,3,3,0.775,0.122,11,53,0.891,0.163,normal
1.21,tcp,ssh,REJ,338,206,80,36,0.925,0.041,105,58,0.917,0.021,ssh_bruteforce
3.881546634314179,tcp,http,SF,2111,2843,4,2,0.787,0.039,24,7,0.801,0.041,normal
0.0,tcp,http,S0,0,0,384,461,0.98,0.029,255,33,0.195,0.743,dos_syn_flood
0.105,tcp,private,REJ,20,0,61,3,0.099,0.871,255,7,0.07,0.938,port_scan
0.5431521220568419,tcp,ftp,SF,24,9130,8,2,0.824,0.22,44,96,0.691,0.18,normal
2.549613741250954,tcp,http,SF,309,438,8,4,0.81,0.291,24,2,0.847,0.039,normal
0.05649591042673986,tcp,https,SF,634,14493,2,8,0.764,0.08,46,10,0.806,0.064,normal
11.34017333965808,tcp,https,SF,531,5590,2,4,0.848,0.262,38,58,0.764,0.057,normal
0.0,tcp,http,S0,60,0,226,184,0.997,0.041,255,21,0.128,0.777,dos_syn_flood
0.043,tcp,eco_i,S0,64,0,57,4,0.115,0.951,255,13,0.075,0.958,port_scan
0.41124282183297306,tcp,http,SF,221,3282,3,4,0.843,0.089,57,96,0.703,0.154,normal
4.1300935200613855,tcp,https,SF,1293,6055,5,5,0.856,0.116,33,36,0.715,0.003,normal
0.9082620739826577,tcp,http,SF,576,5870,8,3,0.928,0.275,41,97,0.97,0.046,normal
0.153,tcp,other,REJ,0,0,191,4,0.061,0.978,255,7,0.068,0.961,port_scan
4.174698102431389,tcp,https,SF,532,699,5,5,0.931,0.225,7,49,0.879,0.132,normal
0.8274889187545369,tcp,https,SF,1521,3410,3,2,0.815,0.227,77,58,0.837,0.108,normal
0.7303267071077533,udp,dns,SF,2451,207,4,5,0.94,0.29,14,65,0.816,0.004,normal
1.397976775612171,tcp,http,SF,912,273,7,5,0.955,0.125,99,30,0.939,0.194,normal
1.116143920203177,udp,dns,SF,1093,1410,4,3,0.857,0.042,35,46,0.869,0.011,normal
0.31490478655803505,tcp,http,SF,355,4110,4,2,0.829,0.203,64,63,0.984,0.035,normal
0.17,tcp,private,REJ,40,0,111,4,0.118,0.965,255,8,0.058,0.758,port_scan
2.7466280253170066,tcp,https,SF,4794,1616,4,5,0.71,0.07,16,1,0.729,0.013,normal
0.0,tcp,http,S0,0,0,205,505,0.975,0.04,255,30,0.075,0.754,dos_syn_flood
0.3271320782186177,tcp,https,SF,938,1326,5,9,0.941,0.089,73,61,0.985,0.144,normal
0.28109002996323895,udp,dns,SF,692,21,7,3,0.86,0.098,58,28,0.78,0.025,normal
0.0,tcp,http,S0,44,0,350,428,1.0,0.032,255,48,0.059,0.715,dos_syn_flood
0.02,tcp,private,S0,64,0,111,3,0.038,0.918,255,6,0.025,0.946,port_scan
0.0,tcp,other,S0,60,0,185,301,0.961,0.047,255,17,0.191,0.812,dos_syn_flood
0.9346630939414168,tcp,http,SF,398,197,3,4,0.765,0.08,5,12,0.822,0.144,normal
2.388638444445148,icmp,other,SF,108,1096,4,3,0.808,0.175,80,67,0.781,0.01,normal
3.3851146982420337,tcp,http,SF,1662,10522,6,3,0.72,0.293,2,15,0.624,0.089,normal
0.137,icmp,private,REJ,20,0,91,2,0.093,0.97,255,9,0.072,0.931,port_scan
0.7034940251538009,tcp,https,SF,1069,136,3,2,0.929,0.179,40,19,0.781,0.074,normal
2.49,tcp,ssh,REJ,357,217,44,50,0.966,0.088,167,69,0.871,0.088,ssh_bruteforce
0.5648805417278798,tcp,https,SF,9601,9300,1,2,0.781,0.079,87,28,0.74,0.053,normal
1.4819596588893633,udp,dns,SF,538,96,5,6,0.912,0.221,82,11,0.638,0.185,normal
4.067149855346688,icmp,other,SF,1740,566,1,4,0.786,0.218,8,14,0.84,0.09,normal
1.4779469149332911,tcp,smtp,SF,1570,7429,7,3,0.904,0.267,45,14,0.931,0.109,normal
0.0,tcp,private,S0,60,0,155,294,0.988,0.027,255,10,0.101,0.846,dos_syn_flood
0.19732597723861983,tcp,http,SF,271,1177,2,5,0.845,0.147,5,93,0.911,0.02,normal
6.66684004813476,udp,dns,SF,90,5495,3,9,0.89,0.266,61,93,0.966,0.087,normal
3.088545792787965,tcp,smtp,REJ,1042,1385,4,6,0.835,0.203,34,99,0.78,0.169,normal
0.7525933554485016,tcp,http,SF,367,1678,4,3,0.976,0.025,30,5,0.611,0.075,normal
0.42394507469139764,tcp,https,SF,1237,256,3,7,0.862,0.046,59,31,0.608,0.128,normal
5.2924681489256695,tcp,https,SF,357,602,2,3,0.886,0.224,42,44,0.603,0.13,normal
9.140748803928114,tcp,https,S0,628,2434,5,5,0.964,0.247,18,32,0.957,0.177,normal
0.0,tcp,http,S0,60,0,469,347,0.987,0.028,255,42,0.187,0.603,dos_syn_flood
0.067,tcp,other,REJ,20,0,73,1,0.049,0.896,255,14,0.027,0.701,port_scan
0.155,tcp,private,REJ,40,0,124,2,0.135,0.907,255,12,0.067,0.821,port_scan
4.052678812032472,tcp,http,SF,177,12702,3,3,0.737,0.093,71,31,0.935,0.172,normal
1.0034367504991755,tcp,http,SF,602,9939,7,4,0.936,0.295,66,85,0.701,0.008,normal
0.9714974715359127,tcp,ssh,SF,186,350,7,5,0.917,0.193,75,94,0.916,0.06,normal
2.572005774507181,tcp,ftp,SF,6211,359,6,3,0.707,0.25,70,81,0.972,0.157,normal
0.6727945712227174,tcp,https,SF,1391,1943,4,6,0.881,0.222,67,16,0.873,0.162,normal
5.203912145027769,tcp,ssh,SF,886,2410,5,5,0.998,0.094,57,10,0.729,0.042,normal
0.46342465041523195,tcp,https,SF,768,491,4,5,0.856,0.057,82,75,0.961,0.01,normal
2.1986421907577918,tcp,https,SF,658,2069,7,7,0.775,0.222,11,24,0.712,0.074,normal
2.2619330974009526,tcp,http,SF,93,124,6,7,0.716,0.061,69,42,0.688,0.0,normal
1.6114730579877057,tcp,http,SF,5649,514,9,2,0.803,0.214,58,46,0.864,0.069,normal
3.989846257907389,udp,dns,SF,1564,21303,7,1,0.776,0.175,50,6,0.687,0.045,normal
0.6479997610475131,tcp,http,SF,558,1117,4,5,0.91,0.123,71,87,0.603,0.138,normal
3.4248526383363793,tcp,https,SF,1226,1373,3,2,0.794,0.03,78,71,0.768,0.13,normal
4.0505442415153246,tcp,http,SF,4448,3369,7,6,0.779,0.211,94,66,0.786,0.004,normal
0.063,tcp,eco_i,RSTR,40,0,94,2,0.074,0.95,255,10,0.067,0.714,port_scan
1.2698818507527796,icmp,other,SF,45,2314,4,3,0.889,0.164,68,1,0.656,0.177,normal
0.157,tcp,eco_i,RSTR,20,0,142,2,0.103,0.985,255,7,0.068,0.917,port_scan
2.599282574708715,tcp,smtp,SF,408,1531,10,3,0.895,0.211,50,84,0.647,0.122,normal
0.06335888377353102,tcp,https,SF,2148,2367,2,4,0.958,0.261,74,63,0.806,0.167,normal
1.42,tcp,ftp,REJ,329,235,61,79,0.915,0.065,158,79,0.905,0.089,ssh_bruteforce
1.012287547808772,tcp,https,SF,2212,324,9,5,0.716,0.203,4,53,0.786,0.188,normal
0.72,tcp,ssh,REJ,407,217,39,63,0.916,0.053,212,37,0.754,0.085,ssh_bruteforce
0.0,tcp,http,S0,60,0,187,214,0.955,0.045,255,32,0.134,0.898,dos_syn_flood
0.3562418237047532,udp,dns,SF,349,3314,2,2,0.809,0.031,60,87,0.76,0.125,normal
0.179,tcp,other,REJ,0,0,109,3,0.088,0.862,255,9,0.064,0.92,port_scan
0.2930790262012982,tcp,http,SF,1163,230,5,4,0.814,0.116,41,19,0.812,0.079,normal
0.178,tcp,other,REJ,64,0,105,4,0.071,0.992,255,9,0.059,0.931,port_scan
0.0,tcp,http,S0,44,0,355,353,0.977,0.026,255,41,0.147,0.854,dos_syn_flood
0.116,tcp,eco_i,RSTR,0,0,194,4,0.076,0.862,255,11,0.03,0.966,port_scan
0.0,tcp,http,RSTOS0,60,0,246,453,0.983,0.033,255,29,0.199,0.843,dos_syn_flood
0.74,tcp,ssh,REJ,299,208,63,50,0.957,0.058,161,48,0.739,0.044,ssh_bruteforce
3.3561462646643796,tcp,https,SF,366,43,8,7,0.864,0.105,58,48,0.734,0.067,normal
0.0,tcp,http,S0,60,0,409,258,0.954,0.016,255,47,0.075,0.632,dos_syn_flood
0.0,tcp,http,S0,0,0,503,153,0.969,0.024,255,32,0.2,0.621,dos_syn_flood
0.0,tcp,http,S0,0,0,490,406,0.973,0.038,255,44,0.074,0.889,dos_syn_flood
6.503442337954387,tcp,https,SF,2834,1351,7,4,0.72,0.101,62,98,0.816,0.004,normal
0.0,tcp,http,S0,0,0,257,507,0.991,0.049,255,45,0.085,0.83,dos_syn_flood
4.799674518229127,tcp,ssh,SF,976,1900,9,4,0.735,0.162,68,30,0.729,0.161,normal
1.8490108102007417,udp,dns,SF,224,2140,7,2,0.929,0.153,19,64,0.765,0.092,normal
6.069974661706422,tcp,https,SF,3491,1331,3,3,0.839,0.103,53,33,0.784,0.028,normal
4.9272338852026225,udp,dns,SF,355,1071,3,6,0.907,0.096,44,46,0.695,0.134,normal
0.0,tcp,http,S0,60,0,383,398,0.99,0.027,255,27,0.128,0.795,dos_syn_flood
0.4408983893050259,udp,dns,SF,1048,3634,7,3,0.891,0.276,32,4,0.643,0.191,normal
0.16777241131854292,tcp,smtp,SF,191,1105,3,2,0.996,0.11,61,56,0.73,0.095,normal
1.8089119034546732,tcp,ssh,SF,451,966,8,1,0.971,0.072,62,89,0.745,0.043,normal
0.916813859106696,udp,dns,SF,4522,533,5,4,0.784,0.023,75,70,0.728,0.076,normal
7.019958542627043,udp,dns,SF,2803,1650,6,4,0.978,0.129,92,74,0.738,0.03,normal
0.104,tcp,eco_i,REJ,20,0,134,2,0.083,0.946,255,2,0.039,0.711,port_scan
0.8999002044304454,tcp,https,SF,2003,3125,1,4,0.996,0.23,18,70,0.993,0.018,normal
1.304280707607742,tcp,https,SF,339,132,5,3,0.899,0.138,46,95,0.674,0.087,normal
0.0,tcp,http,S0,44,0,391,173,0.966,0.036,255,21,0.116,0.616,dos_syn_flood
0.0,tcp,http,S0,0,0,177,413,0.961,0.032,255,35,0.106,0.808,dos_syn_flood
0.084,tcp,telnet,RSTR,20,0,76,2,0.145,0.869,255,14,0.034,0.77,port_scan
1.5066380126939907,udp,dns,SF,674,766,3,0,0.915,0.044,11,71,0.869,0.055,normal
0.0685030089660153,tcp,http,SF,1472,119,5,5,0.957,0.25,62,40,0.684,0.012,normal
0.1484918110614819,tcp,ftp,SF,331,2868,5,2,0.714,0.251,83,5,0.656,0.134,normal
2.489745362556255,udp,dns,SF,503,1082,5,6,0.808,0.248,11,85,0.809,0.196,normal
2.86,tcp,ftp,REJ,358,207,43,48,0.978,0.06,117,23,0.748,0.04,ssh_bruteforce
0.0,tcp,private,S0,0,0,368,277,0.99,0.016,255,36,0.194,0.766,dos_syn_flood
3.2001282437420597,tcp,http,SF,4186,11149,5,1,0.96,0.088,83,93,0.998,0.058,normal
1.32,tcp,ssh,SF,332,208,72,64,0.939,0.076,143,67,0.843,0.127,ssh_bruteforce
0.6075388674157431,udp,dns,SF,2132,19997,4,5,0.81,0.017,54,10,0.818,0.02,normal
0.0,tcp,http,RSTOS0,0,0,379,503,0.962,0.038,255,26,0.129,0.727,dos_syn_flood
0.0,tcp,http,S0,60,0,271,172,0.96,0.036,255,35,0.181,0.63,dos_syn_flood
1.9317393896734032,udp,dns,SF,113,23144,3,8,0.91,0.192,61,40,0.877,0.001,normal
0.0,tcp,http,S0,0,0,199,323,0.983,0.049,255,16,0.097,0.734,dos_syn_flood
0.8924115195522624,tcp,http,S0,43,487,8,5,0.721,0.219,97,99,0.785,0.113,normal
0.0,tcp,http,S0,0,0,452,246,0.987,0.034,255,23,0.185,0.695,dos_syn_flood
0.7969168077526578,tcp,http,SF,126,1275,5,7,0.779,0.277,85,31,0.679,0.168,normal
0.8374132368472771,udp,dns,SF,1929,577,8,4,0.837,0.202,78,55,0.859,0.13,normal
0.0,tcp,http,RSTOS0,0,0,381,448,0.986,0.026,255,22,0.085,0.653,dos_syn_flood
1.0035948658132396,udp,dns,SF,1009,1640,5,3,0.897,0.213,94,60,0.992,0.138,normal
0.094,tcp,other,REJ,40,0,144,3,0.093,0.964,255,1,0.049,0.813,port_scan
0.0,tcp,http,S0,0,0,179,324,0.97,0.009,255,46,0.084,0.807,dos_syn_flood
0.2156829548426213,tcp,https,SF,455,43578,5,1,0.707,0.169,65,98,0.775,0.196,normal
2.05,tcp,ssh,REJ,331,250,56,79,0.922,0.081,153,34,0.795,0.088,ssh_bruteforce
0.073,tcp,eco_i,REJ,40,0,159,2,0.099,0.953,255,4,0.021,0.823,port_scan
6.290757450121572,tcp,https,SF,183,10841,6,2,0.847,0.26,24,49,0.798,0.157,normal
0.0,tcp,other,S0,0,0,478,210,0.952,0.029,255,33,0.065,0.898,dos_syn_flood
0.3597359141536222,tcp,ssh,SF,249,22043,6,3,0.724,0.096,95,94,0.69,0.092,normal
0.188,tcp,private,RSTR,64,0,114,1,0.098,0.995,255,14,0.079,0.74,port_scan
0.024550732605316976,tcp,https,SF,1375,4005,6,2,0.925,0.228,4,68,0.901,0.077,normal
3.785793761096956,tcp,http,SF,320,310,5,4,0.888,0.118,64,71,0.647,0.112,normal
1.13,tcp,ssh,SF,363,246,76,58,0.9,0.086,126,65,0.833,0.111,ssh_bruteforce
2.01,tcp,ftp,REJ,390,167,48,70,0.964,0.084,165,44,0.823,0.076,ssh_bruteforce
1.1844592500601379,udp,dns,SF,1589,359,4,3,0.965,0.022,77,21,0.667,0.018,normal
1.1113182386886375,tcp,http,SF,3128,13247,3,2,0.783,0.043,79,88,0.965,0.031,normal
2.2894835264859683,tcp,https,SF,2023,847,5,2,0.86,0.063,10,19,0.877,0.171,normal
0.12170953723045691,tcp,http,SF,1562,422,5,4,0.852,0.007,14,20,0.608,0.192,normal
1.5313871952214755,tcp,https,SF,1598,75173,2,6,0.923,0.209,72,96,0.954,0.152,normal
0.7190684556666095,tcp,https,SF,3527,26397,4,5,0.965,0.259,80,93,0.99,0.106,normal
0.11675859341901154,tcp,https,SF,475,861,3,8,0.775,0.3,27,1,0.796,0.024,normal
0.5634743936575553,tcp,http,SF,834,2823,5,2,0.841,0.044,91,40,0.682,0.19,normal
0.057,tcp,private,REJ,20,0,92,3,0.047,0.932,255,9,0.053,0.952,port_scan
0.104,tcp,private,REJ,0,0,93,1,0.033,0.978,255,1,0.03,0.791,port_scan
0.139,tcp,telnet,REJ,40,0,183,4,0.061,0.889,255,12,0.075,0.832,port_scan
3.5748817818030836,tcp,http,SF,607,5789,6,4,0.962,0.152,38,62,0.999,0.085,normal
1.245298197362074,udp,dns,SF,943,2968,3,3,0.795,0.162,19,24,0.891,0.167,normal
2.821142644559385,tcp,https,SF,314,6258,3,6,0.798,0.13,18,63,0.688,0.12,normal
0.07880673233593426,udp,dns,SF,2037,453,4,4,0.821,0.29,48,40,0.675,0.047,normal
0.3661229958158012,tcp,http,SF,3703,1628,7,4,0.966,0.106,6,24,0.906,0.1,normal
0.14434485991667786,tcp,ssh,SF,656,15014,11,5,0.821,0.275,76,26,0.774,0.175,normal
0.045,tcp,eco_i,REJ,20,0,176,1,0.091,0.918,255,9,0.077,0.935,port_scan
0.015,tcp,other,REJ,64,0,105,2,0.085,0.986,255,3,0.055,0.758,port_scan
0.0,tcp,other,S0,60,0,425,494,0.961,0.04,255,35,0.066,0.668,dos_syn_flood
15.00482508240541,tcp,http,SF,1216,10206,5,4,0.911,0.186,14,93,0.816,0.161,normal
3.931411989639793,udp,dns,SF,418,2918,5,5,0.786,0.106,38,12,0.671,0.199,normal
0.6975590577936841,udp,dns,SF,2464,4021,5,4,0.979,0.076,21,28,0.855,0.132,normal
2.936986097521884,tcp,https,SF,1571,826,6,2,0.966,0.053,98,31,0.616,0.173,normal
0.055,tcp,private,S0,64,0,79,3,0.085,0.985,255,11,0.046,0.985,port_scan
0.0,tcp,http,S0,44,0,507,234,0.973,0.043,255,17,0.101,0.796,dos_syn_flood
0.148,tcp,eco_i,REJ,40,0,60,1,0.049,0.882,255,12,0.074,0.902,port_scan
0.0,tcp,http,S0,0,0,283,407,0.967,0.048,255,32,0.173,0.701,dos_syn_flood
2.2207522713826915,tcp,https,REJ,292,13702,7,7,0.962,0.288,87,51,0.615,0.183,normal
3.8555212307160707,tcp,http,SF,5467,74,3,3,0.906,0.007,83,24,0.719,0.151,normal
0.101,tcp,private,REJ,0,0,59,1,0.057,0.887,255,1,0.064,0.777,port_scan
0.0,tcp,private,S0,0,0,297,411,0.969,0.005,255,48,0.116,0.614,dos_syn_flood
0.0,tcp,other,S0,60,0,249,386,0.971,0.026,255,32,0.166,0.729,dos_syn_flood
0.02200063017810332,tcp,http,SF,1366,3490,1,3,0.749,0.18,27,58,0.805,0.195,normal
0.07702251911402198,tcp,http,REJ,293,2071,7,2,0.816,0.214,48,23,0.989,0.003,normal
0.46693036732928594,tcp,https,SF,14813,1786,8,4,0.937,0.004,28,74,0.602,0.075,normal
2.17,tcp,ssh,SF,322,207,80,29,0.948,0.095,189,20,0.82,0.053,ssh_bruteforce
0.0,tcp,private,S0,0,0,186,306,0.959,0.019,255,33,0.124,0.671,dos_syn_flood
2.5271632748151065,tcp,https,SF,852,5644,4,2,0.827,0.089,65,55,0.831,0.009,normal
0.0,tcp,http,S0,0,0,391,366,0.971,0.014,255,10,0.103,0.882,dos_syn_flood
0.164,tcp,private,REJ,0,0,131,3,0.063,0.869,255,6,0.053,0.973,port_scan
3.2299672213050767,tcp,http,SF,3226,146,1,4,0.953,0.156,15,23,0.818,0.089,normal
0.33011426693928747,tcp,http,SF,238,478,4,3,0.892,0.129,45,96,0.839,0.121,normal
0.0,tcp,http,S0,60,0,155,351,0.962,0.005,255,45,0.07,0.886,dos_syn_flood
2.303646499575878,udp,dns,SF,94,47207,5,3,0.757,0.007,9,49,0.996,0.131,normal
1.9404720533151962,tcp,https,SF,1705,493,3,4,0.774,0.095,86,60,0.886,0.136,normal
2.43,tcp,ssh,SF,373,210,85,41,0.924,0.069,198,33,0.754,0.097,ssh_bruteforce
3.6886924013349356,tcp,http,S0,1202,14081,9,4,0.783,0.015,27,86,0.923,0.195,normal
0.0,tcp,http,S0,0,0,296,343,0.975,0.041,255,43,0.137,0.744,dos_syn_flood
0.31888887248554043,tcp,ssh,SF,7433,429,6,2,0.747,0.164,46,78,0.852,0.09,normal
2.42,tcp,ftp,SF,362,227,55,64,0.915,0.089,126,63,0.746,0.08,ssh_bruteforce
0.099,tcp,private,REJ,20,0,77,1,0.137,0.991,255,1,0.011,0.745,port_scan
0.0,tcp,other,S0,0,0,326,273,0.996,0.021,255,23,0.108,0.646,dos_syn_flood
0.16507000425625987,tcp,https,SF,2407,3563,4,4,0.79,0.094,15,58,0.602,0.15,normal
0.93905792225353,tcp,ssh,SF,307,2313,5,5,0.806,0.061,60,82,0.86,0.125,normal
0.510633175277573,udp,dns,SF,3248,31,4,2,0.905,0.04,98,5,0.784,0.075,normal
1.1804976026922478,tcp,ftp,SF,305,1102,5,3,0.759,0.246,9,24,0.996,0.06,normal
5.725581720012749,icmp,other,SF,550,103,11,3,0.84,0.045,6,80,0.977,0.028,normal
0.042,tcp,other,REJ,0,0,71,2,0.06,0.893,255,4,0.023,0.923,port_scan
0.7245407699988464,tcp,http,SF,2049,422,3,3,0.99,0.289,98,14,0.918,0.003,normal
3.858743740266011,tcp,https,SF,363,184,4,8,0.732,0.246,25,3,0.849,0.131,normal
0.162,tcp,eco_i,REJ,20,0,67,2,0.034,0.93,255,9,0.022,0.907,port_scan
0.186,tcp,eco_i,REJ,0,0,115,4,0.021,0.896,255,7,0.029,0.744,port_scan
1.3517820568575378,tcp,https,SF,915,463,5,5,0.806,0.124,58,14,0.711,0.043,normal
2.51,tcp,ssh,SF,447,226,42,29,0.984,0.027,178,79,0.714,0.139,ssh_bruteforce
2.36,tcp,ssh,REJ,397,198,69,65,0.948,0.083,152,23,0.902,0.077,ssh_bruteforce
11.58360804238242,tcp,http,SF,1795,6319,4,6,0.99,0.252,27,63,0.688,0.168,normal
0.0,tcp,http,S0,60,0,206,161,0.98,0.039,255,44,0.099,0.663,dos_syn_flood
2.31,tcp,ftp,SF,330,197,35,26,0.973,0.012,150,31,0.717,0.06,ssh_bruteforce
9.912271119484432,udp,dns,SF,1765,1962,2,3,0.995,0.236,86,55,0.625,0.003,normal
1.1132473991125835,tcp,http,SF,145,9696,6,3,0.869,0.01,54,35,0.604,0.053,normal
7.384177126055032,udp,dns,SF,821,671,2,2,0.935,0.191,26,38,0.871,0.177,normal
6.037776483163876,tcp,http,SF,979,845,5,4,0.98,0.078,71,7,0.866,0.016,normal
0.0,tcp,private,S0,44,0,355,215,0.979,0.006,255,30,0.155,0.77,dos_syn_flood
1.9749408711555236,tcp,http,SF,885,46650,3,2,0.989,0.284,51,8,0.761,0.001,normal
3.5217496653725138,udp,dns,SF,658,826,3,2,0.707,0.043,4,99,0.954,0.152,normal
0.15316377104376663,tcp,ftp,SF,102,652,4,6,0.855,0.189,37,4,0.689,0.193,normal
0.5046955436909005,tcp,https,SF,784,841,6,2,0.983,0.287,58,96,0.96,0.037,normal
0.067,tcp,private,REJ,40,0,196,4,0.149,0.933,255,14,0.037,0.93,port_scan
8.367193470119714,tcp,https,SF,1807,1089,1,2,0.954,0.194,53,48,0.886,0.172,normal
0.17698878690361303,udp,dns,SF,346,5536,6,7,0.831,0.253,61,54,0.89,0.037,normal
1.4599025909740335,tcp,http,SF,558,1815,3,2,0.724,0.016,83,24,0.611,0.082,normal
2.6965296303143163,udp,dns,SF,649,27349,1,5,0.703,0.227,94,98,0.702,0.055,normal
0.0,tcp,private,S0,44,0,344,347,0.976,0.033,255,17,0.111,0.619,dos_syn_flood
4.63284507575861,tcp,http,SF,481,1301,3,3,0.904,0.087,84,94,0.796,0.032,normal
0.047,tcp,eco_i,REJ,40,0,93,1,0.018,0.893,255,14,0.039,0.883,port_scan
0.3989616117499959,tcp,http,SF,92,447,4,4,0.962,0.25,27,14,0.888,0.1,normal
6.884896695253629,udp,dns,SF,1205,2886,7,6,0.873,0.094,62,7,0.961,0.167,normal
0.0,tcp,other,S0,0,0,437,405,0.979,0.004,255,25,0.053,0.751,dos_syn_flood
0.7302941936220403,tcp,https,SF,960,110,4,2,0.919,0.205,26,1,0.693,0.1,normal
2.268675037006483,tcp,https,S0,2207,3246,4,8,0.788,0.165,84,10,0.836,0.183,normal
2.36,tcp,ftp,SF,373,210,76,51,0.935,0.066,170,37,0.839,0.022,ssh_bruteforce
0.0,tcp,private,S0,0,0,449,422,0.987,0.008,255,38,0.178,0.637,dos_syn_flood
1.8353536165482662,tcp,ssh,SF,466,11046,6,2,0.962,0.023,26,12,0.878,0.082,normal
2.424944790549742,icmp,other,SF,138,2410,8,3,0.849,0.122,59,90,0.809,0.044,normal
0.021,tcp,other,REJ,40,0,178,2,0.118,0.998,255,7,0.075,0.738,port_scan
2.450739556211943,tcp,https,S0,169,2844,3,3,0.7,0.245,55,92,0.781,0.166,normal
0.7004936844877695,tcp,https,SF,693,331,2,4,0.866,0.04,88,95,0.804,0.181,normal
1.7255432071259422,tcp,https,SF,1445,746,4,1,0.849,0.065,53,80,0.604,0.131,normal
0.7450207863119269,tcp,ssh,SF,336,6189,5,1,0.85,0.118,8,56,0.72,0.097,normal
3.195746749704882,tcp,http,SF,328,1336,5,2,0.909,0.288,75,4,0.71,0.036,normal
2.428538634327931,tcp,ftp,SF,776,93998,3,4,0.732,0.175,99,22,0.944,0.136,normal
7.204042050457382,tcp,ssh,SF,820,180,3,5,0.729,0.286,19,47,0.981,0.176,normal
1.641176471239548,icmp,other,SF,755,1419,6,2,0.883,0.205,80,94,0.67,0.061,normal
2.98,tcp,ssh,SF,296,221,79,53,0.932,0.009,167,72,0.812,0.07,ssh_bruteforce
3.1861318549800224,tcp,http,SF,1524,1857,4,4,0.92,0.28,18,32,0.618,0.184,normal
1.3558906801061927,tcp,https,SF,391,605,7,8,0.969,0.167,39,77,0.861,0.167,normal
2.886911898280322,tcp,http,SF,56,963,5,3,0.701,0.121,36,7,0.966,0.042,normal
0.66,tcp,ssh,REJ,365,209,63,70,0.967,0.029,169,29,0.863,0.034,ssh_bruteforce
0.23445544525812548,tcp,https,SF,64,14617,6,7,0.891,0.288,44,18,0.983,0.061,normal
1.7591281408849948,tcp,http,SF,319,230,6,1,0.882,0.093,87,57,0.661,0.112,normal
3.4934742110649593,tcp,http,S0,497,3833,5,0,0.84,0.036,46,39,0.969,0.161,normal
0.102,tcp,private,REJ,40,0,143,4,0.031,0.987,255,2,0.025,0.801,port_scan
0.23769374345519712,tcp,ssh,SF,1781,1132,4,2,0.879,0.078,16,26,0.788,0.121,normal
2.2510196807525857,tcp,http,SF,2092,335,4,6,0.743,0.012,59,26,0.651,0.038,normal
4.391717315882346,tcp,http,SF,383,2400,5,7,0.847,0.162,16,16,0.774,0.026,normal
0.168,icmp,eco_i,REJ,0,0,193,2,0.089,0.983,255,4,0.055,0.946,port_scan
1.2418866242313749,tcp,http,SF,372,3908,4,3,0.979,0.082,23,47,0.893,0.023,normal
2.9311609407639927,tcp,http,SF,179,8868,7,5,0.822,0.138,91,26,0.821,0.181,normal
0.198,tcp,telnet,REJ,0,0,173,1,0.058,0.935,255,6,0.044,0.809,port_scan
0.8216515255140737,tcp,http,SF,1125,8403,8,3,0.812,0.19,81,56,0.728,0.029,normal
2.5901471622189676,tcp,ftp,SF,1800,2910,2,3,0.937,0.215,18,64,0.927,0.19,normal
0.6583423151733231,tcp,https,SF,858,352,6,2,0.722,0.068,65,69,0.878,0.155,normal
1.3322944496562288,udp,dns,SF,250,8286,6,3,0.751,0.256,33,42,0.665,0.147,normal
3.078973737517124,tcp,https,SF,320,4565,4,2,0.7,0.173,18,79,0.977,0.137,normal
0.6756841281228264,icmp,other,SF,2141,231,4,3,0.781,0.058,59,16,0.674,0.047,normal
0.001,tcp,telnet,RSTR,40,0,62,4,0.08,0.853,255,6,0.027,0.829,port_scan
0.0,tcp,http,S0,44,0,339,267,0.977,0.012,255,46,0.161,0.886,dos_syn_flood
0.0,tcp,http,S0,60,0,186,262,0.955,0.048,255,38,0.151,0.841,dos_syn_flood
1.52,tcp,ssh,SF,396,172,70,27,0.996,0.013,191,72,0.848,0.117,ssh_bruteforce
0.0,tcp,http,S0,0,0,261,387,0.988,0.009,255,17,0.086,0.722,dos_syn_flood
3.331577990396743,udp,dns,SF,3930,864,4,5,0.759,0.198,28,37,0.76,0.11,normal
0.7187634376856364,tcp,http,SF,1894,2939,7,0,0.748,0.299,92,57,0.994,0.127,normal
0.16149595006244785,tcp,http,SF,1104,838,5,4,0.777,0.29,46,22,0.871,0.171,normal
0.0,tcp,other,S0,44,0,441,449,0.972,0.029,255,17,0.153,0.672,dos_syn_flood
0.0,tcp,http,S0,0,0,260,439,0.994,0.02,255,39,0.081,0.706,dos_syn_flood
0.24486235985481722,udp,dns,SF,416,1674,5,3,0.823,0.189,18,71,0.935,0.143,normal
2.161029118410553,udp,dns,SF,1337,2434,7,5,0.929,0.174,7,17,0.621,0.042,normal
2.0594087127919862,tcp,http,SF,196,1983,5,6,0.824,0.195,86,76,0.625,0.103,normal
0.0,tcp,http,S0,0,0,417,241,0.978,0.039,255,29,0.175,0.857,dos_syn_flood
1.2869433162519919,tcp,http,SF,478,342,4,2,0.864,0.144,29,37,0.822,0.027,normal
1.3537447759870842,tcp,ssh,SF,1317,3353,2,7,0.918,0.102,50,21,0.702,0.134,normal
0.122,icmp,eco_i,REJ,40,0,139,4,0.055,0.926,255,11,0.023,0.874,port_scan
5.313870402524809,icmp,other,SF,1191,3771,8,7,0.851,0.027,86,67,0.642,0.052,normal
1.5816890830790118,tcp,http,SF,2320,4267,11,5,0.834,0.001,99,15,0.676,0.107,normal
1.305222068905365,tcp,ssh,SF,4371,10027,7,6,0.783,0.111,7,91,0.801,0.095,normal
2.1410752913147797,tcp,smtp,SF,1704,3541,5,4,0.732,0.06,40,62,0.999,0.174,normal
0.6197576080761986,tcp,http,SF,625,449,5,4,0.745,0.199,12,61,0.646,0.096,normal
0.05004314174432198,udp,dns,SF,900,617,6,4,0.793,0.145,25,41,0.938,0.104,normal
0.0,tcp,http,S0,60,0,248,174,0.984,0.035,255,20,0.102,0.9,dos_syn_flood
3.0918542485976315,tcp,ssh,SF,928,842,2,1,0.74,0.14,61,40,0.771,0.005,normal
0.0,tcp,private,S0,44,0,434,470,0.978,0.047,255,20,0.073,0.728,dos_syn_flood
0.0,tcp,http,S0,60,0,186,236,0.962,0.003,255,18,0.165,0.87,dos_syn_flood
2.147240714571752,udp,dns,SF,496,1330,3,5,0.724,0.018,63,38,0.617,0.149,normal
0.18559468139673244,icmp,other,SF,422,5488,3,3,0.751,0.229,28,89,0.844,0.132,normal
0.114,tcp,eco_i,REJ,0,0,58,2,0.085,0.942,255,3,0.073,0.876,port_scan
1.7983283568646096,udp,dns,SF,1024,2328,5,5,0.888,0.084,57,52,0.971,0.199,normal
0.0,tcp,private,RSTOS0,44,0,264,193,0.975,0.016,255,23,0.108,0.638,dos_syn_flood
0.52,tcp,ssh,REJ,347,190,66,58,0.904,0.006,196,67,0.749,0.044,ssh_bruteforce
1.67,tcp,ssh,SF,423,215,38,63,0.933,0.068,133,59,0.914,0.052,ssh_bruteforce
0.0,tcp,private,RSTOS0,0,0,306,242,0.957,0.024,255,11,0.052,0.78,dos_syn_flood
0.0,tcp,http,S0,0,0,266,472,0.985,0.039,255,15,0.183,0.609,dos_syn_flood
0.0,tcp,http,S0,60,0,220,155,0.977,0.028,255,22,0.18,0.853,dos_syn_flood
0.0,tcp,http,S0,44,0,405,218,0.999,0.007,255,40,0.159,0.898,dos_syn_flood
4.045431532705548,icmp,other,SF,2637,19614,3,2,0.97,0.205,67,84,0.771,0.07,normal
0.0,tcp,http,S0,44,0,451,165,0.957,0.021,255,36,0.128,0.873,dos_syn_flood
0.08,tcp,private,REJ,64,0,146,3,0.101,0.927,255,7,0.034,0.938,port_scan
0.1355380763292177,tcp,http,SF,1485,873,7,3,0.936,0.203,73,19,0.985,0.169,normal
0.0,tcp,http,S0,60,0,252,496,0.955,0.015,255,11,0.125,0.771,dos_syn_flood
0.0,tcp,http,S0,44,0,377,340,0.956,0.028,255,10,0.099,0.727,dos_syn_flood
0.0,tcp,http,S0,44,0,249,467,0.973,0.023,255,33,0.104,0.765,dos_syn_flood
0.19,icmp,other,RSTR,64,0,141,3,0.018,0.942,255,1,0.052,0.804,port_scan
1.76,tcp,ssh,SF,358,220,39,64,0.965,0.026,175,22,0.769,0.059,ssh_bruteforce
1.478159234107323,tcp,http,SF,235,1369,3,5,0.798,0.107,17,50,0.99,0.064,normal
0.2723682554884481,udp,dns,SF,613,5698,3,3,0.917,0.256,98,49,0.632,0.13,normal
1.1307041509695872,udp,dns,SF,768,586,6,7,0.957,0.203,89,9,0.676,0.185,normal
1.7959453314673288,tcp,http,SF,1888,8828,4,7,0.822,0.149,76,87,0.643,0.028,normal
0.10863821292792294,tcp,https,SF,168,52,6,10,0.927,0.136,94,59,0.681,0.172,normal
0.0,tcp,http,S0,44,0,372,496,0.996,0.022,255,13,0.105,0.604,dos_syn_flood
0.0,tcp,http,S0,0,0,299,241,0.952,0.005,255,25,0.102,0.69,dos_syn_flood
8.499662241744774,tcp,http,SF,69,739,4,2,0.795,0.147,5,50,0.603,0.153,normal
1.0823964379232214,tcp,http,SF,1377,5982,3,2,0.703,0.17,45,33,0.62,0.058,normal
0.7169311261484115,icmp,other,SF,53,1034,2,8,0.867,0.297,99,87,0.843,0.061,normal
0.0,tcp,http,S0,0,0,193,385,0.983,0.028,255,43,0.142,0.622,dos_syn_flood
0.0,tcp,http,RSTOS0,60,0,286,510,0.953,0.014,255,26,0.065,0.812,dos_syn_flood
0.10651414458089008,tcp,https,SF,1294,1185,4,1,0.752,0.06,18,39,0.811,0.065,normal
0.6755799878565225,tcp,http,SF,747,1442,5,3,0.728,0.12,3,46,0.806,0.142,normal
2.4359442139058345,tcp,https,SF,483,876,9,3,0.997,0.048,70,34,0.722,0.084,normal
2.740894577234103,tcp,ssh,SF,1132,1610,3,3,0.975,0.108,62,67,0.634,0.141,normal
1.7561560599254256,icmp,other,SF,1019,1843,4,2,0.767,0.129,99,52,0.94,0.166,normal
2.77,tcp,ssh,REJ,309,266,49,77,0.914,0.055,176,54,0.759,0.137,ssh_bruteforce
8.019432617371779,tcp,http,SF,349,2922,7,8,0.949,0.147,61,40,0.803,0.028,normal
0.536638693635988,tcp,https,SF,1377,6750,5,3,0.866,0.274,24,10,0.834,0.042,normal
1.4034202123523136,tcp,ssh,SF,377,2217,5,3,0.842,0.189,35,22,0.871,0.038,normal
1.1724437092571836,tcp,http,SF,1287,22,1,3,0.843,0.191,8,20,0.998,0.095,normal
8.149376425313887,tcp,http,SF,613,19023,11,5,0.837,0.148,85,39,0.678,0.165,normal
1.0032421931436537,udp,dns,SF,2184,1075,8,2,0.927,0.001,43,52,0.736,0.117,normal
6.106626250566589,tcp,smtp,SF,947,886,4,6,0.919,0.28,27,17,0.894,0.067,normal
0.0,tcp,http,S0,44,0,310,157,0.984,0.031,255,44,0.116,0.685,dos_syn_flood
1.24,tcp,ssh,SF,306,247,37,60,0.96,0.031,221,50,0.826,0.042,ssh_bruteforce
8.594128891385227,udp,dns,SF,5508,1398,3,5,0.735,0.167,91,50,0.959,0.049,normal
2.870268214326818,tcp,http,SF,471,689,2,0,0.733,0.23,62,65,0.811,0.124,normal
0.063,tcp,private,REJ,40,0,164,3,0.031,0.866,255,4,0.076,0.894,port_scan
0.0,tcp,http,S0,44,0,334,491,0.953,0.008,255,24,0.06,0.749,dos_syn_flood
0.66,tcp,ssh,REJ,367,204,84,31,0.994,0.067,137,61,0.733,0.098,ssh_bruteforce
0.0,tcp,http,S0,60,0,308,419,0.95,0.015,255,17,0.14,0.712,dos_syn_flood
0.0,tcp,http,S0,60,0,326,357,0.999,0.005,255,12,0.066,0.719,dos_syn_flood
2.159311828689245,tcp,https,SF,2725,1590,3,1,0.9,0.148,30,88,0.677,0.073,normal
0.003,tcp,eco_i,REJ,40,0,82,3,0.047,0.858,255,14,0.059,0.947,port_scan
2.955399795903376,udp,dns,SF,900,9164,7,5,0.798,0.119,41,67,0.895,0.068,normal
6.9054736545873086,icmp,other,SF,339,2477,5,3,0.999,0.034,99,28,0.96,0.179,normal
0.0,tcp,http,S0,60,0,328,269,0.966,0.02,255,19,0.092,0.875,dos_syn_flood
0.015,tcp,private,REJ,0,0,53,3,0.017,0.919,255,10,0.014,0.839,port_scan
1.97,tcp,ssh,SF,402,234,73,63,0.927,0.034,194,64,0.79,0.088,ssh_bruteforce
0.0,tcp,other,S0,0,0,338,323,0.959,0.011,255,27,0.192,0.637,dos_syn_flood
4.750415633229585,tcp,https,SF,195,7346,4,4,0.878,0.176,57,28,0.829,0.062,normal
0.0,tcp,http,S0,0,0,251,346,0.973,0.013,255,24,0.192,0.655,dos_syn_flood
0.165,tcp,eco_i,S0,40,0,88,2,0.133,0.912,255,12,0.039,0.719,port_scan
0.0,tcp,private,S0,44,0,307,302,0.993,0.036,255,10,0.133,0.881,dos_syn_flood
1.82,tcp,ssh,SF,340,232,42,77,0.95,0.025,110,31,0.758,0.101,ssh_bruteforce
0.3814832400937065,tcp,https,SF,854,7726,6,2,0.939,0.102,54,4,0.792,0.003,normal
0.0,tcp,private,S0,0,0,493,216,0.984,0.02,255,43,0.173,0.776,dos_syn_flood
1.54,tcp,ssh,REJ,346,247,60,54,0.914,0.069,190,33,0.877,0.064,ssh_bruteforce
0.7840294442902319,udp,dns,SF,463,1234,7,4,0.734,0.255,95,76,0.904,0.036,normal
0.148,tcp,private,REJ,0,0,190,3,0.124,0.888,255,9,0.069,0.938,port_scan
3.2432300037136352,tcp,smtp,SF,1030,527,7,5,0.723,0.181,7,47,0.771,0.152,normal
0.9843333637787337,tcp,http,SF,776,1017,5,3,0.926,0.005,63,34,0.75,0.176,normal
0.04076678045154626,tcp,https,SF,62,5733,5,4,0.886,0.109,98,64,0.944,0.147,normal
0.60441277824301,tcp,ssh,S0,527,242,2,9,0.969,0.21,2,68,0.663,0.069,normal
0.45662733902590447,tcp,http,SF,489,5980,4,5,0.834,0.273,39,91,0.936,0.187,normal
1.73671257057356,tcp,https,SF,1650,4767,5,1,0.737,0.299,25,64,0.791,0.164,normal
2.674382649975109,tcp,http,SF,3071,1091,3,3,0.884,0.017,84,5,0.697,0.143,normal
0.163,tcp,eco_i,REJ,20,0,129,4,0.024,0.96,255,14,0.021,0.941,port_scan
0.0,tcp,http,S0,44,0,200,432,0.995,0.006,255,16,0.107,0.785,dos_syn_flood
0.0,tcp,private,S0,60,0,196,269,0.997,0.029,255,20,0.15,0.874,dos_syn_flood
0.0,tcp,http,S0,44,0,383,186,0.966,0.03,255,33,0.156,0.68,dos_syn_flood
0.0,tcp,http,S0,44,0,347,325,0.983,0.009,255,41,0.059,0.819,dos_syn_flood
1.0736131008248757,tcp,ftp,SF,1387,342,8,4,0.812,0.177,97,6,0.689,0.051,normal
5.7976265377074885,udp,dns,SF,542,727,7,2,0.806,0.281,75,73,0.955,0.012,normal
1.7342178671547834,icmp,other,SF,1767,262,5,4,0.841,0.048,67,27,0.719,0.163,normal
2.071208679465025,tcp,http,SF,288,18688,6,6,0.802,0.282,64,29,0.972,0.165,normal
0.13484474827982973,icmp,other,SF,395,2941,3,3,0.833,0.268,2,91,0.973,0.185,normal
3.6839723151756862,tcp,http,SF,3487,7822,6,2,0.883,0.036,95,57,0.997,0.027,normal
0.9952990006284326,tcp,https,SF,2470,55,7,6,0.981,0.064,62,29,0.772,0.142,normal
1.4975352828280288,tcp,http,SF,199,5228,3,7,0.975,0.259,41,15,0.673,0.061,normal
3.3917049893471534,udp,dns,SF,249,5194,4,3,0.804,0.119,31,55,0.684,0.171,normal
0.062,tcp,eco_i,S0,0,0,56,1,0.011,0.873,255,8,0.061,0.778,port_scan
0.07,tcp,private,RSTR,20,0,81,4,0.014,0.88,255,14,0.032,0.81,port_scan
3.142229383910948,tcp,http,SF,1279,4983,3,5,0.79,0.149,77,94,0.682,0.173,normal
0.0,tcp,private,S0,0,0,440,279,0.977,0.008,255,39,0.07,0.9,dos_syn_flood
4.350490696444326,tcp,ssh,SF,126,343,4,6,0.79,0.281,72,50,0.85,0.157,normal
0.014,tcp,eco_i,S0,20,0,71,4,0.103,0.913,255,14,0.015,0.722,port_scan
0.034,tcp,private,REJ,0,0,116,4,0.091,0.935,255,2,0.071,0.837,port_scan
2.35,tcp,ftp,REJ,389,253,48,61,0.934,0.022,128,31,0.712,0.146,ssh_bruteforce
4.861304715287225,tcp,https,SF,1973,3287,5,5,0.801,0.136,70,89,0.79,0.124,normal
0.07193626173165864,udp,dns,SF,1842,605,7,4,0.83,0.123,23,55,0.937,0.075,normal
0.0,tcp,http,S0,60,0,185,256,0.975,0.002,255,22,0.116,0.744,dos_syn_flood
0.24882986984397804,tcp,http,SF,313,4435,8,8,0.879,0.089,48,76,0.773,0.197,normal
0.9690228630972388,icmp,other,SF,1368,291,4,6,0.952,0.243,34,99,0.802,0.004,normal
0.0,tcp,private,S0,0,0,412,261,0.96,0.014,255,39,0.157,0.822,dos_syn_flood
0.016,tcp,private,REJ,64,0,120,1,0.052,0.968,255,14,0.06,0.798,port_scan
0.0,tcp,http,S0,0,0,449,214,0.975,0.032,255,37,0.199,0.614,dos_syn_flood
1.5125663140493948,tcp,https,SF,733,1496,4,4,0.888,0.22,27,79,0.889,0.065,normal
0.041,tcp,eco_i,REJ,0,0,135,4,0.015,0.861,255,4,0.047,0.876,port_scan
0.5994665893677686,tcp,ssh,SF,207,44376,3,2,0.821,0.077,11,72,0.65,0.028,normal
1.47,tcp,ssh,SF,331,237,39,71,0.915,0.068,246,23,0.842,0.071,ssh_bruteforce
3.5047431722101354,tcp,https,SF,576,250,3,5,0.999,0.047,38,45,0.735,0.172,normal
2.17,tcp,ssh,REJ,307,176,37,43,0.914,0.04,101,21,0.938,0.086,ssh_bruteforce
1.9187485650661162,tcp,https,SF,582,465,7,6,0.927,0.038,16,76,0.913,0.142,normal
3.1147865243766537,tcp,http,SF,345,1323,6,3,0.871,0.11,33,98,0.683,0.05,normal
0.0,tcp,private,S0,0,0,372,223,0.98,0.024,255,49,0.179,0.841,dos_syn_flood
4.304623332181203,tcp,http,SF,122,2631,0,3,0.968,0.042,4,34,0.616,0.132,normal
1.5698607126665753,tcp,https,SF,2600,1328,10,1,0.761,0.07,99,80,0.686,0.126,normal
0.006,icmp,eco_i,REJ,40,0,159,2,0.08,0.857,255,2,0.024,0.918,port_scan
2.6483483515906174,udp,dns,SF,725,3422,4,9,0.769,0.129,83,95,0.675,0.136,normal
2.1497461257963706,tcp,ssh,SF,99,306,6,4,0.781,0.257,83,50,0.834,0.01,normal
0.8832053438062836,tcp,https,SF,3693,5828,3,3,0.873,0.25,4,24,0.879,0.052,normal
1.63,tcp,ftp,SF,304,202,42,46,0.949,0.003,216,77,0.758,0.113,ssh_bruteforce
4.647871533234885,udp,dns,SF,118,357,5,1,0.984,0.214,18,4,0.725,0.187,normal
2.057613114700497,tcp,http,SF,268,2955,5,3,0.757,0.066,66,99,0.661,0.007,normal
8.518177462066841,tcp,http,SF,2885,3317,8,7,0.838,0.13,93,3,0.623,0.112,normal
1.15,tcp,ssh,SF,337,187,57,69,0.925,0.07,222,73,0.845,0.088,ssh_bruteforce
0.153,tcp,private,REJ,0,0,105,2,0.078,0.855,255,2,0.066,0.765,port_scan
0.0,tcp,private,S0,0,0,277,427,0.986,0.003,255,20,0.118,0.61,dos_syn_flood
2.434280240191691,icmp,other,SF,3278,1202,3,3,0.813,0.223,75,59,0.606,0.066,normal
0.0,tcp,http,S0,0,0,186,264,0.951,0.002,255,16,0.158,0.641,dos_syn_flood
6.286095472809391,tcp,http,SF,145,1000,3,1,0.806,0.109,22,56,0.943,0.053,normal
1.1697368007081363,udp,dns,SF,335,268,4,4,0.734,0.257,23,72,0.61,0.188,normal
0.65,tcp,ftp,REJ,422,177,76,40,0.926,0.056,207,35,0.79,0.113,ssh_bruteforce
5.3334437514709006,tcp,ssh,SF,102,195,5,5,0.801,0.064,31,88,0.896,0.086,normal
0.0,tcp,http,S0,0,0,496,279,0.971,0.027,255,46,0.069,0.844,dos_syn_flood
2.85,tcp,ssh,SF,388,193,82,70,0.904,0.039,169,21,0.785,0.051,ssh_bruteforce
0.0,tcp,http,S0,0,0,440,478,0.957,0.044,255,32,0.114,0.897,dos_syn_flood
1.6196592027448649,tcp,https,SF,339,5917,5,3,0.829,0.016,50,20,0.864,0.129,normal
1.74,tcp,ssh,SF,352,214,55,51,0.987,0.007,128,23,0.853,0.094,ssh_bruteforce
0.24535248951276006,udp,dns,SF,669,744,3,2,0.867,0.25,23,11,0.847,0.18,normal
0.181,tcp,eco_i,RSTR,40,0,117,1,0.082,0.876,255,10,0.059,0.849,port_scan
0.0,tcp,private,S0,0,0,401,357,0.977,0.002,255,48,0.196,0.766,dos_syn_flood
1.0404963731518486,tcp,http,REJ,1374,1187,6,5,0.869,0.004,52,23,0.629,0.081,normal
0.06286695982171928,udp,dns,SF,134,640,6,6,0.882,0.164,79,40,0.888,0.035,normal
2.33,tcp,ssh,SF,356,198,59,72,0.942,0.077,153,58,0.703,0.139,ssh_bruteforce
0.0,tcp,private,S0,44,0,227,404,0.996,0.026,255,17,0.122,0.741,dos_syn_flood
0.0,tcp,http,S0,0,0,386,271,1.0,0.038,255,10,0.145,0.761,dos_syn_flood
0.0,tcp,other,S0,0,0,352,224,0.959,0.044,255,31,0.075,0.782,dos_syn_flood
0.9677348385165953,tcp,http,SF,5717,179,2,5,0.98,0.033,23,37,0.608,0.131,normal
3.663595435779065,udp,dns,SF,1934,3398,6,2,0.85,0.224,13,62,0.674,0.044,normal
6.056564937860828,udp,dns,SF,717,1543,5,4,0.802,0.157,82,28,0.683,0.155,normal
0.45200948644899086,tcp,http,SF,285,5335,6,4,0.894,0.055,19,53,0.618,0.037,normal
2.0099957158789223,tcp,ftp,SF,2223,4023,8,0,0.779,0.284,93,6,0.627,0.07,normal
0.0,tcp,private,S0,60,0,409,400,0.979,0.025,255,46,0.114,0.811,dos_syn_flood
2.73,tcp,ssh,SF,407,152,69,76,0.913,0.06,171,31,0.932,0.082,ssh_bruteforce
0.0,tcp,http,S0,60,0,429,303,0.966,0.021,255,44,0.112,0.629,dos_syn_flood
1.8356664020281601,tcp,http,SF,3630,727,4,4,0.77,0.015,32,53,0.752,0.08,normal
0.0,tcp,http,S0,0,0,247,189,0.985,0.038,255,37,0.09,0.715,dos_syn_flood
0.0,tcp,http,S0,0,0,503,413,0.977,0.003,255,17,0.184,0.698,dos_syn_flood
5.685278437469225,icmp,other,SF,480,3390,7,10,0.808,0.25,11,91,0.721,0.064,normal
0.0,tcp,other,S0,0,0,505,374,0.992,0.006,255,48,0.077,0.775,dos_syn_flood
1.8612669868679244,tcp,https,SF,757,139,6,5,0.713,0.256,42,9,0.732,0.186,normal
0.032,tcp,private,RSTR,40,0,76,1,0.11,0.989,255,2,0.064,0.962,port_scan
0.0,tcp,http,S0,60,0,356,244,0.992,0.006,255,31,0.103,0.81,dos_syn_flood
2.017222561505396,tcp,https,SF,874,1178,2,4,0.837,0.055,48,37,0.809,0.011,normal
3.312033120532601,tcp,http,SF,1394,10540,8,6,0.833,0.103,26,36,0.964,0.178,normal
5.212630589420862,tcp,https,SF,116,1337,8,3,0.892,0.277,59,11,0.827,0.153,normal
0.0,tcp,private,S0,0,0,421,321,0.981,0.046,255,35,0.132,0.882,dos_syn_flood
0.9640407162647645,icmp,other,SF,338,12623,6,2,0.906,0.294,37,84,0.92,0.035,normal
2.24,tcp,ssh,REJ,295,216,73,63,0.902,0.038,115,35,0.785,0.097,ssh_bruteforce
2.1942578177734533,tcp,ftp,SF,145,192,5,1,0.77,0.128,2,78,0.912,0.009,normal
4.5860129830630685,tcp,https,SF,512,2603,1,3,0.927,0.146,98,37,0.644,0.155,normal
0.711407370966438,tcp,https,SF,998,98,6,7,0.905,0.264,90,22,0.765,0.145,normal
0.0,tcp,other,S0,44,0,508,274,0.995,0.014,255,30,0.125,0.864,dos_syn_flood
0.127,tcp,eco_i,RSTR,0,0,119,3,0.043,0.907,255,10,0.067,0.84,port_scan
2.63,tcp,ssh,REJ,331,244,43,27,0.978,0.09,233,28,0.89,0.05,ssh_bruteforce
0.0,tcp,private,S0,44,0,482,376,0.99,0.022,255,18,0.121,0.724,dos_syn_flood
0.171,tcp,telnet,REJ,64,0,103,1,0.149,0.93,255,10,0.077,0.725,port_scan
0.0,tcp,http,S0,0,0,357,169,0.993,0.033,255,31,0.073,0.7,dos_syn_flood
2.27,tcp,ftp,REJ,418,237,43,72,0.919,0.047,125,41,0.931,0.092,ssh_bruteforce
0.031,tcp,other,S0,0,0,182,1,0.027,0.981,255,10,0.027,0.79,port_scan
0.46612239747000617,tcp,ftp,SF,876,1099,3,1,0.754,0.051,4,55,0.653,0.195,normal
1.1699264318630993,udp,dns,SF,245,256,5,2,0.784,0.054,61,4,0.835,0.114,normal
0.0,tcp,http,S0,60,0,434,366,0.963,0.044,255,46,0.096,0.646,dos_syn_flood
7.954032280154064,tcp,http,SF,83,154,4,5,0.976,0.199,90,3,0.895,0.134,normal
2.45679455900818,tcp,http,SF,151,994,6,1,0.758,0.037,95,20,0.97,0.005,normal
6.313501972805011,tcp,http,SF,8014,4212,3,2,0.981,0.219,73,18,0.66,0.196,normal
0.0,tcp,private,S0,0,0,361,259,0.974,0.031,255,16,0.185,0.759,dos_syn_flood
6.576278171574601,udp,dns,SF,2734,226,7,1,0.782,0.269,78,41,0.625,0.092,normal
4.261297822599483,tcp,ftp,SF,119,660,8,3,0.98,0.287,55,38,0.956,0.094,normal
1.26,tcp,ssh,SF,319,223,64,78,0.971,0.099,141,79,0.877,0.097,ssh_bruteforce
4.383253787576839,tcp,https,SF,581,2950,5,3,0.731,0.276,5,37,0.883,0.031,normal
0.0,tcp,other,S0,0,0,260,314,0.967,0.014,255,21,0.186,0.693,dos_syn_flood
0.3025512632387812,tcp,https,SF,2445,295307,11,2,0.772,0.117,96,99,0.904,0.056,normal
1.99,tcp,ssh,SF,374,240,37,41,0.939,0.004,136,55,0.852,0.134,ssh_bruteforce
2.455062234848491,tcp,http,SF,1059,382,3,1,0.718,0.242,84,20,0.832,0.162,normal
6.980929209515562,tcp,ssh,SF,427,3819,5,6,0.773,0.249,19,64,0.703,0.077,normal
0.0,tcp,http,S0,44,0,228,391,0.977,0.031,255,44,0.101,0.758,dos_syn_flood
0.6447361538832753,tcp,ssh,SF,915,2960,8,6,0.743,0.294,64,31,0.787,0.085,normal
8.02195516098535,tcp,ssh,SF,101,328,7,4,0.704,0.276,36,76,0.875,0.026,normal
1.7270873358871257,tcp,ftp,SF,3519,15162,5,3,0.788,0.086,53,90,0.607,0.146,normal
0.8774516212872308,udp,dns,SF,752,530,5,5,0.789,0.028,55,59,0.774,0.072,normal
0.198,tcp,private,REJ,64,0,58,1,0.111,0.909,255,5,0.064,0.885,port_scan
0.0,tcp,private,S0,60,0,326,345,0.963,0.01,255,11,0.158,0.708,dos_syn_flood
10.590613749064934,tcp,https,SF,422,5140,4,3,0.949,0.238,84,3,0.734,0.177,normal
0.87,tcp,ssh,REJ,292,252,77,26,0.93,0.033,146,33,0.761,0.064,ssh_bruteforce
0.518216930502514,udp,dns,SF,1830,2502,5,5,0.96,0.119,79,6,0.759,0.176,normal
0.0,tcp,private,S0,0,0,200,362,0.95,0.032,255,31,0.103,0.872,dos_syn_flood
1.9204068393882565,tcp,http,SF,3854,356,1,4,0.703,0.273,93,59,0.711,0.165,normal
0.0,tcp,http,S0,60,0,396,235,0.996,0.029,255,12,0.137,0.668,dos_syn_flood
1.9421906164806721,tcp,https,SF,253,3930,5,4,0.921,0.169,59,64,0.631,0.119,normal
1.701950086311952,icmp,other,SF,124,3923,4,1,0.874,0.097,7,77,0.772,0.115,normal
1.9433193046350914,tcp,https,SF,82,489,6,4,0.863,0.086,3,23,0.935,0.056,normal
0.0,tcp,http,S0,44,0,465,259,0.98,0.008,255,17,0.171,0.732,dos_syn_flood
0.3361219227743609,tcp,https,SF,1546,76699,4,6,0.707,0.124,54,15,0.868,0.043,normal
0.0,tcp,http,S0,0,0,412,311,0.964,0.022,255,45,0.112,0.74,dos_syn_flood
1.0242666423120212,tcp,https,SF,705,3338,7,4,0.911,0.212,48,22,0.91,0.159,normal
4.816398882332708,tcp,http,SF,1413,2499,4,6,0.811,0.069,82,33,0.84,0.115,normal
3.7097948159526,udp,dns,SF,2179,556,3,6,0.806,0.14,44,32,0.974,0.109,normal
1.0213280779558116,tcp,http,SF,3805,355,3,3,0.858,0.211,5,14,0.635,0.146,normal
7.252758785732727,tcp,http,SF,101,5365,4,4,0.705,0.156,3,55,0.977,0.036,normal
1.324764013205211,udp,dns,SF,988,6915,6,5,0.708,0.063,1,55,0.885,0.002,normal
2.046837759016041,tcp,http,SF,3494,240,4,2,0.952,0.233,55,35,0.863,0.025,normal
0.11878502279416889,tcp,http,SF,3808,15431,5,5,0.786,0.221,38,26,0.946,0.1,normal
0.01273774453031688,tcp,http,SF,501,2107,5,10,0.747,0.048,13,45,0.879,0.136,normal
5.518130069563803,tcp,ssh,SF,485,1700,5,2,0.822,0.009,53,84,0.826,0.141,normal
2.64,tcp,ssh,SF,342,182,80,30,0.914,0.005,173,57,0.787,0.117,ssh_bruteforce
3.169798563382341,udp,dns,SF,642,1097,8,4,0.951,0.275,7,64,0.636,0.078,normal
1.4600148909532338,tcp,ssh,SF,2795,1428,1,5,0.964,0.215,92,60,0.894,0.193,normal
1.62,tcp,ssh,REJ,307,188,49,38,0.99,0.062,165,29,0.919,0.124,ssh_bruteforce
0.06,tcp,telnet,S0,20,0,67,1,0.057,0.887,255,12,0.013,0.789,port_scan
0.14,icmp,eco_i,RSTR,20,0,163,1,0.093,0.956,255,8,0.058,0.777,port_scan
0.0,tcp,http,S0,44,0,276,332,0.963,0.036,255,12,0.058,0.758,dos_syn_flood
1.0174010154627264,tcp,https,SF,1218,276,2,4,0.799,0.298,81,74,0.818,0.094,normal
1.7965862346948445,tcp,ssh,SF,8446,718,6,2,0.775,0.207,79,34,0.824,0.106,normal
0.0,tcp,private,S0,44,0,278,372,0.971,0.004,255,15,0.08,0.634,dos_syn_flood
0.13662979819264565,tcp,http,SF,937,3877,8,5,0.815,0.256,46,87,0.836,0.055,normal
0.0,tcp,http,S0,60,0,250,310,0.996,0.022,255,23,0.173,0.775,dos_syn_flood
1.741506091636516,tcp,http,SF,583,2378,4,4,0.756,0.037,62,53,0.709,0.121,normal
3.618693909606325,tcp,https,SF,432,5741,6,4,0.802,0.27,43,74,0.634,0.088,normal
1.4328176893696005,tcp,ssh,SF,222,1526,7,8,0.748,0.081,20,98,0.873,0.2,normal
0.73,tcp,ftp,SF,381,261,56,28,0.962,0.079,161,35,0.882,0.15,ssh_bruteforce
0.05473735399449403,udp,dns,SF,520,369521,1,4,0.829,0.184,50,49,0.863,0.073,normal
0.0,tcp,http,S0,0,0,371,373,0.983,0.041,255,25,0.198,0.888,dos_syn_flood
0.7216419034722055,tcp,http,SF,590,56779,7,2,0.951,0.131,36,59,0.719,0.113,normal
0.4293499666406561,udp,dns,SF,197,9037,2,2,0.846,0.242,58,43,0.767,0.012,normal
0.0,tcp,http,S0,0,0,161,177,0.962,0.044,255,44,0.194,0.783,dos_syn_flood
0.04359806996113373,udp,dns,SF,2580,2287,1,0,0.825,0.047,37,4,0.884,0.036,normal
0.085,tcp,eco_i,REJ,40,0,146,2,0.127,0.905,255,14,0.017,0.725,port_scan
0.0,tcp,http,S0,0,0,381,244,1.0,0.026,255,36,0.139,0.676,dos_syn_flood
2.4077275819043296,tcp,http,SF,427,493,3,5,0.849,0.247,12,16,0.918,0.165,normal
3.995301344985163,tcp,https,SF,1519,398,6,2,0.703,0.238,9,52,0.922,0.123,normal
2.8532106056136657,icmp,other,SF,899,745,3,7,0.848,0.206,20,58,0.645,0.173,normal
0.059756950895416314,tcp,http,SF,484,3856,3,2,0.879,0.16,77,49,0.829,0.191,normal
0.17427675911541707,tcp,https,SF,133,308,6,6,0.779,0.241,65,49,0.701,0.181,normal
3.7322026274541753,tcp,ftp,SF,1099,19111,3,3,0.912,0.051,39,15,0.737,0.181,normal
0.0,tcp,http,S0,44,0,510,486,0.992,0.044,255,15,0.188,0.872,dos_syn_flood
0.0,tcp,http,S0,44,0,222,387,0.986,0.045,255,33,0.075,0.774,dos_syn_flood
0.43471907086593037,tcp,http,SF,823,1496,4,8,0.892,0.21,8,22,0.911,0.189,normal
1.0685470279407334,tcp,https,SF,508,110,2,5,0.732,0.244,53,94,0.691,0.136,normal
0.08208783465511807,tcp,ssh,SF,1006,446,8,3,0.72,0.195,96,77,0.821,0.101,normal
1.8979098394324923,tcp,ftp,S0,593,456,3,2,0.998,0.101,43,62,0.818,0.028,normal
0.0,tcp,private,S0,0,0,324,219,0.959,0.022,255,44,0.169,0.882,dos_syn_flood
0.6136300032673823,tcp,http,SF,286,4674,7,4,0.931,0.234,76,49,0.923,0.172,normal
0.2560417936836507,tcp,http,SF,320,2298,2,3,0.734,0.258,70,64,0.687,0.097,normal
0.0,tcp,http,S0,0,0,280,327,0.968,0.031,255,27,0.108,0.838,dos_syn_flood
1.5592409439966084,tcp,https,SF,2017,977,7,2,0.814,0.206,18,16,0.85,0.154,normal
0.0,tcp,http,S0,44,0,492,360,0.985,0.03,255,28,0.146,0.723,dos_syn_flood
1.4580779446736516,udp,dns,SF,1086,789,10,3,0.753,0.275,9,60,0.625,0.12,normal
0.6985447132301287,tcp,ssh,SF,13786,14009,3,0,0.975,0.206,37,83,0.86,0.111,normal
3.870144545587577,tcp,http,SF,1142,4991,5,3,0.851,0.055,88,63,0.754,0.072,normal
0.33630991738792493,tcp,http,SF,150,1754,2,5,0.823,0.008,80,78,0.751,0.124,normal
3.2282104338907662,tcp,https,SF,656,348,7,4,0.797,0.014,60,62,0.93,0.189,normal
0.23888900118673445,tcp,http,SF,689,307,9,3,0.719,0.294,72,49,0.957,0.097,normal
0.17,tcp,other,REJ,40,0,60,4,0.139,0.955,255,8,0.041,0.841,port_scan
0.0,tcp,http,S0,0,0,419,405,0.974,0.018,255,43,0.186,0.784,dos_syn_flood
0.1274362129569143,tcp,http,SF,1226,46614,7,5,0.944,0.227,83,18,0.602,0.103,normal
3.36441400184895,tcp,https,SF,21,345,4,5,0.732,0.054,37,58,0.77,0.198,normal
0.0,tcp,http,S0,60,0,477,182,0.99,0.046,255,40,0.159,0.727,dos_syn_flood
3.7826055241386487,tcp,http,SF,257,504,3,5,0.988,0.23,39,2,0.754,0.109,normal
0.0,tcp,http,S0,0,0,439,248,0.993,0.008,255,33,0.061,0.732,dos_syn_flood
1.4928639560956274,tcp,https,SF,620,2159,6,7,0.937,0.093,25,94,0.731,0.05,normal
0.024,tcp,private,RSTR,0,0,126,3,0.129,0.927,255,7,0.075,0.749,port_scan
0.7411770175555126,tcp,http,SF,665,6541,5,4,0.844,0.026,47,37,0.811,0.17,normal
5.985567488571009,udp,dns,SF,368,2833,7,3,0.965,0.163,42,48,0.715,0.047,normal
0.0,tcp,private,S0,60,0,197,379,0.995,0.036,255,38,0.093,0.601,dos_syn_flood
0.23931402637118815,tcp,http,SF,981,1487,8,3,0.865,0.132,87,93,0.74,0.023,normal
2.1027445899018455,tcp,http,SF,5223,815,6,3,0.702,0.034,68,84,0.801,0.006,normal
2.3061457987702623,tcp,http,SF,178,1297,9,2,0.842,0.001,96,51,0.826,0.022,normal
1.1035935405103927,tcp,https,SF,204,645,1,10,0.869,0.16,92,81,0.836,0.063,normal
0.1231406473652734,tcp,http,SF,908,2601,8,4,0.987,0.017,82,68,0.676,0.135,normal
0.0,tcp,http,S0,60,0,508,460,0.966,0.041,255,41,0.17,0.854,dos_syn_flood
2.96,tcp,ssh,SF,434,238,30,36,0.901,0.043,180,49,0.701,0.101,ssh_bruteforce
0.0,tcp,http,S0,60,0,367,329,0.95,0.004,255,16,0.164,0.73,dos_syn_flood
0.0,tcp,other,S0,60,0,188,389,0.994,0.03,255,18,0.091,0.705,dos_syn_flood
1.5689348230047386,udp,dns,SF,2567,596,2,2,0.746,0.043,47,71,0.826,0.046,normal
0.0,tcp,private,S0,60,0,177,211,0.987,0.038,255,44,0.058,0.855,dos_syn_flood
0.7672844160671877,tcp,http,SF,141,162,5,4,0.878,0.198,5,22,0.777,0.072,normal
0.154,tcp,private,S0,64,0,163,1,0.034,0.901,255,3,0.042,0.781,port_scan
0.0,tcp,http,S0,0,0,152,258,0.992,0.044,255,45,0.198,0.856,dos_syn_flood
1.8613812441153872,udp,dns,SF,80,3130,3,5,0.938,0.181,83,87,0.865,0.056,normal
2.234188519185779,tcp,ftp,SF,4029,229,2,4,0.849,0.228,70,63,0.953,0.089,normal
4.095869324471507,udp,dns,SF,601,1457,10,5,0.981,0.241,40,66,0.842,0.049,normal
2.99289021642711,tcp,http,SF,1042,513,5,2,0.855,0.139,24,63,0.836,0.065,normal
0.7561224730080683,tcp,https,SF,272,11149,5,2,0.888,0.153,34,87,0.695,0.065,normal
1.425127410106626,tcp,http,SF,67,192,3,5,0.856,0.2,65,15,0.841,0.173,normal
6.086831609838925,tcp,http,SF,1643,15324,2,5,0.9,0.296,96,70,0.614,0.149,normal
0.0,tcp,http,S0,0,0,314,400,0.961,0.003,255,45,0.144,0.808,dos_syn_flood
7.077957188806916,tcp,http,SF,745,718,3,2,0.784,0.239,62,61,0.688,0.019,normal
0.0,tcp,http,S0,60,0,295,164,0.971,0.004,255,25,0.095,0.689,dos_syn_flood
4.933804155738009,tcp,ftp,SF,161,2538,9,3,0.887,0.017,54,10,0.78,0.067,normal
0.031,tcp,private,REJ,20,0,71,3,0.072,0.92,255,8,0.077,0.831,port_scan
1.5345651582973427,tcp,http,SF,8342,326,4,4,0.893,0.276,12,94,0.679,0.001,normal
0.185,icmp,eco_i,REJ,0,0,95,1,0.104,0.998,255,6,0.041,0.82,port_scan
0.0,tcp,private,S0,60,0,349,294,0.954,0.034,255,12,0.105,0.851,dos_syn_flood
0.16,icmp,other,RSTR,40,0,154,3,0.127,0.919,255,5,0.041,0.85,port_scan
0.131,tcp,private,REJ,20,0,79,3,0.082,0.937,255,2,0.068,0.81,port_scan
0.0,tcp,http,S0,60,0,241,152,0.958,0.045,255,18,0.166,0.731,dos_syn_flood
0.0,tcp,http,S0,60,0,299,410,0.987,0.01,255,35,0.155,0.686,dos_syn_flood
0.3245160444689875,tcp,http,SF,150,4197,5,7,0.763,0.078,90,49,0.904,0.111,normal
1.7237899259539777,icmp,other,SF,251,8123,7,3,0.878,0.15,7,53,0.781,0.127,normal
0.10319910999922882,udp,dns,SF,478,2606,3,4,0.756,0.14,9,39,0.938,0.077,normal
14.02186557677264,udp,dns,SF,249,78,6,3,0.876,0.144,14,3,0.626,0.116,normal
3.1439454956958306,tcp,http,SF,1832,28622,5,4,0.821,0.001,31,85,0.95,0.028,normal
1.41882550998113,icmp,other,SF,226,4273,8,6,0.825,0.236,10,76,0.986,0.098,normal
0.40379505754343703,udp,dns,SF,2450,19934,5,11,0.837,0.291,67,97,0.734,0.097,normal
2.5348818753925855,udp,dns,SF,477,34824,8,6,0.772,0.259,5,10,0.853,0.172,normal
0.0,tcp,http,RSTOS0,0,0,437,444,0.969,0.048,255,27,0.133,0.71,dos_syn_flood
0.8302723380835495,tcp,ftp,SF,59,13635,6,5,0.748,0.142,58,1,0.91,0.023,normal
0.12203371187421638,udp,dns,SF,1957,5524,4,5,0.718,0.109,57,10,0.68,0.041,normal
1.5336007348666147,udp,dns,SF,679,2496,1,5,0.731,0.133,26,17,0.837,0.104,normal
0.0,tcp,other,S0,60,0,463,301,0.991,0.024,255,47,0.078,0.664,dos_syn_flood
2.72,tcp,ssh,REJ,397,232,74,55,0.944,0.017,171,22,0.845,0.139,ssh_bruteforce
4.071352787167827,tcp,http,SF,589,3523,3,3,0.782,0.028,36,93,0.775,0.035,normal
0.9711139862929586,tcp,https,SF,395,287,5,4,0.723,0.235,93,91,0.797,0.047,normal
0.156,tcp,eco_i,REJ,20,0,171,2,0.081,0.852,255,2,0.068,0.965,port_scan
1.0009462750173572,udp,dns,SF,936,471,8,5,0.81,0.28,72,7,0.894,0.115,normal
7.9199860338487,tcp,https,SF,900,11986,2,3,0.861,0.281,3,9,0.924,0.16,normal
1.9341711084794393,tcp,https,SF,1619,705,2,3,0.763,0.103,57,6,0.984,0.003,normal
0.897658494071458,tcp,http,SF,1300,10354,2,6,0.982,0.143,52,10,0.893,0.166,normal
0.0,tcp,other,S0,44,0,261,353,0.976,0.013,255,23,0.068,0.686,dos_syn_flood
1.5789833568446363,tcp,https,SF,218,948,3,1,0.803,0.148,75,75,0.935,0.145,normal
0.044,tcp,private,S0,20,0,154,2,0.02,0.886,255,1,0.046,0.8,port_scan
0.8460009465803376,tcp,http,SF,206,2284,5,7,0.907,0.022,65,93,0.651,0.018,normal
0.11460615851766996,tcp,http,SF,954,10890,7,4,0.757,0.215,78,80,0.965,0.115,normal
4.948791724369787,tcp,http,REJ,144,1959,6,2,0.85,0.213,8,74,0.624,0.068,normal
1.211073823122464,tcp,https,SF,4515,798,2,6,0.817,0.201,33,8,0.687,0.111,normal
6.1866260633424925,udp,dns,SF,204,7992,2,2,0.752,0.143,21,53,0.656,0.088,normal
0.054,tcp,eco_i,REJ,40,0,84,3,0.054,0.851,255,4,0.05,0.844,port_scan
0.0,tcp,http,S0,60,0,340,391,0.992,0.007,255,46,0.147,0.659,dos_syn_flood
3.5531341380388626,tcp,ssh,SF,3536,132,4,3,0.977,0.21,86,58,0.914,0.106,normal
0.5876022921142519,tcp,http,SF,365,2154,7,2,0.903,0.158,62,60,0.796,0.059,normal
2.637086835120679,tcp,http,SF,105,19481,2,2,0.9,0.12,80,7,0.862,0.183,normal
1.4004090485210705,tcp,http,SF,322,499,3,3,0.71,0.038,37,26,0.797,0.091,normal
1.6422283365612775,tcp,https,SF,68,2840,8,3,0.754,0.13,60,72,0.718,0.051,normal
0.7438890728871179,tcp,smtp,SF,2066,8510,4,3,0.796,0.119,58,87,0.615,0.064,normal
2.457600192893495,udp,dns,SF,116,15542,5,3,0.876,0.104,30,18,0.686,0.129,normal
0.042,tcp,private,REJ,40,0,164,1,0.092,0.86,255,1,0.023,0.83,port_scan
1.3520876593948372,udp,dns,SF,895,1852,10,4,0.998,0.128,25,38,0.923,0.192,normal
1.62,tcp,ssh,REJ,332,253,42,49,0.946,0.096,195,31,0.778,0.052,ssh_bruteforce
0.144,tcp,eco_i,REJ,64,0,172,4,0.04,0.858,255,14,0.026,0.898,port_scan
0.0,tcp,http,S0,0,0,175,233,0.982,0.02,255,32,0.079,0.828,dos_syn_flood
0.9061931726437484,tcp,http,SF,92,1028,2,8,0.984,0.233,14,78,0.749,0.181,normal
0.093,tcp,other,REJ,20,0,63,1,0.142,0.896,255,7,0.062,0.902,port_scan
0.055425966529725895,tcp,http,SF,909,1730,6,5,0.938,0.158,36,87,0.612,0.151,normal
1.2252354544573454,tcp,http,SF,62,3093,3,5,0.875,0.29,36,55,0.628,0.053,normal
0.098,icmp,other,REJ,20,0,189,2,0.125,0.941,255,10,0.079,0.77,port_scan
0.1825166535160362,tcp,http,S0,705,64,1,4,0.826,0.117,23,61,0.686,0.044,normal
0.0,tcp,http,RSTOS0,44,0,164,154,0.959,0.034,255,10,0.057,0.831,dos_syn_flood
2.7274206259059,tcp,http,SF,279,9915,3,3,0.904,0.181,48,78,0.954,0.136,normal
1.24,tcp,ssh,SF,389,187,53,71,0.951,0.076,131,44,0.741,0.029,ssh_bruteforce
2.7369850072662127,udp,dns,SF,298,1063,2,8,0.887,0.056,56,6,0.868,0.183,normal
0.0,tcp,private,S0,44,0,460,314,0.981,0.019,255,40,0.119,0.803,dos_syn_flood
0.0,tcp,http,S0,0,0,362,303,0.998,0.048,255,45,0.183,0.749,dos_syn_flood
0.0,tcp,http,S0,60,0,403,438,0.996,0.045,255,20,0.112,0.751,dos_syn_flood
0.0,tcp,private,S0,0,0,343,236,0.964,0.049,255,17,0.181,0.833,dos_syn_flood
0.6073655721136897,udp,dns,SF,236,382,7,4,0.779,0.224,66,34,0.958,0.002,normal
0.0,tcp,http,S0,44,0,200,166,0.953,0.024,255,21,0.169,0.836,dos_syn_flood
7.267669367707272,udp,dns,SF,283,4065,6,3,0.792,0.279,99,83,0.69,0.146,normal
0.36447415647679116,tcp,http,SF,1406,8491,5,5,0.907,0.056,24,82,0.615,0.058,normal
0.004,tcp,private,REJ,64,0,146,3,0.048,0.95,255,5,0.029,0.706,port_scan
3.625144273742958,udp,dns,SF,270,7592,6,9,0.789,0.103,27,32,0.621,0.156,normal
3.15932899898336,udp,dns,SF,1715,3700,6,4,0.876,0.299,59,96,0.901,0.038,normal
2.5448680478602013,tcp,https,SF,497,2872,4,5,0.966,0.149,24,26,0.641,0.162,normal
1.3928190370342655,tcp,http,SF,79,791,7,8,0.814,0.172,69,77,0.964,0.157,normal
0.7117134340124244,tcp,https,SF,207,158,5,5,0.977,0.24,88,92,0.87,0.044,normal
5.984384951992539,tcp,http,SF,451,431,3,4,0.921,0.226,96,17,0.892,0.172,normal
2.57,tcp,ssh,REJ,367,182,30,61,0.905,0.033,208,32,0.858,0.028,ssh_bruteforce
1.8996712836974554,icmp,other,SF,180,13122,2,3,0.93,0.151,74,67,0.693,0.17,normal
1.3700210521978735,tcp,http,SF,615,5777,5,2,0.994,0.281,13,40,0.855,0.146,normal
11.210793229576765,tcp,http,SF,1258,3439,12,3,0.71,0.027,48,7,0.946,0.09,normal
0.042,tcp,private,S0,64,0,130,1,0.1,0.983,255,7,0.023,0.731,port_scan
0.44321627636203875,tcp,https,S0,511,79164,4,5,0.878,0.269,54,27,0.839,0.057,normal
0.116,icmp,other,REJ,64,0,153,4,0.117,0.999,255,10,0.017,0.821,port_scan
0.197,tcp,telnet,REJ,0,0,64,3,0.08,0.973,255,8,0.065,0.804,port_scan
0.068,tcp,private,RSTR,64,0,73,2,0.026,0.917,255,3,0.028,0.765,port_scan
3.9819697344046183,tcp,smtp,SF,658,1603,6,7,0.731,0.179,51,99,0.765,0.171,normal
0.0,tcp,private,S0,60,0,462,318,0.981,0.043,255,45,0.166,0.76,dos_syn_flood
0.0,tcp,other,RSTOS0,60,0,356,262,0.963,0.025,255,27,0.102,0.803,dos_syn_flood
7.485243102331292,tcp,https,SF,855,4328,7,2,0.889,0.018,1,47,0.748,0.011,normal
1.7063504961821228,tcp,http,SF,1287,571,5,5,0.861,0.189,41,78,0.998,0.172,normal
0.109,tcp,eco_i,REJ,0,0,98,4,0.015,0.875,255,13,0.058,0.808,port_scan
0.2972112867971636,tcp,http,SF,491,2222,7,0,0.708,0.135,15,24,0.602,0.079,normal
0.6500748133694013,tcp,ftp,SF,500,5139,5,4,0.996,0.275,1,82,0.864,0.107,normal
5.541845857935107,tcp,http,SF,148,3100,5,6,0.882,0.18,4,18,0.961,0.017,normal
0.7045635389732398,udp,dns,SF,336,700,5,5,0.997,0.083,44,28,0.729,0.08,normal
1.2785504463626105,tcp,https,SF,573,4369,8,4,0.745,0.161,33,39,0.858,0.003,normal
6.707005457436821,tcp,https,REJ,1928,9185,5,5,0.854,0.049,30,67,0.842,0.098,normal
0.0,tcp,private,S0,0,0,164,438,0.977,0.041,255,16,0.196,0.631,dos_syn_flood
2.957820377911673,udp,dns,SF,86,1213,5,5,0.984,0.198,76,72,0.813,0.127,normal
0.2683385749481014,udp,dns,SF,288,2964,4,6,0.876,0.201,31,5,0.975,0.168,normal
0.9123299473082569,udp,dns,SF,3150,897,3,5,0.778,0.263,75,51,0.607,0.103,normal
1.3939390453653204,tcp,http,SF,3263,6365,9,3,0.963,0.26,29,2,0.883,0.158,normal
1.123180943077085,tcp,smtp,SF,1461,791,4,5,0.706,0.095,31,70,0.642,0.088,normal
0.5654318029901538,tcp,https,SF,1672,637,7,5,0.83,0.145,42,22,0.64,0.076,normal
0.5734430752122365,tcp,https,SF,185,135,7,5,0.892,0.108,90,72,0.854,0.082,normal
0.094,tcp,private,REJ,40,0,73,4,0.031,0.941,255,9,0.065,0.74,port_scan
0.0,tcp,http,S0,60,0,511,313,0.998,0.012,255,45,0.159,0.826,dos_syn_flood
1.2282767963799426,udp,dns,SF,270,3443,4,3,0.896,0.054,45,21,0.896,0.116,normal
1.6403289443847373,tcp,http,SF,770,34898,2,6,0.928,0.159,2,26,0.615,0.05,normal
0.0,tcp,http,S0,60,0,507,416,0.97,0.014,255,24,0.169,0.636,dos_syn_flood
0.069,tcp,other,REJ,0,0,70,3,0.028,0.906,255,10,0.054,0.789,port_scan
8.53232003532505,udp,dns,SF,3139,1431,6,6,0.786,0.009,51,5,0.688,0.101,normal
0.0,tcp,private,S0,44,0,441,388,0.984,0.007,255,33,0.163,0.658,dos_syn_flood
6.573852574240214,udp,dns,SF,135,291,8,5,0.949,0.204,87,80,0.732,0.171,normal
0.98,tcp,ftp,SF,335,196,42,62,0.909,0.051,170,40,0.719,0.024,ssh_bruteforce
0.8699609102196726,udp,dns,SF,1575,1508,3,4,0.891,0.118,91,49,0.863,0.167,normal
0.0,tcp,other,S0,0,0,258,237,0.964,0.002,255,16,0.114,0.782,dos_syn_flood
0.138,tcp,private,REJ,0,0,93,3,0.064,0.913,255,3,0.043,0.704,port_scan
1.1015650707059377,tcp,ssh,SF,916,2644,2,8,0.924,0.113,84,14,0.852,0.182,normal
7.054928466672346,tcp,http,SF,308,3399,7,4,0.781,0.205,15,15,0.782,0.067,normal
0.3610218431081792,tcp,http,SF,9461,643,5,6,0.747,0.234,37,91,0.663,0.142,normal
0.7437978690005531,tcp,https,SF,1804,10539,8,2,0.741,0.006,9,80,0.872,0.091,normal
0.148,tcp,other,REJ,64,0,68,4,0.097,0.887,255,11,0.057,0.958,port_scan
0.0,tcp,private,S0,44,0,178,435,0.977,0.014,255,31,0.15,0.794,dos_syn_flood
2.731140071205538,udp,dns,SF,1334,820,4,6,0.733,0.284,60,1,0.989,0.079,normal
1.065868948610842,tcp,ssh,SF,1407,228,8,6,0.76,0.241,52,31,0.717,0.023,normal
0.1804749448712235,tcp,http,SF,1350,81681,4,7,0.722,0.153,74,20,0.877,0.014,normal
0.0,tcp,http,S0,60,0,265,171,0.954,0.027,255,37,0.193,0.842,dos_syn_flood
2.5978912080172423,tcp,http,SF,316,573,6,5,0.729,0.063,82,58,0.91,0.029,normal
0.04,tcp,private,REJ,20,0,61,4,0.133,0.947,255,6,0.034,0.921,port_scan
0.20441168951252214,tcp,https,SF,832,12369,4,1,0.745,0.247,75,32,0.782,0.086,normal
0.086,icmp,other,REJ,40,0,87,1,0.029,0.884,255,2,0.039,0.816,port_scan
0.141,tcp,private,S0,0,0,189,2,0.116,0.95,255,10,0.042,0.785,port_scan
16.889842788304104,tcp,http,SF,93,702,8,5,0.909,0.216,3,63,0.734,0.149,normal
0.6419781096576473,tcp,https,SF,3345,2000,4,6,0.899,0.28,70,58,0.741,0.179,normal
0.0,tcp,http,S0,44,0,352,286,0.967,0.017,255,45,0.101,0.828,dos_syn_flood
0.002,tcp,other,S0,0,0,128,1,0.062,0.883,255,2,0.015,0.875,port_scan
0.03,icmp,private,REJ,20,0,95,1,0.037,0.874,255,2,0.011,0.894,port_scan
2.1987859212428433,tcp,ssh,SF,4207,1511,4,3,0.943,0.019,19,90,0.985,0.135,normal
1.8208313093478043,tcp,http,SF,1006,7112,9,2,0.748,0.115,23,62,0.722,0.195,normal
0.68,tcp,ftp,SF,364,203,51,35,0.971,0.028,170,50,0.889,0.065,ssh_bruteforce
1.010814987397254,udp,dns,SF,229,1048,6,2,0.999,0.181,40,30,0.783,0.15,normal
1.0193249101739386,tcp,http,SF,402,98001,6,0,0.701,0.281,72,88,0.891,0.103,normal
12.96929688575072,udp,dns,SF,98,6709,5,3,0.713,0.205,81,87,0.823,0.069,normal
0.079,tcp,eco_i,REJ,20,0,156,1,0.14,0.999,255,7,0.07,0.985,port_scan
0.0,tcp,http,S0,60,0,395,314,0.963,0.033,255,45,0.126,0.626,dos_syn_flood
0.0,tcp,private,S0,60,0,165,413,0.964,0.032,255,37,0.133,0.657,dos_syn_flood
0.6607852709097881,tcp,http,SF,1052,1324,7,7,0.812,0.075,49,56,0.899,0.01,normal
1.8779341880791502,udp,dns,SF,847,15276,5,4,0.921,0.276,71,35,0.817,0.162,normal
0.31292725569618757,tcp,http,SF,171,3449,4,4,0.925,0.271,39,60,0.935,0.026,normal
0.0,tcp,private,RSTOS0,60,0,383,357,0.956,0.048,255,36,0.082,0.857,dos_syn_flood
1.8,tcp,ssh,SF,356,265,81,79,0.981,0.027,197,64,0.836,0.061,ssh_bruteforce
2.977282220959654,udp,dns,SF,129,13417,4,6,0.713,0.14,30,3,0.729,0.143,normal
0.0,tcp,http,S0,44,0,302,424,0.96,0.012,255,15,0.134,0.66,dos_syn_flood
1.4589218207079933,tcp,ssh,SF,452,3571,4,3,0.795,0.24,37,41,0.845,0.081,normal
0.4881906186319687,tcp,http,SF,857,953,0,3,0.933,0.145,24,71,0.615,0.197,normal
0.1537301414932378,udp,dns,SF,190,1301,6,1,0.716,0.277,57,30,0.955,0.143,normal
0.0,tcp,private,S0,60,0,390,152,0.961,0.007,255,32,0.18,0.623,dos_syn_flood
0.12815883824123156,icmp,other,SF,91,3167,9,7,0.739,0.261,48,88,0.961,0.155,normal
1.243338536480882,udp,dns,SF,2494,899,4,5,0.763,0.233,56,66,0.825,0.192,normal
4.278646759981546,udp,dns,SF,2329,2250,7,2,0.99,0.209,23,85,0.961,0.102,normal
3.2595119152850334,tcp,https,SF,83,105,9,3,0.951,0.063,48,85,0.87,0.044,normal
0.0,tcp,http,S0,60,0,225,345,0.98,0.028,255,32,0.082,0.891,dos_syn_flood
0.047,tcp,private,REJ,40,0,71,3,0.09,0.964,255,3,0.054,0.908,port_scan
0.0,tcp,private,S0,60,0,338,507,0.952,0.019,255,35,0.051,0.627,dos_syn_flood
0.0,tcp,http,S0,44,0,500,268,0.957,0.01,255,23,0.181,0.609,dos_syn_flood
2.243922428358545,tcp,https,SF,408,7964,3,3,0.906,0.11,79,60,0.646,0.063,normal
0.5049587192046558,tcp,https,SF,230,364,2,3,0.703,0.089,34,19,0.736,0.193,normal
2.23,tcp,ssh,REJ,350,218,39,75,0.981,0.082,119,33,0.913,0.096,ssh_bruteforce
2.71182275742837,udp,dns,SF,2384,2338,10,4,0.875,0.238,6,6,0.702,0.079,normal
0.1615192214091603,tcp,http,SF,1358,783,4,4,0.874,0.152,24,99,0.601,0.035,normal
1.651300394226836,tcp,ftp,SF,882,466,5,5,0.767,0.011,50,91,0.837,0.143,normal
4.6091627185479735,tcp,http,SF,313,276,3,1,0.969,0.205,50,59,0.735,0.063,normal
0.0,tcp,http,S0,0,0,265,322,0.979,0.002,255,36,0.146,0.853,dos_syn_flood
7.546327106148329,udp,dns,SF,396,3616,12,2,0.968,0.192,16,8,0.755,0.195,normal
0.44938824830649876,tcp,http,SF,263,489,1,3,0.916,0.256,44,27,0.608,0.045,normal
2.460465404965807,tcp,ftp,SF,67,542,5,6,0.857,0.009,97,37,0.821,0.116,normal
2.58,tcp,ssh,SF,280,217,72,50,0.934,0.05,245,23,0.817,0.071,ssh_bruteforce
0.44852376211001843,tcp,http,SF,4773,418,3,3,0.864,0.092,93,60,0.938,0.035,normal
2.0500368758110294,tcp,http,SF,1815,13277,2,4,0.778,0.149,92,58,0.911,0.147,normal
0.59,tcp,ssh,REJ,407,235,48,29,0.914,0.086,149,37,0.882,0.116,ssh_bruteforce
5.918273006108961,tcp,http,SF,942,2892,8,5,0.948,0.085,89,37,0.707,0.086,normal
1.0144707308555585,tcp,http,S0,228,393,6,2,0.857,0.169,34,29,0.998,0.084,normal
0.35538367248544855,udp,dns,SF,191,9015,6,4,0.935,0.288,85,42,0.72,0.159,normal
1.24,tcp,ssh,SF,384,197,79,58,0.916,0.062,227,77,0.901,0.061,ssh_bruteforce
3.6341163804274172,tcp,http,SF,166,29,4,4,0.998,0.205,34,40,0.867,0.048,normal
6.710764292920142,tcp,http,SF,335,308,6,2,0.796,0.127,63,19,0.944,0.126,normal
3.0338024703775925,tcp,http,SF,863,68022,6,4,0.938,0.039,28,81,0.605,0.18,normal
0.196,tcp,eco_i,REJ,20,0,188,4,0.015,0.905,255,12,0.079,0.702,port_scan
2.52,tcp,ssh,SF,332,185,58,42,0.942,0.048,131,61,0.7,0.05,ssh_bruteforce
1.5237056059508505,udp,dns,SF,236,1394,7,4,0.737,0.196,21,22,0.852,0.083,normal
3.7665178116134106,tcp,http,SF,60,15489,2,4,0.744,0.03,14,11,0.851,0.073,normal
0.1219324149800716,tcp,http,SF,373,680,4,9,0.987,0.163,12,31,0.685,0.028,normal
0.20105120619390351,tcp,ssh,SF,3158,353,6,1,0.957,0.288,57,54,0.746,0.188,normal
1.570996517420269,udp,dns,SF,1108,95,4,3,0.874,0.07,56,85,0.943,0.01,normal
2.6471430984991278,tcp,http,S0,636,3356,6,6,0.703,0.185,19,95,0.964,0.037,normal
2.6506657957705664,tcp,http,SF,230,897,5,4,0.807,0.053,21,58,0.846,0.075,normal
1.184337552802874,tcp,https,SF,1374,2823,3,5,0.728,0.023,89,75,0.775,0.001,normal
0.165,tcp,eco_i,RSTR,64,0,168,3,0.056,0.939,255,4,0.05,0.824,port_scan
6.381099017514694,tcp,https,SF,281,5461,6,5,0.94,0.228,68,89,0.645,0.16,normal
0.0,tcp,http,S0,60,0,387,334,0.957,0.031,255,49,0.155,0.786,dos_syn_flood
0.0,tcp,private,S0,44,0,236,167,0.991,0.039,255,15,0.083,0.828,dos_syn_flood
0.113,icmp,eco_i,REJ,0,0,173,1,0.131,0.883,255,3,0.022,0.779,port_scan
0.0,tcp,private,S0,60,0,359,414,0.968,0.036,255,15,0.103,0.656,dos_syn_flood
0.0,tcp,http,S0,0,0,357,266,0.966,0.016,255,37,0.154,0.648,dos_syn_flood
0.0,tcp,other,S0,60,0,319,501,0.963,0.024,255,35,0.065,0.82,dos_syn_flood
0.0,tcp,http,S0,0,0,493,241,0.984,0.045,255,28,0.17,0.734,dos_syn_flood
2.319800053000797,tcp,http,SF,1405,33163,5,3,0.754,0.103,39,89,0.985,0.13,normal
4.398748715392909,tcp,https,SF,2842,1441,4,3,0.83,0.223,90,90,0.985,0.167,normal
1.3569548364787458,udp,dns,SF,200,3641,4,10,0.703,0.066,61,99,0.61,0.044,normal
4.629465446529672,udp,dns,SF,722,29275,10,3,0.955,0.042,44,84,0.974,0.03,normal
0.0,tcp,http,S0,0,0,225,205,0.955,0.034,255,19,0.076,0.751,dos_syn_flood
1.7720950356446827,udp,dns,SF,1683,1787,6,3,0.959,0.052,32,87,0.61,0.08,normal
0.158,tcp,private,S0,64,0,183,3,0.136,0.967,255,13,0.011,0.753,port_scan
0.8654289378691232,tcp,ssh,REJ,1242,1406,9,5,0.898,0.251,34,48,0.809,0.009,normal
0.0,tcp,http,S0,60,0,368,505,0.952,0.033,255,12,0.163,0.728,dos_syn_flood
0.131,tcp,eco_i,REJ,64,0,163,4,0.108,0.892,255,9,0.022,0.783,port_scan
1.26990992671357,tcp,http,SF,673,1291,9,4,0.88,0.146,17,63,0.97,0.174,normal
0.0,tcp,http,S0,60,0,284,163,0.998,0.04,255,25,0.111,0.849,dos_syn_flood
1.0127337482601975,udp,dns,SF,635,1260,1,3,0.923,0.296,27,19,0.698,0.143,normal
0.0,tcp,private,S0,60,0,457,260,0.953,0.031,255,20,0.168,0.684,dos_syn_flood
1.1953364074231452,tcp,https,SF,761,7323,8,3,0.927,0.239,51,89,0.862,0.152,normal
0.0,tcp,http,S0,60,0,387,264,0.955,0.015,255,34,0.05,0.603,dos_syn_flood
1.798226996128216,tcp,ftp,SF,863,1074,6,7,0.942,0.143,73,72,0.942,0.088,normal
0.138,tcp,eco_i,REJ,40,0,134,1,0.025,0.876,255,11,0.075,0.988,port_scan
0.034,tcp,private,RSTR,64,0,189,3,0.046,0.883,255,9,0.065,0.917,port_scan
2.0696564450429773,tcp,http,SF,3864,451,3,4,0.931,0.261,62,39,0.965,0.098,normal
5.9763548969756926,tcp,smtp,SF,4344,9075,3,5,0.882,0.26,5,19,0.701,0.197,normal
0.0,tcp,http,S0,44,0,359,501,0.988,0.032,255,16,0.1,0.777,dos_syn_flood
0.0,tcp,private,S0,0,0,327,476,0.987,0.031,255,43,0.093,0.762,dos_syn_flood
3.0701303115801695,udp,dns,SF,193,163,7,4,0.703,0.128,96,67,0.993,0.14,normal
0.6307014397024318,icmp,other,SF,1403,36753,3,2,0.776,0.003,59,17,0.998,0.147,normal
7.502176286611208,tcp,https,SF,959,1660,4,6,0.93,0.258,28,42,0.988,0.17,normal
0.0,tcp,private,S0,0,0,432,316,0.962,0.014,255,31,0.069,0.772,dos_syn_flood
1.633337610035627,udp,dns,SF,1905,327,5,4,0.804,0.239,97,80,0.763,0.17,normal
2.88,tcp,ssh,REJ,359,250,35,44,0.985,0.08,136,73,0.708,0.046,ssh_bruteforce
5.521840122424013,tcp,http,SF,141,51411,7,4,0.782,0.271,21,64,0.905,0.083,normal
0.7452264230534635,icmp,other,SF,113,1311,6,2,0.746,0.266,68,82,0.824,0.045,normal
2.56,tcp,ssh,REJ,300,201,58,35,0.947,0.074,145,43,0.875,0.022,ssh_bruteforce
1.072197391343842,tcp,ssh,SF,237,3765,7,5,0.903,0.075,73,41,0.712,0.038,normal
0.146,tcp,private,REJ,0,0,175,2,0.03,0.882,255,9,0.014,0.731,port_scan
1.65,tcp,ftp,REJ,422,240,73,33,0.904,0.001,222,41,0.729,0.12,ssh_bruteforce
0.9356973176283268,udp,dns,SF,630,125,7,4,0.771,0.241,60,20,0.892,0.037,normal
0.28115351963078694,udp,dns,SF,783,26,6,1,0.839,0.185,82,54,0.823,0.186,normal
0.126,icmp,other,REJ,64,0,98,2,0.142,0.96,255,1,0.046,0.738,port_scan
3.2656920964036456,tcp,https,SF,2128,3431,6,7,0.88,0.212,33,24,0.75,0.033,normal
0.0,tcp,http,S0,44,0,277,378,0.998,0.005,255,17,0.182,0.751,dos_syn_flood
0.6592095051264092,tcp,http,SF,1430,1176,6,2,0.789,0.138,87,13,0.889,0.077,normal
1.2687287854562403,icmp,other,SF,310,4676,2,0,0.743,0.067,86,4,0.874,0.062,normal
0.0,tcp,http,S0,0,0,199,158,0.991,0.011,255,16,0.163,0.764,dos_syn_flood
0.1786272687713307,icmp,other,SF,589,1332,4,3,0.846,0.01,84,82,0.963,0.028,normal
0.7739895660734702,tcp,http,SF,1620,907,3,4,0.951,0.274,7,9,0.98,0.152,normal
0.0,tcp,http,S0,0,0,222,245,0.99,0.007,255,13,0.067,0.795,dos_syn_flood
1.5792349815704088,tcp,http,SF,517,12320,3,3,0.843,0.126,68,78,0.835,0.077,normal
0.0,tcp,http,S0,44,0,205,332,0.983,0.011,255,38,0.191,0.866,dos_syn_flood
0.0,tcp,private,S0,0,0,421,366,0.962,0.018,255,40,0.072,0.651,dos_syn_flood
0.5371909687736589,tcp,http,SF,349,1414,5,3,0.816,0.118,80,31,0.788,0.012,normal
0.12937123625328678,tcp,http,SF,102,3117,3,8,0.925,0.246,59,21,0.706,0.163,normal
1.9645287297369691,tcp,http,SF,614,3091,5,2,0.884,0.116,6,11,0.92,0.06,normal
4.998789035568768,tcp,http,SF,194,208,2,4,0.856,0.292,69,63,0.781,0.166,normal
0.105,tcp,private,REJ,20,0,56,1,0.066,0.907,255,12,0.023,0.842,port_scan
2.388519155833645,tcp,https,SF,152,1089,8,5,0.918,0.239,72,27,0.721,0.08,normal
0.23744328299166112,tcp,ftp,SF,113,16822,5,3,0.769,0.072,60,71,0.844,0.167,normal
0.0,tcp,private,S0,60,0,356,326,0.973,0.013,255,42,0.172,0.809,dos_syn_flood
2.81,tcp,ftp,REJ,351,283,50,26,0.988,0.052,254,46,0.772,0.107,ssh_bruteforce
0.6567035797678757,tcp,https,SF,410,592,7,2,0.731,0.217,87,29,0.777,0.05,normal
1.1743439559070032,udp,dns,SF,736,1335,4,4,0.815,0.2,91,46,0.783,0.102,normal
0.106,tcp,eco_i,REJ,20,0,152,3,0.146,0.906,255,2,0.034,0.763,port_scan
2.0918358856079244,tcp,https,SF,4488,1715,4,1,0.76,0.285,8,15,0.881,0.062,normal
0.153,tcp,other,RSTR,40,0,98,4,0.047,0.939,255,13,0.035,0.789,port_scan
2.48428717768214,tcp,https,SF,5056,7932,5,2,0.919,0.141,74,88,0.766,0.178,normal
0.0,tcp,http,S0,60,0,243,335,0.957,0.042,255,20,0.199,0.613,dos_syn_flood
1.9285744419470543,tcp,smtp,SF,2386,55213,2,4,0.83,0.116,24,57,0.688,0.147,normal
2.367661864654636,tcp,http,SF,269,2008,5,2,0.997,0.062,76,81,0.618,0.117,normal
0.0,tcp,http,S0,44,0,162,496,0.96,0.012,255,18,0.161,0.808,dos_syn_flood
0.023544550835271072,udp,dns,SF,509,2979,3,5,0.781,0.217,14,41,0.928,0.122,normal
0.148,tcp,other,S0,0,0,165,2,0.026,0.898,255,11,0.012,0.894,port_scan
0.0,tcp,http,S0,60,0,295,267,0.981,0.005,255,33,0.16,0.871,dos_syn_flood
2.3673696436561524,tcp,http,SF,394,2516,6,7,0.877,0.054,40,20,0.734,0.053,normal
0.0,tcp,http,S0,60,0,326,230,0.964,0.025,255,13,0.061,0.855,dos_syn_flood
4.642816413542729,udp,dns,SF,282,3951,2,4,0.812,0.186,28,55,0.614,0.199,normal
1.046488009212574,tcp,ssh,SF,231,988,3,4,0.8,0.175,2,85,0.798,0.03,normal
11.102309368338176,tcp,http,SF,631,830,4,4,0.728,0.034,92,59,0.929,0.027,normal
0.0,tcp,http,RSTOS0,0,0,213,264,0.995,0.001,255,27,0.142,0.792,dos_syn_flood
0.7662012753537816,tcp,http,SF,283,1984,4,7,0.775,0.058,87,33,0.95,0.086,normal
0.18337848276392094,tcp,http,SF,1660,435,7,5,0.824,0.053,2,47,0.805,0.057,normal
0.016,tcp,other,S0,0,0,163,4,0.109,0.883,255,12,0.077,0.725,port_scan
0.0,tcp,private,S0,44,0,270,425,0.996,0.006,255,12,0.11,0.68,dos_syn_flood
0.0,tcp,http,S0,44,0,325,276,0.984,0.02,255,19,0.186,0.715,dos_syn_flood
2.3288151893877584,udp,dns,SF,329,2161,6,2,0.815,0.1,63,82,0.791,0.199,normal
0.2290513134725311,tcp,https,SF,317,154,3,4,0.886,0.18,68,86,0.711,0.056,normal
1.81,tcp,ssh,SF,328,235,40,69,0.976,0.069,177,33,0.713,0.081,ssh_bruteforce
0.129,tcp,telnet,REJ,40,0,122,1,0.119,0.877,255,14,0.067,0.726,port_scan
0.97,tcp,ssh,SF,326,259,73,50,0.929,0.024,155,62,0.899,0.129,ssh_bruteforce
3.637004486909982,tcp,https,SF,1742,2293,4,3,0.941,0.168,30,37,0.664,0.042,normal
1.7147113192702579,tcp,http,SF,602,14238,5,3,0.709,0.105,62,38,0.732,0.002,normal
1.8836629417399209,tcp,http,SF,3306,3196,3,11,0.934,0.051,94,80,0.876,0.175,normal
2.7686478886191517,tcp,http,SF,841,733,5,2,0.999,0.134,8,22,0.825,0.192,normal
0.0,tcp,http,S0,44,0,223,496,0.989,0.043,255,34,0.109,0.799,dos_syn_flood
1.3463884071685013,tcp,https,SF,371,3436,9,1,0.859,0.064,45,49,0.813,0.149,normal
2.4413653434997724,tcp,smtp,SF,175,4751,6,3,0.786,0.048,46,15,0.622,0.103,normal
6.516469239263238,tcp,http,SF,340,8035,3,3,0.728,0.276,25,15,0.963,0.189,normal
0.8072658178472153,udp,dns,SF,1419,790,4,2,0.965,0.056,57,75,0.821,0.062,normal
2.68,tcp,ssh,REJ,364,189,39,48,0.962,0.017,133,72,0.865,0.133,ssh_bruteforce
0.181,tcp,private,RSTR,0,0,97,3,0.054,0.943,255,14,0.055,0.813,port_scan
4.87831627016976,tcp,http,SF,545,20288,4,5,0.796,0.092,47,10,0.93,0.165,normal
1.7745993429689984,tcp,https,SF,261,269,4,3,0.872,0.246,18,34,0.953,0.034,normal
2.5,tcp,ssh,SF,406,267,48,59,0.962,0.032,190,56,0.773,0.052,ssh_bruteforce
0.0,tcp,http,S0,44,0,435,425,0.966,0.033,255,16,0.168,0.689,dos_syn_flood
2.72,tcp,ssh,REJ,280,273,65,66,0.912,0.092,163,43,0.916,0.065,ssh_bruteforce
0.071,tcp,private,REJ,64,0,95,3,0.058,0.888,255,14,0.034,0.829,port_scan
0.0,tcp,http,RSTOS0,60,0,240,414,0.994,0.008,255,37,0.111,0.821,dos_syn_flood
2.1044154904499357,tcp,ssh,SF,459,472,3,2,0.816,0.193,84,66,0.933,0.029,normal
1.5540282179464018,tcp,https,SF,1138,579,5,3,0.925,0.026,39,80,0.75,0.068,normal
0.9202111047941374,tcp,http,S0,80,980,3,3,0.941,0.084,74,21,0.67,0.006,normal
0.161,tcp,other,S0,40,0,163,1,0.139,0.986,255,5,0.041,0.929,port_scan
1.2351729344384736,tcp,ssh,SF,291,83,5,3,0.981,0.107,43,64,0.657,0.05,normal
0.38720537859564164,tcp,http,SF,1661,96242,2,5,0.79,0.274,32,61,0.608,0.13,normal
0.0,tcp,http,S0,44,0,492,452,0.965,0.036,255,16,0.087,0.684,dos_syn_flood
2.005482021391785,tcp,http,S0,1002,1747,5,2,0.861,0.168,75,57,0.707,0.13,normal
0.004,icmp,eco_i,REJ,40,0,193,3,0.123,0.875,255,11,0.033,0.804,port_scan
0.34412851933191724,tcp,https,SF,2149,5773,5,4,0.886,0.007,92,90,0.714,0.2,normal
3.8522118268420966,tcp,ssh,SF,1533,1654,7,3,0.894,0.249,43,73,0.796,0.153,normal
2.00565460985713,udp,dns,SF,979,1789,4,7,0.912,0.22,45,19,0.769,0.138,normal
0.0,tcp,private,S0,44,0,161,425,0.976,0.03,255,21,0.198,0.692,dos_syn_flood
2.5763329649131683,tcp,https,SF,4186,847,8,3,0.797,0.138,67,2,0.663,0.166,normal
2.2,tcp,ssh,SF,357,221,53,55,0.973,0.058,101,71,0.737,0.118,ssh_bruteforce
0.819418627897619,tcp,http,SF,314,2148,4,2,0.87,0.279,38,48,0.769,0.142,normal
1.1848687007214402,tcp,smtp,SF,711,27072,6,7,0.71,0.127,54,67,0.669,0.001,normal
0.8012230831179916,tcp,http,SF,1001,6045,3,4,0.931,0.148,25,68,0.719,0.084,normal
0.062,tcp,private,S0,40,0,162,3,0.035,0.974,255,5,0.025,0.782,port_scan
1.1313215852862513,tcp,https,SF,1686,897,8,2,0.872,0.097,42,50,0.642,0.009,normal
4.257657193822311,tcp,http,SF,1723,590,3,1,0.918,0.114,76,8,0.948,0.091,normal
6.944182673439824,tcp,https,REJ,255,198,4,3,0.701,0.105,10,54,0.625,0.036,normal
1.7793554281119164,tcp,http,SF,724,4874,9,6,0.701,0.149,15,47,0.902,0.055,normal
2.76,tcp,ssh,REJ,429,221,38,72,0.968,0.018,200,42,0.931,0.07,ssh_bruteforce
0.122,tcp,eco_i,REJ,20,0,146,2,0.054,0.977,255,14,0.071,0.909,port_scan
2.5277636949231925,tcp,https,SF,199,3046,7,5,0.853,0.125,41,10,0.737,0.108,normal
2.590967376879283,tcp,http,SF,774,3736,3,2,0.721,0.276,50,86,0.834,0.039,normal
0.0,tcp,http,S0,0,0,388,354,0.995,0.019,255,19,0.06,0.882,dos_syn_flood
1.6,tcp,ssh,REJ,435,245,79,69,0.968,0.028,244,31,0.914,0.038,ssh_bruteforce
0.068,tcp,private,REJ,0,0,174,4,0.085,0.923,255,10,0.049,0.758,port_scan
1.4663196828681067,udp,dns,SF,680,1730,10,2,0.755,0.274,12,69,0.787,0.014,normal
0.18653117755747603,tcp,http,SF,592,4695,3,3,0.815,0.071,6,13,0.691,0.092,normal
5.242177429261549,tcp,http,SF,314,6697,5,1,0.76,0.272,23,89,0.996,0.13,normal
1.8061641341039847,tcp,https,SF,447,1942,6,5,0.877,0.291,64,40,0.91,0.056,normal
0.104,tcp,other,S0,40,0,188,2,0.104,0.928,255,7,0.034,0.896,port_scan
0.3233324517035807,udp,dns,SF,1551,2885,4,4,0.812,0.027,31,22,0.922,0.02,normal
2.68,tcp,ssh,SF,309,264,54,49,0.939,0.097,114,67,0.912,0.062,ssh_bruteforce
5.399441173728748,tcp,https,SF,215,1545,6,2,0.815,0.097,87,90,0.839,0.186,normal
0.0,tcp,http,RSTOS0,44,0,279,188,0.966,0.034,255,21,0.171,0.75,dos_syn_flood
0.0,tcp,http,S0,0,0,384,454,0.998,0.008,255,28,0.121,0.612,dos_syn_flood
0.51,tcp,ssh,REJ,301,224,65,61,0.964,0.06,170,41,0.919,0.087,ssh_bruteforce
0.0,tcp,private,S0,44,0,293,460,0.967,0.009,255,44,0.08,0.717,dos_syn_flood
4.4762687056248165,tcp,https,SF,777,1173,7,1,0.701,0.165,78,58,0.674,0.135,normal
4.981960963226123,icmp,other,SF,996,177,3,6,0.9,0.107,8,84,0.776,0.045,normal
0.158,tcp,private,REJ,40,0,190,2,0.15,0.979,255,7,0.04,0.743,port_scan
0.64,tcp,ftp,REJ,375,227,58,31,0.992,0.021,185,50,0.795,0.091,ssh_bruteforce
1.6755018391563592,tcp,http,S0,399,441,5,4,0.867,0.244,5,3,0.997,0.02,normal
2.2237557674478694,tcp,http,SF,2436,2210,7,8,0.871,0.214,49,35,0.709,0.029,normal
1.3849888016900056,tcp,ssh,SF,340,773,7,1,0.862,0.165,99,72,0.672,0.098,normal
1.3800828132624343,tcp,https,SF,462,1795,2,5,0.786,0.261,38,6,0.921,0.196,normal
0.0,tcp,http,S0,0,0,436,470,0.98,0.033,255,22,0.161,0.86,dos_syn_flood
2.4971655981024456,tcp,ssh,SF,1550,580,2,6,0.741,0.111,79,68,0.947,0.109,normal
0.12,icmp,eco_i,RSTR,20,0,117,3,0.06,0.893,255,7,0.08,0.906,port_scan
0.8646442344947822,tcp,http,SF,941,297,5,6,0.712,0.184,9,71,0.884,0.078,normal
0.0,tcp,http,S0,0,0,390,287,0.977,0.037,255,40,0.101,0.788,dos_syn_flood
0.0,tcp,http,S0,0,0,494,376,0.983,0.003,255,15,0.093,0.753,dos_syn_flood
3.379195464022669,tcp,http,SF,515,110,5,6,0.908,0.151,50,1,0.91,0.081,normal
1.76084073287187,tcp,http,SF,292,1242,8,9,0.969,0.265,78,46,0.868,0.061,normal
0.0,tcp,http,S0,60,0,306,275,0.965,0.015,255,17,0.171,0.861,dos_syn_flood
0.123,tcp,eco_i,REJ,0,0,64,3,0.116,0.94,255,10,0.072,0.801,port_scan
2.44,tcp,ssh,REJ,319,266,76,27,0.901,0.025,247,65,0.915,0.072,ssh_bruteforce
2.8466847721340653,tcp,ssh,SF,2048,676,3,0,0.931,0.194,11,24,0.798,0.008,normal
0.138,tcp,telnet,REJ,64,0,119,3,0.044,0.876,255,10,0.021,0.783,port_scan
1.5113590572840252,tcp,ssh,SF,209,15759,5,4,0.914,0.231,53,83,0.84,0.008,normal
2.2679605873600366,tcp,http,SF,3339,5359,4,4,0.951,0.158,69,24,0.998,0.179,normal
1.05,tcp,ssh,REJ,309,245,51,69,0.962,0.086,118,65,0.939,0.031,ssh_bruteforce
0.0,tcp,private,S0,44,0,437,364,0.999,0.02,255,21,0.198,0.836,dos_syn_flood
0.068,tcp,private,REJ,0,0,82,3,0.023,0.93,255,5,0.046,0.965,port_scan
0.0,tcp,http,S0,60,0,377,209,0.983,0.007,255,19,0.181,0.805,dos_syn_flood
0.193,tcp,other,RSTR,20,0,144,2,0.121,0.892,255,7,0.013,0.812,port_scan
0.26532870167025957,icmp,other,SF,81,641,5,2,0.906,0.064,48,75,0.623,0.043,normal
2.32,tcp,ssh,SF,288,212,35,39,0.907,0.092,149,66,0.815,0.052,ssh_bruteforce
1.2114630961700825,tcp,http,SF,704,72546,5,4,0.957,0.262,72,76,0.81,0.163,normal
1.6436959820614097,tcp,http,SF,3218,2002,7,2,0.844,0.039,68,79,0.792,0.173,normal
0.0,tcp,http,S0,44,0,234,180,0.973,0.027,255,38,0.063,0.821,dos_syn_flood
2.5,tcp,ftp,SF,300,285,56,37,0.912,0.045,107,43,0.854,0.023,ssh_bruteforce
2.872260741797415,tcp,http,SF,363,8819,2,3,0.991,0.222,80,74,0.689,0.011,normal
5.633638913671868,udp,dns,SF,351,5733,7,1,0.736,0.294,68,10,0.782,0.196,normal
3.7679624053932597,udp,dns,SF,4936,394,8,6,0.966,0.078,62,31,0.668,0.194,normal
0.10995852499695562,tcp,https,SF,54,965,5,2,0.914,0.011,84,29,0.754,0.127,normal
2.01,tcp,ssh,REJ,405,189,80,75,0.99,0.041,189,73,0.747,0.092,ssh_bruteforce
0.9913087891526774,tcp,ftp,SF,1237,4646,1,4,0.938,0.281,24,66,0.842,0.049,normal
0.0,tcp,other,S0,0,0,430,354,0.967,0.002,255,42,0.175,0.846,dos_syn_flood
1.0551823139630994,tcp,http,SF,1517,5973,0,3,0.949,0.136,95,51,0.929,0.179,normal
2.6870725762912278,tcp,http,SF,346,726,3,1,0.864,0.028,43,55,0.933,0.194,normal
5.781126585036808,tcp,ssh,SF,1077,567,4,7,0.954,0.131,78,25,0.909,0.099,normal
3.7169300319826037,tcp,https,SF,1096,2430,7,1,0.923,0.041,23,66,0.783,0.043,normal
0.0,tcp,http,S0,60,0,157,346,0.995,0.045,255,17,0.075,0.61,dos_syn_flood
0.9,tcp,ssh,SF,393,231,51,56,0.923,0.051,158,23,0.861,0.051,ssh_bruteforce
0.29619270556640936,tcp,https,SF,224,650,1,3,0.742,0.084,28,3,0.924,0.152,normal
0.137,tcp,private,REJ,64,0,173,2,0.041,0.908,255,4,0.051,0.85,port_scan
0.8176705138362373,tcp,http,SF,2224,476,2,6,0.864,0.103,63,98,0.856,0.038,normal
0.5617780765316526,tcp,ssh,SF,166,2877,6,5,0.737,0.165,21,59,0.879,0.015,normal
0.0,tcp,private,S0,0,0,230,355,0.984,0.002,255,12,0.128,0.843,dos_syn_flood
3.6332298408858876,tcp,http,SF,457,4299,6,5,0.972,0.083,29,19,0.884,0.056,normal
0.9103964913032819,tcp,https,SF,312,325,4,1,0.769,0.206,85,79,0.949,0.122,normal
0.0,tcp,http,S0,0,0,221,150,0.979,0.049,255,42,0.094,0.608,dos_syn_flood
2.2419755002104385,tcp,http,S0,1118,3422,2,4,0.815,0.163,19,62,0.651,0.13,normal
6.463807101389005,tcp,http,SF,543,2773,3,7,0.818,0.032,8,92,0.859,0.078,normal
0.5001781277232293,tcp,http,SF,707,5600,5,5,0.859,0.128,32,76,0.631,0.079,normal
0.7386801836630899,tcp,http,SF,270,120,7,4,0.867,0.194,8,64,0.78,0.155,normal
2.1230389848900413,tcp,http,SF,1018,341,6,4,0.726,0.018,61,66,0.651,0.036,normal
0.5585339603135376,tcp,http,SF,599,704,6,7,0.992,0.025,23,93,0.916,0.157,normal
0.0,tcp,private,S0,0,0,460,499,0.952,0.047,255,21,0.131,0.858,dos_syn_flood
0.0,tcp,private,S0,60,0,150,323,0.989,0.035,255,40,0.068,0.832,dos_syn_flood
0.8231957834399856,udp,dns,SF,657,2184,1,1,0.78,0.097,91,7,0.782,0.042,normal
0.0,tcp,http,S0,0,0,263,294,0.977,0.046,255,31,0.084,0.872,dos_syn_flood
0.0,tcp,http,S0,44,0,511,484,0.951,0.047,255,42,0.107,0.789,dos_syn_flood
10.816676246195104,tcp,http,SF,725,8026,12,5,0.768,0.287,23,36,0.869,0.123,normal
9.412702598734455,udp,dns,SF,232,6449,4,3,0.967,0.081,15,15,0.923,0.033,normal
0.009,tcp,private,REJ,20,0,164,2,0.03,0.977,255,3,0.016,0.817,port_scan
1.649258980950069,udp,dns,SF,153,1045,5,8,0.819,0.102,49,38,0.642,0.075,normal
1.5526712575017383,tcp,ssh,SF,61,2898,8,1,0.932,0.024,51,22,0.659,0.061,normal
3.821489146144626,udp,dns,SF,703,265,5,1,0.71,0.223,43,15,0.654,0.167,normal
0.669897983616442,udp,dns,SF,55,8889,6,7,0.74,0.244,49,2,0.909,0.093,normal
2.657547427171338,tcp,smtp,SF,2630,777,5,2,0.843,0.259,34,95,0.95,0.026,normal
3.7158481110862436,tcp,http,SF,1452,7910,5,1,0.798,0.126,81,13,0.972,0.022,normal
2.0257984229723167,udp,dns,SF,1292,8547,3,4,0.793,0.074,97,19,0.669,0.088,normal
0.4990957668853701,tcp,http,SF,520,15056,3,2,0.722,0.223,15,90,0.935,0.123,normal
0.33653079234414884,tcp,https,SF,177,662,5,3,0.881,0.003,74,27,0.694,0.076,normal
2.3620760191003636,udp,dns,SF,678,985,5,5,0.978,0.016,55,98,0.882,0.116,normal
0.0,tcp,http,S0,0,0,415,212,0.967,0.032,255,32,0.093,0.851,dos_syn_flood
0.0,tcp,http,S0,0,0,178,300,0.979,0.048,255,23,0.123,0.685,dos_syn_flood
0.6078451909691439,tcp,ftp,SF,476,9808,4,6,0.83,0.077,34,87,0.702,0.061,normal
0.0,tcp,http,S0,0,0,431,206,0.953,0.005,255,29,0.173,0.9,dos_syn_flood
4.1983437618697845,tcp,https,SF,1329,489,5,1,0.727,0.045,81,49,0.812,0.031,normal
1.1266244153453946,tcp,https,SF,1208,315,12,5,0.822,0.171,65,41,0.639,0.02,normal
0.9660317405286324,tcp,http,SF,1179,299,5,4,0.746,0.057,97,5,0.825,0.119,normal
2.348141442942503,udp,dns,SF,383,11144,4,4,0.834,0.107,6,55,0.852,0.108,normal
0.5332887120638623,tcp,https,SF,189,120,5,6,0.831,0.231,18,72,0.915,0.089,normal
2.025344536918865,tcp,ssh,SF,1389,714,3,3,0.745,0.059,21,42,0.714,0.041,normal
0.24086521780801967,tcp,https,SF,304,1107,6,3,0.781,0.153,2,94,0.869,0.077,normal
0.0,tcp,http,S0,0,0,393,255,0.982,0.016,255,21,0.171,0.683,dos_syn_flood
0.0,tcp,http,S0,60,0,328,386,0.984,0.028,255,16,0.114,0.661,dos_syn_flood
0.0,tcp,http,S0,60,0,505,378,0.99,0.023,255,47,0.19,0.881,dos_syn_flood
3.26289686864752,tcp,http,SF,550,2871,3,5,0.964,0.094,39,68,0.959,0.026,normal
3.192087131630294,tcp,http,SF,848,6903,5,4,0.843,0.243,41,15,0.853,0.048,normal
0.062,tcp,other,REJ,64,0,78,3,0.039,0.856,255,4,0.045,0.812,port_scan
0.0,tcp,private,S0,60,0,291,326,0.993,0.043,255,34,0.11,0.797,dos_syn_flood
0.11520277286674126,tcp,http,SF,137,585,8,3,0.786,0.293,21,80,0.768,0.001,normal
0.134,tcp,eco_i,S0,20,0,126,3,0.019,0.913,255,3,0.044,0.739,port_scan
1.6738968509585515,tcp,https,SF,133,198,2,3,0.729,0.071,58,35,0.614,0.028,normal
0.8892603566514639,tcp,http,SF,1867,2843,5,2,0.996,0.238,62,84,0.83,0.125,normal
1.7382815712624642,udp,dns,SF,1495,7871,1,5,0.848,0.132,40,70,0.602,0.188,normal
2.046510945058156,tcp,https,S0,890,78,8,1,0.786,0.166,93,36,0.982,0.048,normal
0.7815338202621978,tcp,https,SF,1060,3451,3,2,0.806,0.219,12,79,0.624,0.107,normal
1.5723947476309812,tcp,http,SF,844,796,4,1,0.954,0.251,37,84,0.96,0.055,normal
0.8806848490076534,tcp,ssh,SF,377,9131,4,5,0.993,0.016,68,66,0.93,0.153,normal
0.0,tcp,http,S0,60,0,364,505,0.987,0.037,255,20,0.138,0.779,dos_syn_flood
0.9815004044333436,icmp,other,SF,2763,6893,2,6,0.757,0.206,1,59,0.931,0.018,normal
1.867871180280044,tcp,https,SF,514,307,4,2,0.788,0.29,2,94,0.795,0.087,normal
0.069,tcp,eco_i,RSTR,0,0,68,4,0.032,0.958,255,9,0.021,0.923,port_scan
0.7733368418492841,icmp,other,SF,34,146,7,5,0.917,0.256,22,5,0.75,0.116,normal
4.9392170264446245,tcp,http,SF,1573,284,4,7,0.979,0.14,77,19,0.658,0.034,normal
0.4089928431918244,tcp,https,SF,922,2461,3,4,0.899,0.134,4,68,0.783,0.052,normal
0.31454386070823265,tcp,http,SF,1099,445,8,3,0.752,0.04,73,47,0.602,0.002,normal
0.5867267619772711,tcp,http,SF,793,45209,7,5,0.872,0.294,35,67,0.701,0.056,normal
0.0,tcp,http,S0,0,0,434,201,0.985,0.031,255,31,0.169,0.672,dos_syn_flood
0.171,tcp,private,REJ,20,0,127,1,0.034,0.961,255,2,0.053,0.739,port_scan
2.5067113584306155,tcp,https,SF,778,803,5,5,0.914,0.158,80,39,0.899,0.018,normal
0.02,tcp,private,REJ,0,0,128,3,0.047,0.949,255,8,0.073,0.878,port_scan
0.0,tcp,private,RSTOS0,60,0,481,227,0.967,0.016,255,17,0.091,0.664,dos_syn_flood
1.88,tcp,ssh,SF,318,243,65,34,0.959,0.043,130,76,0.811,0.104,ssh_bruteforce
6.83914684992701,tcp,ssh,SF,229,1404,6,5,0.797,0.148,5,57,0.777,0.085,normal
0.52,tcp,ssh,REJ,367,198,73,66,0.929,0.096,104,43,0.779,0.06,ssh_bruteforce
5.340628423933515,tcp,http,SF,94,632,2,4,0.88,0.233,7,41,0.732,0.122,normal
1.6298920801977284,tcp,ssh,SF,5740,486,5,3,0.83,0.051,34,21,0.634,0.123,normal
1.6564764767797477,tcp,ssh,SF,252,684,0,2,0.703,0.087,39,39,0.634,0.133,normal
0.0,tcp,http,S0,44,0,310,156,0.99,0.046,255,32,0.186,0.634,dos_syn_flood
0.47238497023365567,tcp,http,SF,3309,360,3,1,0.795,0.069,28,23,0.891,0.019,normal
0.053,tcp,other,REJ,40,0,53,3,0.015,0.91,255,3,0.022,0.722,port_scan
0.5547146795049627,tcp,https,SF,6402,836,3,5,0.969,0.232,6,15,0.902,0.014,normal
3.440845073270597,udp,dns,SF,130,12352,2,3,0.801,0.088,29,71,0.706,0.068,normal
0.047952194049663416,tcp,http,SF,1105,1069,3,6,0.907,0.046,5,88,0.621,0.181,normal
0.12064614566361961,tcp,https,SF,1035,11983,5,4,0.753,0.079,53,42,0.721,0.038,normal
7.001548341638567,tcp,smtp,SF,292,3924,2,6,0.707,0.07,42,84,0.863,0.157,normal
7.281455846396905,tcp,http,SF,554,43,11,4,0.904,0.091,58,57,0.788,0.124,normal
0.0,tcp,other,S0,0,0,155,298,0.992,0.02,255,15,0.086,0.845,dos_syn_flood
0.8320261357423332,tcp,http,SF,10833,1661,10,3,0.855,0.275,78,13,0.689,0.069,normal
0.0,tcp,http,S0,44,0,261,477,0.972,0.037,255,42,0.182,0.825,dos_syn_flood
0.0,tcp,http,S0,60,0,220,361,0.997,0.041,255,29,0.063,0.61,dos_syn_flood
0.5965524299807677,tcp,ftp,SF,134,4952,7,2,0.867,0.014,3,92,0.712,0.022,normal
0.0,tcp,http,S0,60,0,235,359,0.954,0.049,255,37,0.077,0.761,dos_syn_flood
2.96,tcp,ssh,REJ,399,204,50,55,0.953,0.055,214,28,0.716,0.065,ssh_bruteforce
0.119,tcp,telnet,RSTR,0,0,182,3,0.148,0.875,255,3,0.052,0.817,port_scan
4.720357931060579,tcp,https,SF,2085,557,5,6,0.994,0.275,58,98,0.636,0.106,normal
6.85480501556876,tcp,http,SF,1857,9583,7,3,0.929,0.136,28,62,0.86,0.049,normal
2.43,tcp,ssh,REJ,360,282,50,76,0.984,0.07,187,29,0.787,0.037,ssh_bruteforce
2.1481853626270246,tcp,https,SF,483,922,5,6,0.755,0.001,27,1,0.713,0.009,normal
1.7480248698476175,tcp,https,SF,359,306,7,10,0.955,0.022,79,24,0.668,0.072,normal
0.034,tcp,private,RSTR,40,0,91,2,0.081,0.865,255,5,0.06,0.871,port_scan
0.04545878373521697,udp,dns,SF,592,14935,7,7,0.781,0.088,86,85,0.731,0.139,normal
0.08424412017074141,tcp,https,SF,1821,725,6,5,0.91,0.081,56,70,0.888,0.073,normal
2.27,tcp,ftp,SF,341,250,50,73,0.909,0.064,190,70,0.808,0.021,ssh_bruteforce
3.2777707165215397,udp,dns,SF,336,6576,3,2,0.728,0.19,28,11,0.637,0.053,normal
0.043,tcp,private,RSTR,20,0,102,1,0.138,0.91,255,3,0.059,0.734,port_scan
0.0,tcp,private,S0,60,0,384,333,0.998,0.013,255,10,0.101,0.81,dos_syn_flood
1.3363752867653895,tcp,https,SF,401,10709,9,2,0.717,0.105,42,99,0.761,0.005,normal
0.0,tcp,http,S0,0,0,377,378,0.968,0.032,255,37,0.056,0.614,dos_syn_flood
1.0069007648326984,tcp,https,SF,1251,694,5,8,0.731,0.008,79,62,0.961,0.171,normal
3.8775719151743475,tcp,ssh,SF,213,4492,5,6,0.811,0.188,59,80,0.905,0.148,normal
0.0,tcp,http,S0,60,0,466,433,0.961,0.029,255,20,0.165,0.686,dos_syn_flood
1.3378505676870558,tcp,smtp,SF,497,714,4,2,0.951,0.192,8,13,0.666,0.177,normal
0.0,tcp,http,S0,60,0,265,274,0.956,0.003,255,22,0.107,0.604,dos_syn_flood
3.3337257597084804,tcp,https,SF,202,1497,8,2,0.8,0.119,25,90,0.968,0.069,normal
11.608330340076506,udp,dns,SF,242,1039,5,4,0.885,0.019,62,81,0.86,0.062,normal
0.15943861549335814,tcp,https,SF,84,1294,3,4,0.873,0.219,4,8,0.627,0.046,normal
0.138,tcp,eco_i,REJ,40,0,55,2,0.084,0.864,255,13,0.076,0.743,port_scan
9.245941563789874,tcp,http,SF,1819,149,5,5,0.738,0.176,79,67,0.692,0.028,normal
4.829379296318746,tcp,http,SF,496,15831,4,5,0.779,0.171,46,79,0.912,0.186,normal
1.7253908690749293,tcp,https,SF,2079,2414,5,4,0.867,0.129,66,70,0.796,0.198,normal
0.6359561842568134,tcp,https,SF,172,1445,6,0,0.899,0.053,84,49,0.823,0.172,normal
3.07545235745701,tcp,http,REJ,478,1731,4,9,0.901,0.036,19,30,0.934,0.181,normal
0.0,tcp,http,S0,0,0,184,212,0.988,0.002,255,29,0.069,0.704,dos_syn_flood
0.7734429375679587,tcp,https,SF,2743,1332,7,7,0.882,0.132,15,83,0.906,0.001,normal
0.0,tcp,private,S0,0,0,351,398,0.974,0.004,255,17,0.103,0.836,dos_syn_flood
0.172,tcp,private,RSTR,0,0,169,1,0.037,0.853,255,8,0.021,0.728,port_scan
11.422532720967398,tcp,https,S0,193,5873,5,6,0.798,0.125,91,68,0.763,0.073,normal
0.0,tcp,http,S0,0,0,339,264,0.956,0.003,255,10,0.188,0.788,dos_syn_flood
0.07329923614273931,icmp,other,SF,174,289,3,5,0.785,0.041,50,30,0.745,0.135,normal
4.578156763240443,tcp,ssh,S0,488,8403,5,10,0.822,0.097,82,7,0.853,0.147,normal
0.13843134737988355,tcp,http,SF,787,441,6,3,0.757,0.083,55,87,0.85,0.035,normal
0.0,tcp,private,S0,44,0,276,270,0.995,0.018,255,27,0.174,0.844,dos_syn_flood
2.0557479219812964,tcp,https,SF,1766,618,2,2,0.969,0.235,60,51,0.863,0.106,normal
0.2076387295260781,tcp,https,SF,433,27524,7,6,0.845,0.298,92,68,0.643,0.164,normal
1.1636452103420214,tcp,ftp,SF,227,415,8,3,0.732,0.147,3,51,0.918,0.143,normal
0.0,tcp,http,S0,44,0,168,161,0.966,0.034,255,11,0.149,0.824,dos_syn_flood
2.65,tcp,ftp,SF,289,287,42,39,0.931,0.076,130,20,0.858,0.095,ssh_bruteforce
0.2,tcp,private,REJ,64,0,164,3,0.016,0.886,255,7,0.05,0.899,port_scan
0.7066576120235014,tcp,https,SF,325,5952,3,3,0.814,0.074,91,13,0.763,0.177,normal
1.38,tcp,ssh,SF,329,199,81,53,0.946,0.054,160,35,0.717,0.081,ssh_bruteforce
0.135,tcp,eco_i,RSTR,0,0,73,1,0.032,0.998,255,5,0.048,0.775,port_scan
1.5417487112930268,tcp,http,SF,421,1051,8,2,0.875,0.222,84,5,0.747,0.152,normal
1.3436842175986607,udp,dns,SF,1615,85,6,6,0.75,0.113,7,72,0.887,0.03,normal
5.038233894913607,udp,dns,SF,101,18215,7,5,0.973,0.235,98,20,0.892,0.02,normal
2.5884881363106067,tcp,ssh,SF,40,308,6,3,0.998,0.256,65,39,0.875,0.199,normal
7.679182940038053,tcp,http,SF,1439,10011,4,3,0.966,0.081,79,74,0.939,0.173,normal
0.036,tcp,telnet,REJ,64,0,155,2,0.069,0.924,255,11,0.014,0.871,port_scan
0.0,tcp,http,S0,60,0,265,257,0.985,0.007,255,37,0.171,0.668,dos_syn_flood
2.009261040072668,tcp,ssh,SF,8264,6618,6,2,0.746,0.266,56,21,0.906,0.055,normal
0.1445890873440317,tcp,https,SF,542,5592,7,4,0.857,0.172,27,20,0.997,0.067,normal
0.0,tcp,http,RSTOS0,44,0,200,347,0.995,0.041,255,29,0.169,0.803,dos_syn_flood
0.49214561776077836,tcp,https,SF,521,1665,1,5,0.724,0.144,8,96,0.842,0.088,normal
1.457355259274161,udp,dns,SF,633,2401,4,4,0.738,0.169,32,9,0.976,0.003,normal
3.5199332542185298,tcp,http,SF,127,1064,3,8,0.862,0.176,89,60,0.817,0.028,normal
0.2557805810198261,tcp,http,SF,542,200,2,4,0.737,0.181,81,39,0.663,0.023,normal
0.0,tcp,http,S0,44,0,175,217,0.977,0.04,255,11,0.15,0.69,dos_syn_flood
0.7699204900448786,udp,dns,SF,298,844,4,4,0.952,0.257,5,38,0.824,0.088,normal
1.8307502682912813,tcp,https,SF,708,338,6,2,0.976,0.116,33,3,0.905,0.016,normal
2.729993594266176,tcp,http,SF,255,6436,9,5,1.0,0.197,61,15,0.744,0.092,normal
12.981153910862748,tcp,https,SF,477,107,7,0,0.822,0.298,34,48,0.939,0.114,normal
0.0,tcp,http,S0,0,0,493,350,0.986,0.037,255,46,0.071,0.727,dos_syn_flood
1.068452333121321,tcp,https,SF,554,13787,6,4,0.906,0.129,8,55,0.929,0.068,normal
3.477296271805879,tcp,ssh,S0,188,2798,4,1,0.991,0.239,21,42,0.95,0.094,normal
0.4402637360640807,tcp,ftp,SF,427,1342,3,2,0.783,0.207,57,72,0.669,0.014,normal
5.260523424979688,tcp,ssh,SF,144,8737,5,2,0.967,0.147,37,59,0.817,0.034,normal
2.47,tcp,ssh,SF,280,178,51,54,0.986,0.1,229,76,0.829,0.087,ssh_bruteforce
2.2373829696184213,tcp,http,SF,2260,2585,6,3,0.919,0.122,34,77,0.851,0.195,normal
1.3447227027472697,tcp,http,SF,2317,3561,8,4,0.976,0.245,56,47,0.652,0.162,normal
0.0,tcp,http,S0,60,0,431,197,0.984,0.032,255,48,0.185,0.734,dos_syn_flood
1.14,tcp,ssh,REJ,323,233,44,65,0.959,0.054,209,46,0.846,0.026,ssh_bruteforce
3.4622566424030747,icmp,other,SF,1033,821,1,5,0.999,0.128,13,39,0.811,0.165,normal
1.7494902749316268,tcp,https,SF,198,559,3,3,0.981,0.245,22,20,0.765,0.181,normal
1.0854579261009003,tcp,https,SF,2992,1528,7,3,0.892,0.185,5,17,0.616,0.028,normal
4.656026938805693,tcp,ssh,SF,356,974,5,6,0.866,0.012,21,89,0.772,0.18,normal
0.008568679839878907,tcp,smtp,S0,1579,63,8,2,0.92,0.044,2,7,0.743,0.012,normal
0.046370699431040246,tcp,ssh,SF,134,2845,5,4,0.815,0.059,64,38,0.672,0.179,normal
0.108,tcp,other,REJ,40,0,85,3,0.018,0.96,255,14,0.066,0.7,port_scan
0.026,tcp,private,REJ,0,0,109,2,0.015,0.903,255,9,0.051,0.926,port_scan
2.311325958466703,tcp,http,SF,111,271,2,4,0.965,0.252,20,2,0.987,0.19,normal
0.53,tcp,ssh,SF,368,195,40,36,0.905,0.015,202,32,0.717,0.134,ssh_bruteforce
0.0,tcp,http,S0,0,0,268,259,0.997,0.027,255,10,0.193,0.854,dos_syn_flood
0.0,tcp,private,S0,44,0,420,153,0.957,0.013,255,29,0.101,0.759,dos_syn_flood
8.541352307235403,tcp,http,SF,220,94,4,5,0.803,0.241,10,28,0.721,0.169,normal
0.0,tcp,http,S0,0,0,380,304,0.986,0.042,255,46,0.186,0.849,dos_syn_flood
1.03,tcp,ftp,REJ,358,231,59,33,0.968,0.054,210,21,0.936,0.04,ssh_bruteforce
1.509882517785408,tcp,http,SF,991,4861,6,5,0.795,0.214,53,21,0.718,0.07,normal
0.0,tcp,private,S0,0,0,414,319,0.955,0.001,255,23,0.173,0.738,dos_syn_flood
7.0990203851639215,udp,dns,SF,2016,1094,2,3,0.858,0.225,8,96,0.929,0.094,normal
2.501962893584902,tcp,http,SF,74,22970,5,3,0.821,0.086,63,69,0.981,0.048,normal
6.417219137670646,tcp,http,SF,1051,2032,4,7,0.933,0.286,81,94,0.814,0.063,normal
1.0945127988324916,tcp,ftp,SF,4020,1499,7,5,0.848,0.094,89,41,0.609,0.118,normal
1.49,tcp,ssh,REJ,273,220,31,27,0.901,0.086,235,59,0.762,0.113,ssh_bruteforce
1.1955042031656118,tcp,https,SF,1219,5149,6,5,0.984,0.122,84,49,0.643,0.068,normal
0.4640888254494069,udp,dns,SF,152,1964,5,3,0.865,0.128,89,53,0.797,0.103,normal
1.3215529134391493,tcp,http,SF,211,276,5,3,0.969,0.196,1,98,0.613,0.183,normal
1.2484687426000594,icmp,other,SF,927,6252,6,1,0.753,0.282,93,46,0.966,0.074,normal
0.0,tcp,http,S0,44,0,308,230,0.989,0.031,255,31,0.159,0.767,dos_syn_flood
1.6048831979164737,udp,dns,SF,584,1848,2,2,0.753,0.24,76,51,0.929,0.164,normal
0.0,tcp,http,S0,44,0,316,409,0.961,0.048,255,17,0.053,0.772,dos_syn_flood
0.5250409293492369,tcp,http,SF,100,9373,7,4,0.729,0.285,74,67,0.767,0.17,normal
0.41407862954061936,tcp,http,SF,320,1212,8,3,0.867,0.28,33,8,0.987,0.071,normal
0.129,tcp,private,REJ,20,0,131,4,0.084,0.892,255,5,0.01,0.897,port_scan
0.0,tcp,private,S0,0,0,452,185,0.969,0.001,255,25,0.063,0.733,dos_syn_flood
0.0,tcp,http,S0,44,0,436,509,0.978,0.006,255,46,0.06,0.732,dos_syn_flood
5.119866235584527,icmp,other,SF,464,5112,4,7,0.953,0.256,87,12,0.677,0.031,normal
0.185,tcp,private,REJ,64,0,186,4,0.149,0.909,255,6,0.08,0.958,port_scan
2.77,tcp,ssh,SF,348,151,52,30,0.975,0.029,104,50,0.846,0.032,ssh_bruteforce
0.20823828461580873,tcp,https,S0,599,228,4,8,0.773,0.164,2,29,0.616,0.173,normal
0.0,tcp,http,RSTOS0,44,0,261,385,0.968,0.049,255,49,0.165,0.709,dos_syn_flood
1.5726427053116019,tcp,http,SF,998,987,4,2,0.729,0.282,72,53,0.64,0.194,normal
0.0,tcp,http,S0,60,0,177,239,0.979,0.013,255,20,0.056,0.734,dos_syn_flood
0.0,tcp,http,S0,0,0,330,466,1.0,0.009,255,29,0.196,0.734,dos_syn_flood
4.67286853256276,tcp,http,SF,3135,263,5,2,0.964,0.091,75,32,0.732,0.078,normal
1.768374719766839,icmp,other,SF,471,2842,2,4,0.783,0.025,24,26,0.967,0.151,normal
1.32,tcp,ssh,SF,310,267,78,78,0.97,0.061,248,20,0.758,0.034,ssh_bruteforce
0.2362355363162667,tcp,http,SF,387,66,5,4,0.917,0.265,33,32,0.781,0.051,normal
1.5347105512085133,udp,dns,SF,1567,1645,2,2,0.896,0.051,74,34,0.874,0.141,normal
3.3949622220255717,tcp,http,SF,1028,136,4,4,0.922,0.119,87,30,0.799,0.069,normal
0.44684694772367717,tcp,http,SF,477,1462,6,5,0.898,0.086,92,57,0.712,0.07,normal
2.48,tcp,ftp,SF,366,212,71,40,0.945,0.057,224,48,0.731,0.141,ssh_bruteforce
1.7722010737374225,tcp,ssh,SF,464,1676,5,1,0.917,0.161,65,93,0.929,0.169,normal
0.067,tcp,private,REJ,20,0,110,4,0.107,0.942,255,2,0.015,0.97,port_scan
5.274704331716849,tcp,http,SF,1729,8984,2,2,0.776,0.114,38,90,0.668,0.062,normal
0.085,icmp,other,REJ,40,0,172,4,0.011,0.943,255,14,0.053,0.879,port_scan
5.462650915868544,tcp,ftp,SF,360,416,7,0,0.933,0.017,8,64,0.747,0.029,normal
0.0,tcp,other,RSTOS0,60,0,360,254,0.993,0.028,255,15,0.198,0.769,dos_syn_flood
6.817072626220998,tcp,http,SF,340,6250,2,5,0.846,0.172,6,38,0.882,0.173,normal
0.7257001648850657,tcp,https,SF,231,1851,2,0,0.715,0.066,17,19,0.861,0.161,normal
0.16,tcp,other,REJ,40,0,178,3,0.056,0.92,255,1,0.021,0.746,port_scan
7.915128420864324,tcp,ssh,SF,1113,5967,3,7,0.768,0.204,39,54,0.953,0.112,normal
0.0,tcp,http,S0,60,0,293,351,0.959,0.01,255,34,0.18,0.692,dos_syn_flood
0.57,tcp,ssh,REJ,409,193,56,62,0.95,0.002,204,53,0.935,0.098,ssh_bruteforce
5.240455014260361,tcp,http,SF,224,197,9,2,0.881,0.265,7,42,0.897,0.198,normal
0.14335250900901256,tcp,http,SF,907,3988,5,0,0.878,0.216,92,74,0.633,0.044,normal
5.523397819475058,tcp,http,SF,240,7678,3,5,0.829,0.051,35,4,0.922,0.116,normal
0.02611256474210215,tcp,smtp,SF,1129,991,3,2,0.811,0.155,52,6,0.83,0.179,normal
2.3775237616939915,udp,dns,SF,1547,289,6,1,0.773,0.116,19,37,0.697,0.073,normal
0.0,tcp,http,S0,60,0,267,191,0.992,0.04,255,28,0.056,0.655,dos_syn_flood
2.374077476053263,tcp,http,SF,257,1902,8,3,0.956,0.257,46,96,0.906,0.016,normal
3.0931956008353367,tcp,http,SF,4336,149921,3,5,0.825,0.09,46,84,0.898,0.149,normal
2.0051051747257613,udp,dns,SF,528,577,6,2,0.745,0.017,95,86,0.716,0.058,normal
2.561255335538142,tcp,https,SF,388,13689,0,3,0.848,0.296,51,34,0.937,0.006,normal
0.20447958215090214,tcp,ssh,SF,3135,587,6,4,0.876,0.176,75,12,0.967,0.199,normal
2.7066305443533887,tcp,http,SF,531,6002,7,5,0.752,0.107,39,90,0.846,0.181,normal
2.0069357503398395,tcp,https,SF,1522,14166,5,5,0.739,0.264,83,83,0.637,0.163,normal
15.627212541894167,udp,dns,SF,851,11088,4,3,0.962,0.167,98,34,0.807,0.065,normal
0.0,tcp,http,S0,44,0,232,190,0.983,0.006,255,17,0.087,0.689,dos_syn_flood
0.4551002210121174,tcp,ssh,SF,292,116,2,9,0.788,0.208,36,6,0.633,0.176,normal
0.09,tcp,other,S0,64,0,155,4,0.089,0.965,255,11,0.03,0.897,port_scan
1.9539954955458114,tcp,ssh,SF,2393,24520,7,5,0.957,0.259,66,10,0.851,0.132,normal
1.54,tcp,ssh,SF,344,251,42,55,0.955,0.026,157,66,0.898,0.03,ssh_bruteforce
0.0,tcp,http,S0,60,0,392,411,0.982,0.005,255,49,0.113,0.657,dos_syn_flood
1.16713515383819,tcp,https,SF,6847,1046,5,1,0.879,0.017,77,44,0.613,0.01,normal
0.176,tcp,telnet,REJ,20,0,174,3,0.026,0.968,255,4,0.018,0.898,port_scan
3.0084648836040273,tcp,ssh,SF,1908,2133,3,3,0.833,0.131,3,48,0.742,0.115,normal
3.2664167019179144,tcp,ssh,SF,588,1066,5,3,0.992,0.293,17,34,0.665,0.04,normal
0.7529250353782845,tcp,http,SF,1327,1444,6,5,0.909,0.218,21,39,0.99,0.195,normal
2.9091136290839077,tcp,https,SF,314,843,5,1,0.873,0.078,22,78,0.712,0.148,normal
0.7845754965875045,udp,dns,SF,10263,601,3,3,0.956,0.18,10,12,0.868,0.035,normal
0.0,tcp,http,S0,60,0,170,277,0.95,0.02,255,46,0.067,0.747,dos_syn_flood
3.6579396730651363,tcp,http,SF,912,10219,6,4,0.722,0.185,9,88,0.727,0.019,normal
0.20224548355377953,tcp,smtp,S0,68,2884,5,4,0.757,0.231,28,37,0.907,0.041,normal
0.0,tcp,http,S0,60,0,358,277,0.975,0.024,255,24,0.08,0.829,dos_syn_flood
2.736535808124851,tcp,ftp,SF,210,1826,4,3,0.714,0.213,50,20,0.841,0.109,normal
1.4534789419521055,tcp,https,SF,3472,257,7,2,0.765,0.21,61,12,0.683,0.046,normal
0.6819672635379943,tcp,https,SF,990,2574,4,2,0.704,0.033,92,25,0.625,0.173,normal
0.73,tcp,ssh,SF,303,213,49,56,0.921,0.041,104,21,0.925,0.139,ssh_bruteforce
0.4754867820005625,tcp,http,SF,60,257,3,5,0.893,0.008,32,91,0.92,0.135,normal
0.0,tcp,private,S0,0,0,369,307,0.979,0.049,255,49,0.188,0.768,dos_syn_flood
0.09194283157098991,tcp,smtp,SF,475,2705,7,5,0.85,0.078,63,13,0.84,0.037,normal
0.0,tcp,http,S0,0,0,336,418,0.994,0.028,255,28,0.065,0.777,dos_syn_flood
5.501825234971819,tcp,https,SF,895,116,1,2,0.701,0.218,94,14,0.762,0.132,normal
0.0,tcp,http,S0,60,0,418,172,0.981,0.038,255,24,0.068,0.667,dos_syn_flood
0.5656593640675178,udp,dns,SF,3131,3980,2,4,0.927,0.05,66,92,0.7,0.109,normal
0.0,tcp,http,S0,0,0,261,460,0.979,0.031,255,19,0.116,0.807,dos_syn_flood
2.4392807076450738,tcp,https,SF,287,2761,4,9,0.736,0.16,81,91,0.647,0.034,normal
0.0,tcp,http,S0,0,0,261,399,0.987,0.016,255,25,0.155,0.753,dos_syn_flood
0.9274306859091747,tcp,http,SF,129,102,7,6,0.8,0.023,3,32,0.709,0.179,normal
3.954365055355927,tcp,http,SF,475,865,5,4,0.961,0.042,83,25,0.882,0.182,normal
0.181,icmp,private,REJ,0,0,85,3,0.105,0.934,255,12,0.077,0.98,port_scan
5.016637507356493,tcp,https,SF,386,6919,8,4,0.718,0.039,22,57,0.94,0.009,normal
0.0,tcp,http,S0,0,0,188,497,0.988,0.019,255,27,0.116,0.659,dos_syn_flood
0.20451245318645064,udp,dns,SF,131,416,3,4,0.911,0.024,74,69,0.605,0.016,normal
3.4300420180282396,tcp,https,SF,267,4611,0,10,0.881,0.185,31,30,0.936,0.124,normal
3.8196933757644107,tcp,http,SF,76,17653,7,5,0.742,0.039,97,99,0.942,0.028,normal
0.198,tcp,private,RSTR,40,0,191,2,0.128,0.928,255,2,0.057,0.904,port_scan
0.959742483021919,tcp,https,SF,216,6489,4,3,0.986,0.03,44,30,0.805,0.022,normal
4.219025934721059,udp,dns,SF,333,2180,7,0,0.82,0.227,61,95,0.82,0.174,normal
0.007398091751757304,tcp,https,SF,1028,98,5,2,0.8,0.251,84,56,0.789,0.195,normal
0.0,tcp,other,S0,44,0,411,475,0.97,0.044,255,22,0.11,0.636,dos_syn_flood
0.0,tcp,private,S0,44,0,490,201,0.996,0.032,255,40,0.15,0.67,dos_syn_flood
5.237998395909335,tcp,http,SF,2829,3359,5,5,0.984,0.13,62,71,0.974,0.021,normal
0.009,tcp,private,REJ,0,0,119,4,0.051,0.928,255,8,0.012,0.803,port_scan
0.045,icmp,other,REJ,64,0,72,2,0.022,0.858,255,9,0.035,0.984,port_scan
2.3895472777119457,udp,dns,SF,964,440,4,3,0.7,0.14,72,26,0.945,0.09,normal
1.21,tcp,ftp,SF,300,218,78,53,0.919,0.03,216,50,0.737,0.082,ssh_bruteforce
0.020702546141458056,icmp,other,SF,724,4849,5,2,0.903,0.064,8,43,0.945,0.13,normal
0.35960337152987143,udp,dns,SF,477,660,4,6,0.782,0.25,95,56,0.798,0.002,normal
0.0,tcp,http,S0,44,0,250,293,0.99,0.014,255,26,0.15,0.672,dos_syn_flood
5.6749557071873635,tcp,http,SF,691,9241,4,5,0.889,0.228,65,58,0.985,0.003,normal
4.713490907884853,tcp,smtp,SF,591,783,5,4,0.712,0.041,2,8,0.659,0.069,normal
0.91,tcp,ssh,SF,339,259,64,72,0.953,0.076,242,51,0.786,0.045,ssh_bruteforce
1.19,tcp,ssh,SF,347,210,30,62,0.945,0.081,213,24,0.704,0.096,ssh_bruteforce
0.16251817450606332,tcp,http,SF,295,3031,6,1,0.799,0.172,55,75,0.783,0.17,normal
0.001,icmp,eco_i,REJ,0,0,114,4,0.105,0.901,255,2,0.012,0.854,port_scan
1.0686166182561176,tcp,http,SF,835,2741,5,2,0.883,0.079,35,41,0.987,0.02,normal
3.7625384269466657,tcp,https,SF,167,1247,5,2,0.868,0.199,40,70,0.632,0.19,normal
0.4862980686775671,udp,dns,SF,173,1130,9,3,0.992,0.151,95,36,0.678,0.188,normal
1.76,tcp,ftp,REJ,380,220,37,27,0.998,0.076,206,71,0.795,0.141,ssh_bruteforce
3.836586064601436,tcp,http,SF,610,1962,3,6,0.961,0.065,2,14,0.767,0.123,normal
2.787281337622308,tcp,https,SF,1691,79674,1,2,0.884,0.064,51,48,0.603,0.154,normal
0.0,tcp,http,S0,44,0,449,364,0.985,0.031,255,16,0.186,0.749,dos_syn_flood
1.191409643607478,icmp,other,SF,809,593,6,2,0.896,0.146,97,78,0.608,0.19,normal
0.843087942806932,tcp,http,S0,6207,437,3,1,0.969,0.206,49,73,0.626,0.138,normal
4.020630823728955,udp,dns,SF,146,537,9,5,0.849,0.092,48,71,0.835,0.082,normal
0.115,icmp,private,RSTR,20,0,189,2,0.062,0.862,255,7,0.07,0.883,port_scan
2.23,tcp,ssh,REJ,341,188,88,75,0.919,0.01,220,66,0.838,0.026,ssh_bruteforce
0.0,tcp,http,S0,0,0,355,335,0.961,0.002,255,43,0.097,0.657,dos_syn_flood
1.0509167210123669,tcp,https,SF,944,141,2,1,0.829,0.068,57,38,0.815,0.145,normal
1.6436647594558926,tcp,http,SF,469,1018,6,0,0.909,0.125,3,28,0.86,0.07,normal
7.093646910040153,tcp,smtp,SF,827,7307,3,5,0.899,0.047,31,68,0.656,0.023,normal
4.000897358976747,tcp,http,SF,1304,1280,3,5,0.927,0.089,77,52,0.783,0.144,normal
0.0,tcp,http,S0,60,0,287,272,0.956,0.001,255,44,0.116,0.721,dos_syn_flood
0.0,tcp,http,RSTOS0,0,0,485,336,0.971,0.0,255,13,0.137,0.611,dos_syn_flood
1.3913758509262233,tcp,https,SF,511,8052,2,3,0.703,0.016,93,62,0.792,0.126,normal
0.3681585807267592,tcp,ssh,SF,44,374,5,4,0.781,0.279,47,24,0.693,0.044,normal
1.97,tcp,ssh,SF,347,196,36,74,0.996,0.068,118,74,0.784,0.036,ssh_bruteforce
0.0,tcp,http,S0,60,0,290,427,0.953,0.033,255,33,0.147,0.618,dos_syn_flood
0.0,tcp,http,S0,44,0,414,258,0.991,0.038,255,22,0.165,0.878,dos_syn_flood
2.13,tcp,ftp,SF,420,218,52,31,0.983,0.092,137,28,0.702,0.134,ssh_bruteforce
5.793677893529271,udp,dns,SF,18827,7885,4,4,0.77,0.088,70,58,0.993,0.043,normal
3.350368877931281,tcp,https,SF,573,5123,7,5,0.873,0.056,71,70,0.866,0.133,normal
0.0,tcp,http,S0,60,0,174,180,0.972,0.019,255,29,0.054,0.846,dos_syn_flood
1.2958139674329372,tcp,https,SF,534,639,7,5,0.951,0.282,17,64,0.755,0.004,normal
0.176,icmp,private,S0,20,0,133,4,0.048,0.93,255,5,0.067,0.898,port_scan
0.0,tcp,private,S0,0,0,406,295,0.98,0.001,255,43,0.113,0.691,dos_syn_flood
1.5038160521173953,tcp,http,SF,2054,7151,4,1,0.818,0.107,35,83,0.902,0.111,normal
0.0309042186135695,tcp,https,REJ,3092,8,4,5,0.851,0.062,75,9,0.779,0.199,normal
0.7198743299382749,tcp,http,SF,661,664,2,4,0.916,0.151,41,32,0.989,0.097,normal
1.79,tcp,ssh,SF,369,199,57,49,0.923,0.085,185,37,0.75,0.061,ssh_bruteforce
0.054,tcp,eco_i,REJ,64,0,100,3,0.148,0.889,255,14,0.026,0.791,port_scan
1.1709979176204748,tcp,https,SF,103,2964,5,8,0.779,0.217,55,46,0.646,0.037,normal
4.495889743337334,udp,dns,SF,1235,6644,3,5,0.729,0.016,49,28,0.632,0.143,normal
0.046110304002555405,tcp,ftp,SF,764,338,2,6,0.952,0.102,18,17,0.726,0.135,normal
0.0,tcp,private,S0,0,0,305,287,0.954,0.011,255,41,0.189,0.783,dos_syn_flood
3.7522547623611207,tcp,http,SF,111,726,8,7,0.731,0.198,73,89,0.981,0.087,normal
8.50210504030514,tcp,smtp,SF,240,186,7,7,0.808,0.088,26,99,0.702,0.122,normal
7.676028334981834,udp,dns,SF,228,937,5,4,0.918,0.284,7,33,0.735,0.129,normal
0.0,tcp,http,S0,44,0,501,463,0.972,0.021,255,36,0.088,0.742,dos_syn_flood
0.0,tcp,http,S0,44,0,379,422,0.972,0.027,255,45,0.148,0.616,dos_syn_flood
0.085,tcp,eco_i,RSTR,20,0,101,4,0.087,0.924,255,2,0.044,0.961,port_scan
0.0,tcp,private,S0,0,0,483,477,0.992,0.01,255,16,0.167,0.61,dos_syn_flood
4.266313749217285,udp,dns,SF,399,685,5,1,0.874,0.072,35,13,0.716,0.165,normal
0.0,tcp,http,S0,0,0,314,287,0.951,0.045,255,20,0.057,0.852,dos_syn_flood
0.85,tcp,ftp,SF,292,229,88,76,0.949,0.021,154,59,0.71,0.07,ssh_bruteforce
0.033717849188807394,tcp,https,SF,1353,1834,7,7,0.701,0.025,73,77,0.64,0.188,normal
2.713218826099448,tcp,https,SF,705,13544,7,2,0.906,0.127,52,18,0.717,0.06,normal
0.8361967715512102,tcp,ssh,SF,331,5842,8,3,0.951,0.016,94,89,0.965,0.016,normal
1.3062837779524377,tcp,ftp,SF,755,893,6,5,0.95,0.253,97,90,0.785,0.088,normal
0.0,tcp,http,S0,60,0,233,314,1.0,0.003,255,43,0.113,0.799,dos_syn_flood
3.49902392265054,tcp,http,SF,541,954,8,5,0.819,0.045,2,65,0.98,0.16,normal
0.9944101540741289,tcp,http,SF,107,25,7,5,0.843,0.122,70,59,0.863,0.194,normal
1.2121098619868549,icmp,other,SF,178,1050,3,5,0.948,0.295,77,59,0.984,0.078,normal
0.057,icmp,private,REJ,40,0,97,4,0.051,0.889,255,1,0.075,0.839,port_scan
0.0,tcp,http,S0,0,0,450,209,0.976,0.019,255,44,0.063,0.813,dos_syn_flood
2.28,tcp,ssh,SF,310,254,58,77,0.925,0.031,160,71,0.885,0.121,ssh_bruteforce
0.112,tcp,eco_i,REJ,20,0,173,3,0.095,0.973,255,11,0.023,0.7,port_scan
0.022,tcp,private,REJ,20,0,63,3,0.111,0.896,255,10,0.054,0.773,port_scan
0.0,tcp,http,S0,0,0,437,231,0.971,0.028,255,16,0.184,0.759,dos_syn_flood
0.105,tcp,eco_i,REJ,20,0,130,3,0.121,0.915,255,12,0.041,0.796,port_scan
0.76,tcp,ssh,SF,360,221,70,68,0.945,0.099,150,26,0.749,0.069,ssh_bruteforce
5.167265853169417,tcp,https,SF,540,6805,7,5,0.956,0.148,62,60,0.762,0.119,normal
1.4376921261650906,udp,dns,SF,736,1311,7,1,0.774,0.063,85,96,0.914,0.015,normal
1.08,tcp,ssh,SF,369,247,49,60,0.922,0.066,126,21,0.884,0.124,ssh_bruteforce
1.321324869376378,tcp,https,SF,1242,1820,7,4,0.707,0.041,34,14,0.794,0.027,normal
0.143,tcp,private,REJ,0,0,111,4,0.084,0.927,255,6,0.04,0.704,port_scan
3.9043057804073396,tcp,http,SF,2917,1467,3,2,0.87,0.028,79,77,0.876,0.091,normal
0.5325788228853799,udp,dns,SF,1645,915,4,9,0.734,0.26,94,39,0.995,0.11,normal
2.478127346717816,tcp,http,SF,3549,305,4,3,0.977,0.262,70,19,0.678,0.058,normal
0.0,tcp,http,S0,44,0,238,192,0.961,0.012,255,47,0.106,0.627,dos_syn_flood
3.533960070299249,tcp,https,REJ,5555,864,7,6,0.836,0.202,55,54,0.749,0.188,normal
0.5465955414337416,tcp,http,SF,2086,247,5,4,0.804,0.181,52,96,0.733,0.018,normal
1.1383650232043618,tcp,ftp,SF,562,3140,4,4,0.881,0.044,89,57,0.684,0.155,normal
0.089,icmp,private,REJ,40,0,142,3,0.137,0.949,255,10,0.044,0.908,port_scan
0.114,tcp,other,REJ,40,0,144,3,0.135,0.984,255,5,0.02,0.917,port_scan
0.0,tcp,http,S0,0,0,266,352,0.968,0.02,255,29,0.069,0.856,dos_syn_flood
0.178,tcp,other,REJ,64,0,149,2,0.068,0.87,255,12,0.012,0.714,port_scan
0.0,tcp,http,S0,60,0,320,318,0.995,0.005,255,17,0.186,0.681,dos_syn_flood
0.0,tcp,http,S0,44,0,291,253,0.985,0.025,255,24,0.096,0.72,dos_syn_flood
2.389014075724905,tcp,http,SF,212,1145,4,3,0.925,0.148,62,30,0.769,0.001,normal
0.0,tcp,http,RSTOS0,44,0,409,252,0.993,0.014,255,10,0.102,0.629,dos_syn_flood
1.96,tcp,ssh,REJ,354,193,75,66,0.962,0.078,233,26,0.912,0.112,ssh_bruteforce
5.237322273758651,udp,dns,SF,319,5520,4,6,0.806,0.226,82,28,0.915,0.136,normal
0.0,tcp,http,S0,44,0,288,492,0.972,0.021,255,13,0.123,0.829,dos_syn_flood
1.1233933408353978,tcp,smtp,SF,1282,11766,2,3,0.835,0.106,41,17,0.973,0.017,normal
0.137,tcp,private,S0,20,0,193,4,0.086,0.881,255,1,0.035,0.753,port_scan
0.0,tcp,http,S0,0,0,291,338,0.997,0.025,255,43,0.16,0.786,dos_syn_flood
0.102,tcp,private,RSTR,64,0,169,1,0.051,0.88,255,9,0.046,0.723,port_scan
3.7309259264719103,icmp,other,SF,791,14704,6,5,0.928,0.232,74,11,0.845,0.075,normal
1.8101388834529866,tcp,smtp,SF,934,3356,9,2,0.785,0.223,98,88,0.781,0.049,normal
1.9789174026332257,tcp,http,SF,320,545,6,6,0.839,0.21,75,2,0.763,0.134,normal
0.2004005653980305,tcp,http,SF,587,1259,2,1,0.788,0.206,24,44,0.964,0.073,normal
0.0,tcp,http,S0,44,0,243,265,0.957,0.001,255,41,0.052,0.736,dos_syn_flood
6.963873614773435,tcp,http,SF,1013,3766,6,6,0.827,0.013,88,14,0.967,0.056,normal
2.8395842411495993,tcp,http,SF,213,537,1,4,0.982,0.079,8,14,0.753,0.048,normal
0.059,tcp,other,REJ,64,0,134,1,0.026,0.942,255,11,0.047,0.726,port_scan
9.436778265643117,tcp,ssh,SF,237,442,4,0,0.915,0.265,87,35,0.647,0.187,normal
0.7961818219606684,tcp,https,SF,161,1378,1,6,0.73,0.044,56,27,0.729,0.175,normal
6.264739739790465,tcp,http,SF,267,2781,4,3,0.862,0.255,84,35,0.96,0.111,normal
0.034,icmp,other,RSTR,64,0,154,2,0.097,0.934,255,10,0.053,0.952,port_scan
0.5597411447433274,tcp,http,SF,680,32747,4,2,0.853,0.156,16,9,0.681,0.019,normal
0.0,tcp,http,S0,60,0,282,226,0.957,0.014,255,23,0.183,0.664,dos_syn_flood
3.769274021523426,tcp,http,SF,1427,45,3,4,0.735,0.244,51,15,0.613,0.182,normal
0.39318313832390617,udp,dns,SF,4969,1488,7,8,0.898,0.257,51,37,0.869,0.101,normal
1.987502202905587,udp,dns,SF,3554,3367,7,8,0.89,0.047,42,61,0.887,0.054,normal
1.8988237558826724,tcp,ssh,SF,570,431,4,3,0.967,0.178,68,10,0.916,0.1,normal
0.104,icmp,private,REJ,0,0,58,1,0.145,0.915,255,9,0.04,0.786,port_scan
0.182,icmp,other,REJ,20,0,88,1,0.098,0.985,255,10,0.025,0.747,port_scan
0.0,tcp,http,RSTOS0,60,0,303,197,0.952,0.041,255,25,0.184,0.63,dos_syn_flood
1.1368794846385055,tcp,ssh,SF,1337,1961,6,3,0.76,0.298,40,17,0.829,0.033,normal
5.108308467465834,tcp,ssh,SF,873,3495,7,1,0.848,0.141,31,58,0.646,0.159,normal
0.0,tcp,http,S0,0,0,352,201,0.961,0.004,255,43,0.123,0.69,dos_syn_flood
3.1984541964686226,tcp,ftp,SF,441,675,5,4,0.79,0.082,63,61,0.99,0.069,normal
2.0627490276812126,tcp,ssh,SF,223,3081,2,4,0.738,0.21,25,92,0.756,0.028,normal
2.74,tcp,ssh,SF,356,216,62,34,0.983,0.07,127,37,0.783,0.115,ssh_bruteforce
0.13324073074749596,tcp,http,SF,326,424,8,3,0.766,0.229,54,21,0.66,0.076,normal
5.946163433135414,udp,dns,SF,237,7763,3,2,0.87,0.065,90,43,0.686,0.023,normal
0.0,tcp,private,S0,0,0,187,298,0.957,0.023,255,18,0.089,0.877,dos_syn_flood
0.037,tcp,eco_i,S0,20,0,89,1,0.085,0.92,255,10,0.02,0.845,port_scan
0.7307964937382452,udp,dns,SF,185,3418,5,5,0.711,0.231,39,43,0.892,0.05,normal
0.0,tcp,private,S0,60,0,422,400,0.993,0.004,255,17,0.138,0.73,dos_syn_flood
0.0,tcp,http,S0,0,0,330,214,0.962,0.002,255,34,0.145,0.765,dos_syn_flood
2.137172469270964,tcp,http,SF,138,2048,7,2,0.796,0.264,60,59,0.751,0.153,normal
0.168,tcp,other,REJ,20,0,65,4,0.044,0.925,255,2,0.037,0.967,port_scan
6.336387493141928,tcp,smtp,SF,1107,682,5,6,0.997,0.144,92,22,0.744,0.171,normal
3.6363664705180296,tcp,https,SF,71,5676,5,3,0.72,0.24,98,28,0.676,0.173,normal
8.412806486491794,tcp,http,S0,100,778,5,4,0.89,0.139,45,19,0.714,0.005,normal
7.257266839681613,tcp,http,SF,219,723,2,1,0.778,0.27,9,90,0.671,0.011,normal
0.9482021168500065,tcp,http,SF,2995,1584,3,3,0.799,0.03,32,53,0.618,0.078,normal
1.4144271884158024,tcp,http,SF,1415,531,2,6,0.987,0.175,8,49,0.933,0.008,normal
2.5244291689228326,udp,dns,SF,1813,3043,5,0,0.703,0.019,40,98,0.748,0.069,normal
7.692088152274499,udp,dns,SF,268,524,8,8,0.972,0.048,91,23,0.964,0.164,normal
6.111313076905134,tcp,http,SF,137,6507,2,7,0.927,0.089,48,55,0.643,0.088,normal
9.68598525417054,tcp,https,SF,1462,7340,6,5,0.7,0.049,35,23,0.717,0.03,normal
0.177,tcp,private,RSTR,0,0,190,1,0.119,0.906,255,3,0.072,0.949,port_scan
0.0,tcp,http,S0,60,0,191,325,0.963,0.032,255,10,0.093,0.851,dos_syn_flood
2.4771332872283827,udp,dns,SF,436,2092,6,1,0.765,0.165,10,31,0.834,0.099,normal
0.033,tcp,private,REJ,20,0,106,2,0.109,0.993,255,2,0.025,0.946,port_scan
0.0,tcp,private,S0,60,0,460,369,0.989,0.042,255,47,0.131,0.724,dos_syn_flood
6.4642426480747766,tcp,https,SF,395,502,3,6,0.997,0.197,77,44,0.793,0.079,normal
9.189601626563055,tcp,http,SF,1621,608,3,4,0.994,0.081,67,94,0.701,0.071,normal
0.16586004420013722,tcp,http,SF,73,13602,5,4,0.95,0.229,20,94,0.881,0.044,normal
0.0,tcp,http,S0,0,0,163,358,0.979,0.015,255,36,0.187,0.867,dos_syn_flood
0.0,tcp,http,S0,0,0,290,331,0.972,0.025,255,20,0.098,0.858,dos_syn_flood
1.2664280799175918,tcp,https,SF,130,6048,5,5,0.767,0.173,52,34,0.957,0.166,normal
0.0,tcp,other,S0,44,0,232,510,0.995,0.011,255,22,0.09,0.887,dos_syn_flood
0.01,tcp,private,REJ,40,0,73,1,0.089,0.938,255,4,0.076,0.855,port_scan
0.5145095797415244,tcp,http,SF,1182,7703,4,7,0.903,0.009,21,84,0.946,0.154,normal
0.32748479302923683,udp,dns,SF,988,6667,6,5,0.992,0.234,81,74,0.826,0.197,normal
7.758583424668265,tcp,http,SF,112,2546,3,3,0.878,0.072,51,36,0.638,0.109,normal
1.857675254377541,tcp,http,SF,1781,4902,4,2,0.836,0.052,10,50,0.961,0.013,normal
0.17365234164229262,udp,dns,SF,484,636,8,4,0.928,0.175,52,44,0.804,0.012,normal
0.0,tcp,http,S0,0,0,458,331,0.981,0.002,255,36,0.166,0.611,dos_syn_flood
0.2911568130657959,udp,dns,SF,493,2702,1,10,0.766,0.193,59,35,0.909,0.13,normal
4.321687938524844,tcp,ftp,SF,645,6165,5,2,0.741,0.289,60,12,0.986,0.086,normal
0.0,tcp,http,S0,44,0,443,507,0.957,0.012,255,20,0.198,0.705,dos_syn_flood
1.13,tcp,ssh,SF,349,184,56,76,0.906,0.078,163,46,0.886,0.062,ssh_bruteforce
5.156027013848585,tcp,http,SF,730,575,10,4,0.951,0.095,54,28,0.949,0.124,normal
0.0,tcp,http,S0,0,0,274,206,0.998,0.003,255,26,0.152,0.86,dos_syn_flood
2.149753615187895,tcp,http,SF,141,702,4,6,0.944,0.195,68,25,0.967,0.177,normal
3.599226217133396,tcp,http,SF,368,2070,6,5,0.777,0.178,43,57,0.645,0.166,normal
0.066,tcp,telnet,REJ,20,0,71,3,0.071,0.864,255,4,0.034,0.808,port_scan
0.41744733660628863,tcp,https,SF,1771,1619,5,5,0.855,0.279,95,74,0.971,0.139,normal
0.8727315663659416,icmp,other,SF,175,9461,3,5,0.886,0.242,32,28,0.901,0.069,normal
0.0,tcp,other,S0,0,0,323,378,0.995,0.03,255,20,0.14,0.742,dos_syn_flood
0.989754614629485,tcp,http,SF,1511,7347,4,4,0.866,0.14,3,76,0.934,0.083,normal
1.51043556893507,udp,dns,SF,160,5544,4,4,0.705,0.281,64,54,0.873,0.047,normal
1.87,tcp,ssh,SF,308,220,83,77,0.983,0.054,242,41,0.94,0.137,ssh_bruteforce
0.0,tcp,http,S0,60,0,370,207,0.958,0.018,255,41,0.069,0.835,dos_syn_flood
0.3614901159108398,tcp,ssh,SF,7719,1073,6,3,0.912,0.205,3,24,0.674,0.07,normal
0.8593151953877186,tcp,ftp,SF,2631,1560,3,3,0.8,0.282,69,55,0.995,0.097,normal
4.387453603675504,tcp,ssh,SF,1775,4062,5,6,0.726,0.209,30,14,0.684,0.18,normal
3.8023115304114334,tcp,http,SF,1089,419,7,2,0.935,0.204,29,53,0.96,0.067,normal
5.5609145450959065,udp,dns,SF,997,2860,5,2,0.824,0.188,87,93,0.855,0.081,normal
0.0,tcp,http,S0,60,0,400,389,0.996,0.047,255,25,0.145,0.791,dos_syn_flood
0.0,tcp,private,S0,0,0,296,485,0.978,0.032,255,47,0.059,0.827,dos_syn_flood
0.1425443381264747,icmp,other,SF,1703,9546,9,1,0.717,0.095,80,76,0.988,0.063,normal
0.11643018906860955,tcp,http,S0,754,4317,6,7,0.99,0.183,32,41,0.899,0.19,normal
1.48,tcp,ssh,SF,375,248,88,74,0.934,0.067,210,78,0.947,0.136,ssh_bruteforce
2.74,tcp,ssh,REJ,367,220,36,29,0.91,0.081,134,68,0.884,0.083,ssh_bruteforce
1.6253654146062675,tcp,http,SF,745,50844,6,3,0.869,0.096,35,16,0.639,0.183,normal
0.9400750814538497,tcp,http,SF,3436,34,6,5,0.786,0.025,58,9,0.996,0.176,normal
0.0,tcp,other,S0,44,0,255,364,0.971,0.017,255,43,0.164,0.643,dos_syn_flood
2.6212232728515374,tcp,https,SF,208,4500,5,5,0.806,0.299,10,28,0.699,0.037,normal
1.3583720699750825,udp,dns,SF,480,109,1,2,0.955,0.071,3,92,0.982,0.192,normal
3.0211943606564837,tcp,smtp,SF,97,4812,4,4,0.82,0.039,69,1,0.842,0.038,normal
5.972127223448465,udp,dns,SF,134,602,4,2,0.997,0.076,10,38,0.779,0.037,normal
2.42,tcp,ftp,SF,316,209,84,53,0.955,0.015,107,59,0.776,0.078,ssh_bruteforce
0.191,tcp,private,REJ,40,0,154,4,0.138,0.977,255,4,0.026,0.933,port_scan
0.0,tcp,http,S0,44,0,356,218,0.962,0.006,255,27,0.091,0.753,dos_syn_flood
0.12785545210191854,tcp,http,SF,801,8055,5,2,0.893,0.046,40,66,0.948,0.122,normal
0.9087056726936298,tcp,http,SF,577,18303,4,4,0.76,0.135,44,15,0.963,0.108,normal
0.68,tcp,ssh,SF,401,209,77,44,0.914,0.049,178,35,0.798,0.104,ssh_bruteforce
0.0,tcp,http,S0,44,0,430,405,0.985,0.005,255,34,0.066,0.67,dos_syn_flood
5.476733599757421,tcp,http,SF,2126,1055,6,5,0.995,0.271,19,76,0.659,0.174,normal
2.7,tcp,ftp,REJ,364,243,76,39,0.973,0.03,253,31,0.707,0.122,ssh_bruteforce
3.933194917805503,tcp,https,REJ,118,13954,1,7,0.984,0.023,50,77,0.781,0.152,normal
0.5669560209382913,tcp,https,SF,896,4909,7,6,0.978,0.101,56,44,0.772,0.192,normal
0.85,tcp,ssh,SF,385,181,76,75,0.944,0.015,163,79,0.82,0.104,ssh_bruteforce
3.1547525210402134,tcp,http,SF,682,2038,7,9,0.734,0.093,53,98,0.76,0.05,normal
2.5749231852913192,tcp,ssh,SF,902,3136,2,4,0.95,0.162,16,45,0.924,0.042,normal
0.11,tcp,private,S0,20,0,84,1,0.074,0.915,255,14,0.075,0.946,port_scan
0.0,tcp,private,S0,44,0,474,409,0.951,0.024,255,11,0.173,0.709,dos_syn_flood
0.192,tcp,private,S0,0,0,92,2,0.05,0.981,255,11,0.016,0.706,port_scan
0.3952402004410235,tcp,https,SF,485,10773,3,7,0.805,0.265,17,48,0.88,0.179,normal
2.82,tcp,ssh,REJ,394,231,30,59,0.91,0.089,154,67,0.78,0.131,ssh_bruteforce
0.0,tcp,other,RSTOS0,0,0,502,190,0.988,0.044,255,32,0.199,0.615,dos_syn_flood
1.120651250424095,tcp,http,SF,3436,994,6,4,0.776,0.267,61,95,0.828,0.1,normal
0.0,tcp,http,S0,0,0,338,225,0.993,0.018,255,14,0.121,0.778,dos_syn_flood
8.084925519661555,tcp,https,SF,141,11745,7,4,0.919,0.216,30,77,0.915,0.112,normal
0.068,tcp,private,REJ,64,0,168,3,0.098,0.925,255,10,0.02,0.736,port_scan
1.5626540262495479,tcp,http,SF,134,570,4,7,0.915,0.02,14,76,0.652,0.116,normal
0.0,tcp,http,S0,44,0,297,206,0.983,0.035,255,28,0.065,0.891,dos_syn_flood
0.9109811975849025,tcp,http,SF,526,4908,8,1,0.843,0.058,84,41,0.992,0.093,normal
2.581389083909272,udp,dns,SF,330,1915,9,4,0.832,0.184,22,30,0.971,0.135,normal
1.54,tcp,ftp,REJ,308,229,41,58,0.932,0.051,184,74,0.919,0.101,ssh_bruteforce
5.670315067192889,tcp,ssh,SF,395,47,8,3,0.981,0.004,71,16,0.913,0.038,normal
0.62,tcp,ftp,REJ,289,230,56,49,0.909,0.023,232,59,0.922,0.121,ssh_bruteforce
4.3500094985135105,udp,dns,SF,601,1497,7,3,0.897,0.073,68,24,0.916,0.027,normal
0.0,tcp,http,S0,60,0,257,461,0.977,0.002,255,47,0.19,0.673,dos_syn_flood
0.0,tcp,private,S0,0,0,173,374,0.957,0.019,255,17,0.094,0.781,dos_syn_flood
2.27,tcp,ssh,SF,374,222,52,57,0.971,0.062,146,57,0.862,0.077,ssh_bruteforce
0.0,tcp,http,S0,0,0,338,167,0.996,0.035,255,40,0.146,0.823,dos_syn_flood
4.865798416953514,tcp,ssh,SF,24,2499,3,2,0.867,0.251,91,59,0.874,0.137,normal
0.03,icmp,eco_i,S0,20,0,187,1,0.017,0.892,255,10,0.046,0.75,port_scan
3.1707929132071055,tcp,https,SF,54,29068,10,1,0.949,0.018,35,22,0.918,0.0,normal
2.3285986918430077,udp,dns,SF,313,2097,4,4,0.732,0.148,32,3,0.663,0.097,normal
8.336890101468134,udp,dns,SF,229,661,6,4,0.839,0.119,59,51,0.74,0.141,normal
1.9957051151644143,tcp,https,SF,107,1424,7,4,0.955,0.116,37,75,0.637,0.103,normal
0.6495690082830125,icmp,other,SF,428,1320,3,5,0.966,0.042,96,68,0.91,0.126,normal
3.6483028890577347,tcp,http,SF,2717,1854,8,3,0.738,0.004,37,31,0.744,0.021,normal
0.07,tcp,private,REJ,0,0,124,2,0.014,0.971,255,1,0.017,0.756,port_scan
0.9861331935283691,udp,dns,SF,1191,545,5,2,0.811,0.065,17,12,0.905,0.066,normal
2.18390143772453,tcp,http,SF,237,2056,6,1,0.799,0.02,21,59,0.8,0.035,normal
11.146404112546946,tcp,ftp,SF,1942,28125,6,8,0.946,0.012,97,75,0.997,0.059,normal
3.503358281012292,udp,dns,SF,305,335,7,3,0.867,0.257,40,23,0.971,0.073,normal
2.0974317675119,tcp,https,SF,140,27961,5,3,0.834,0.065,89,98,0.659,0.033,normal
2.2387663370014765,udp,dns,SF,187,7709,8,5,0.79,0.187,43,59,0.647,0.074,normal
5.616683943079648,tcp,ssh,SF,5767,2835,4,4,0.98,0.089,60,6,0.751,0.03,normal
0.04,tcp,eco_i,REJ,20,0,140,2,0.045,0.928,255,7,0.024,0.714,port_scan
1.45,tcp,ssh,SF,358,284,47,44,0.953,0.066,190,58,0.704,0.149,ssh_bruteforce
1.7674208381080223,tcp,http,SF,62,597,10,3,0.924,0.15,58,41,0.674,0.134,normal
0.0,tcp,http,S0,60,0,306,445,0.994,0.048,255,39,0.091,0.676,dos_syn_flood
1.4104055507506008,tcp,https,SF,389,1827,9,3,0.806,0.257,69,4,0.601,0.056,normal
0.186,icmp,eco_i,RSTR,40,0,112,4,0.073,0.945,255,1,0.015,0.802,port_scan
0.132,tcp,private,REJ,64,0,180,2,0.033,0.864,255,12,0.049,0.842,port_scan
0.0,tcp,http,S0,44,0,277,173,0.975,0.048,255,41,0.079,0.668,dos_syn_flood
5.890622026802714,tcp,https,SF,2947,87,5,6,0.815,0.274,21,12,0.831,0.072,normal
0.062,tcp,private,REJ,64,0,138,1,0.112,0.914,255,14,0.04,0.756,port_scan
2.72,tcp,ssh,REJ,354,247,85,46,0.966,0.073,192,40,0.934,0.1,ssh_bruteforce
0.0,tcp,other,S0,44,0,271,439,0.976,0.039,255,34,0.127,0.853,dos_syn_flood
0.178,tcp,eco_i,S0,64,0,71,4,0.147,0.884,255,4,0.029,0.94,port_scan
0.133,tcp,private,REJ,64,0,199,3,0.071,0.964,255,10,0.067,0.985,port_scan
0.0,tcp,other,S0,44,0,264,280,0.956,0.045,255,19,0.111,0.839,dos_syn_flood
0.0,tcp,http,S0,60,0,424,173,0.991,0.029,255,40,0.197,0.689,dos_syn_flood
0.157,tcp,telnet,REJ,20,0,96,2,0.12,0.896,255,1,0.066,0.843,port_scan
0.0,tcp,http,S0,0,0,242,275,0.965,0.023,255,15,0.055,0.744,dos_syn_flood
0.38528035701128815,tcp,ssh,SF,234,3866,5,3,0.751,0.097,1,50,0.972,0.126,normal
0.29571849893656055,udp,dns,SF,168,2689,5,4,0.949,0.283,73,3,0.782,0.1,normal
0.7115664334325943,udp,dns,SF,1182,5485,1,4,0.943,0.077,60,55,0.809,0.143,normal
0.28216256187515204,tcp,http,SF,6996,3696,7,4,0.897,0.216,10,27,0.987,0.092,normal
0.6193731953240926,tcp,ssh,SF,2996,5842,7,11,0.855,0.239,73,22,0.61,0.144,normal
1.5786246182069898,udp,dns,SF,279,319,3,5,0.784,0.205,51,25,0.606,0.134,normal
0.89,tcp,ftp,REJ,386,192,30,75,0.935,0.014,107,57,0.771,0.055,ssh_bruteforce
3.6233039859853995,udp,dns,SF,134,506,4,6,0.944,0.26,91,85,0.94,0.176,normal
0.875562129618544,udp,dns,SF,378,2257,4,5,0.727,0.065,50,35,0.712,0.029,normal
0.0,tcp,http,S0,0,0,416,200,0.952,0.006,255,25,0.116,0.809,dos_syn_flood
0.5,tcp,ssh,REJ,339,286,78,46,0.909,0.001,250,32,0.914,0.094,ssh_bruteforce
0.0,tcp,http,S0,44,0,454,445,0.993,0.015,255,42,0.079,0.656,dos_syn_flood
1.5642107532732454,tcp,ssh,SF,289,1025,5,4,0.88,0.207,17,89,0.659,0.165,normal
0.188,tcp,eco_i,REJ,20,0,183,2,0.117,0.888,255,9,0.059,0.747,port_scan
0.0,tcp,http,S0,44,0,170,199,0.983,0.023,255,22,0.189,0.87,dos_syn_flood
2.18,tcp,ssh,REJ,395,194,37,70,0.973,0.053,232,62,0.705,0.125,ssh_bruteforce
0.6748396053124084,udp,dns,SF,521,1481,1,8,0.943,0.105,81,41,0.965,0.147,normal
0.0,tcp,http,S0,44,0,309,511,0.955,0.001,255,48,0.127,0.715,dos_syn_flood
2.1056858803173113,tcp,http,SF,2485,1674,2,9,0.828,0.001,10,91,0.947,0.086,normal
9.053536919129565,tcp,https,SF,795,4882,6,5,0.783,0.14,78,89,0.736,0.021,normal
0.01631831147048723,udp,dns,SF,1082,948,9,1,0.901,0.064,58,31,0.688,0.002,normal
2.482726702866809,tcp,ssh,SF,592,22792,2,1,0.709,0.22,65,60,0.747,0.165,normal
0.025008735592034242,tcp,http,SF,31,396,2,3,0.99,0.102,93,56,0.701,0.094,normal
0.0,tcp,http,S0,0,0,173,230,0.965,0.001,255,24,0.19,0.713,dos_syn_flood
0.0,tcp,http,RSTOS0,0,0,385,407,0.966,0.019,255,11,0.174,0.603,dos_syn_flood
0.653586211968693,tcp,ssh,SF,1115,2604,8,5,0.761,0.027,8,79,0.781,0.106,normal
0.7030877286959918,udp,dns,SF,2315,5148,3,1,0.788,0.107,67,33,0.804,0.046,normal
0.0,tcp,http,RSTOS0,60,0,509,347,0.979,0.04,255,41,0.193,0.71,dos_syn_flood
0.15250038698950988,tcp,https,SF,736,2206,7,3,0.933,0.157,20,70,0.72,0.103,normal
0.0,tcp,private,RSTOS0,60,0,314,211,0.988,0.022,255,20,0.063,0.601,dos_syn_flood
1.3,tcp,ssh,SF,354,213,77,38,0.906,0.033,231,69,0.796,0.087,ssh_bruteforce
1.8051381249917584,tcp,http,SF,1216,3552,6,6,0.706,0.235,60,18,0.656,0.115,normal
0.14605738887620628,tcp,ssh,SF,2330,50,8,2,0.715,0.006,62,72,0.701,0.09,normal
0.0,tcp,http,S0,60,0,449,339,0.978,0.025,255,22,0.13,0.736,dos_syn_flood
1.9752721277547791,tcp,ssh,SF,314,1103,8,1,0.86,0.227,57,83,0.851,0.011,normal
1.6531197065729417,tcp,http,SF,1743,3540,5,6,0.909,0.212,42,74,0.688,0.183,normal
0.9879805450561923,udp,dns,SF,132,72,6,7,0.781,0.259,10,57,0.914,0.171,normal
0.5781165505009644,tcp,https,SF,31,3279,1,2,0.829,0.092,4,49,0.676,0.031,normal
3.517606486342622,udp,dns,SF,2815,2909,5,4,0.917,0.012,86,19,0.807,0.116,normal
0.0,tcp,http,S0,60,0,380,286,0.973,0.01,255,20,0.072,0.655,dos_syn_flood
0.0,tcp,http,S0,44,0,289,280,0.982,0.017,255,44,0.107,0.78,dos_syn_flood
0.0734942629966705,tcp,https,SF,2721,7215,7,3,0.955,0.3,30,18,0.755,0.031,normal
1.2606944804268885,tcp,https,SF,2796,11605,3,6,0.896,0.085,45,71,0.805,0.084,normal
8.849774679142962,udp,dns,SF,354,5663,2,1,0.916,0.128,61,19,0.905,0.166,normal
2.48,tcp,ftp,REJ,320,210,89,57,0.975,0.061,168,61,0.74,0.106,ssh_bruteforce
0.0,tcp,http,S0,60,0,174,503,0.979,0.021,255,30,0.078,0.61,dos_syn_flood
0.0,tcp,http,S0,44,0,201,394,0.977,0.016,255,45,0.096,0.691,dos_syn_flood
0.0,tcp,private,S0,60,0,298,348,0.97,0.044,255,23,0.083,0.61,dos_syn_flood
1.9727671669066256,tcp,https,SF,298,1290,4,2,0.853,0.073,56,1,0.676,0.092,normal
2.34,tcp,ssh,SF,411,160,60,59,0.993,0.086,106,32,0.902,0.041,ssh_bruteforce
2.347613613687191,tcp,http,SF,254,855,5,5,0.982,0.202,53,90,0.784,0.178,normal
0.166,icmp,telnet,RSTR,20,0,59,1,0.084,0.88,255,9,0.079,0.755,port_scan
2.354096622403845,udp,dns,SF,4037,188,3,0,0.848,0.131,77,22,0.873,0.073,normal
3.47927855730765,udp,dns,SF,1539,1773,5,4,0.786,0.089,49,71,0.746,0.088,normal
1.2562529015356847,tcp,http,SF,993,1014,2,3,0.976,0.126,18,80,0.903,0.038,normal
0.0,tcp,http,S0,44,0,342,468,0.971,0.004,255,23,0.156,0.817,dos_syn_flood
1.4453223082426037,tcp,http,SF,263,891,5,7,0.897,0.14,84,61,0.752,0.186,normal
4.015173571112367,tcp,http,SF,236,4809,2,3,0.806,0.15,87,75,0.69,0.093,normal
0.003,tcp,private,REJ,64,0,99,4,0.134,0.951,255,8,0.022,0.852,port_scan
0.047,tcp,eco_i,REJ,20,0,133,4,0.072,0.862,255,7,0.071,0.736,port_scan
0.11159658722043318,udp,dns,SF,685,281,12,5,0.916,0.25,30,36,0.783,0.173,normal
0.4389990360325235,tcp,http,SF,482,252,4,4,0.703,0.217,40,18,0.651,0.074,normal
0.0,tcp,http,S0,60,0,252,421,0.983,0.026,255,42,0.093,0.748,dos_syn_flood
1.965934959377014,udp,dns,SF,293,1376,3,3,0.767,0.085,15,64,0.854,0.023,normal
0.169,tcp,private,REJ,20,0,111,3,0.107,0.886,255,5,0.064,0.968,port_scan
5.142462020075809,udp,dns,SF,480,2414,2,7,0.871,0.103,43,80,0.629,0.153,normal
1.479196025267357,udp,dns,SF,3419,2302,5,8,0.806,0.169,21,63,0.707,0.022,normal
2.797822573675405,tcp,http,SF,725,1989,3,3,0.759,0.233,16,30,0.986,0.019,normal
8.093703519104897,udp,dns,SF,447,422,7,3,0.743,0.014,36,45,0.799,0.092,normal
1.1899213291756883,udp,dns,SF,855,15648,4,6,0.701,0.27,91,14,0.761,0.083,normal
5.7521001393195705,udp,dns,SF,1159,1558,5,7,0.806,0.023,62,42,0.825,0.012,normal
0.8647440847211342,udp,dns,SF,982,3543,7,6,0.77,0.172,96,88,0.611,0.126,normal
0.0,tcp,http,S0,0,0,499,490,0.973,0.009,255,14,0.125,0.88,dos_syn_flood
1.4205729606988,udp,dns,SF,182,643,3,4,0.765,0.199,49,9,0.602,0.161,normal
2.5835047773841726,tcp,http,SF,520,5322,6,1,0.953,0.003,34,70,0.686,0.156,normal
0.0,tcp,http,S0,44,0,416,371,0.991,0.015,255,28,0.17,0.721,dos_syn_flood
2.6603872605221754,icmp,other,SF,205,543,4,6,0.917,0.212,33,43,0.663,0.015,normal
1.7306804644001053,udp,dns,SF,210,5258,5,3,0.996,0.017,36,87,0.695,0.092,normal
1.264477722553039,tcp,http,SF,4637,924,9,4,0.969,0.173,4,50,0.713,0.174,normal
0.6,tcp,ssh,SF,265,235,75,69,0.961,0.044,117,65,0.908,0.115,ssh_bruteforce
0.286436242584375,udp,dns,SF,410,764,5,3,0.954,0.294,2,1,0.656,0.027,normal
0.0,tcp,other,S0,0,0,458,352,0.998,0.032,255,17,0.096,0.858,dos_syn_flood
3.067400083909939,tcp,ssh,SF,6774,2743,3,6,0.92,0.249,17,36,0.807,0.083,normal
0.05594031181651751,tcp,https,SF,2088,270,6,6,0.747,0.165,68,5,0.668,0.127,normal
5.078930370641155,tcp,http,SF,1746,1164,5,3,0.76,0.158,44,59,0.776,0.154,normal
0.02324250934236617,udp,dns,SF,717,2598,2,2,0.895,0.166,52,66,0.811,0.158,normal
7.419483308423053,tcp,http,SF,273,255,8,2,0.737,0.069,26,29,0.856,0.045,normal
1.0776747944605234,tcp,ssh,SF,868,974,7,6,0.783,0.28,93,77,0.831,0.13,normal
1.7840613740462186,tcp,http,SF,728,966,4,0,0.802,0.076,82,52,0.975,0.164,normal
2.76,tcp,ssh,REJ,344,222,59,72,0.963,0.032,102,66,0.716,0.071,ssh_bruteforce
2.9517856007795356,tcp,https,SF,594,3288,7,6,0.733,0.245,64,99,0.907,0.163,normal
0.0,tcp,private,S0,44,0,351,377,0.977,0.042,255,31,0.06,0.745,dos_syn_flood
2.11,tcp,ssh,SF,336,267,74,69,0.909,0.091,223,61,0.927,0.068,ssh_bruteforce
1.4093859144231886,tcp,http,SF,1938,129,10,4,0.781,0.089,69,1,0.754,0.036,normal
0.39403093604513795,tcp,http,SF,2843,212,4,4,0.871,0.277,78,71,0.747,0.025,normal
1.8365260604650944,tcp,http,SF,763,18525,6,4,0.704,0.105,98,82,0.757,0.087,normal
2.29,tcp,ssh,REJ,344,172,78,69,0.966,0.097,157,59,0.784,0.131,ssh_bruteforce
0.007,icmp,private,REJ,0,0,69,3,0.036,0.864,255,10,0.057,0.735,port_scan
0.186,tcp,eco_i,REJ,40,0,136,2,0.083,0.872,255,13,0.047,0.844,port_scan
4.711929501276452,tcp,http,SF,3064,1644,4,3,0.872,0.171,54,46,0.81,0.027,normal
0.13701124098243822,tcp,http,SF,428,853,6,9,0.741,0.146,42,56,0.945,0.041,normal
2.15,tcp,ssh,REJ,323,214,77,67,0.993,0.053,157,79,0.863,0.029,ssh_bruteforce
0.40587065599468347,tcp,http,SF,674,4984,8,3,0.97,0.086,69,5,0.968,0.161,normal
3.9126582188180024,tcp,http,SF,439,22,5,3,0.793,0.284,23,45,0.916,0.127,normal
0.0,tcp,http,S0,60,0,160,324,0.987,0.021,255,42,0.145,0.834,dos_syn_flood
0.33340530895071047,tcp,https,SF,5658,14131,1,3,0.912,0.119,79,55,0.76,0.2,normal
0.114,tcp,other,RSTR,64,0,129,2,0.039,0.96,255,4,0.064,0.736,port_scan
1.96,tcp,ssh,SF,432,232,67,68,0.921,0.01,227,67,0.912,0.043,ssh_bruteforce
0.157,tcp,private,S0,64,0,132,2,0.031,0.99,255,7,0.051,0.754,port_scan
0.196,tcp,eco_i,REJ,40,0,135,1,0.052,0.981,255,8,0.02,0.832,port_scan
0.12401543264299361,udp,dns,SF,480,344,4,5,0.818,0.187,25,15,0.607,0.111,normal
0.0,tcp,http,S0,44,0,453,489,0.967,0.009,255,36,0.097,0.607,dos_syn_flood
0.117,tcp,telnet,REJ,40,0,196,1,0.149,0.851,255,14,0.046,0.94,port_scan
0.092,tcp,telnet,REJ,20,0,117,3,0.087,0.973,255,2,0.074,0.718,port_scan
0.5132715583010581,tcp,http,SF,416,13817,2,5,0.782,0.165,86,82,0.874,0.004,normal
3.2064948172293377,tcp,https,SF,197,989,3,6,0.721,0.148,6,97,0.742,0.133,normal
2.83,tcp,ssh,SF,348,272,31,30,0.96,0.093,138,39,0.735,0.037,ssh_bruteforce
0.0,tcp,http,S0,60,0,241,395,0.973,0.009,255,29,0.11,0.853,dos_syn_flood
1.9127164681945419,tcp,http,SF,283,104,5,3,0.9,0.283,89,5,0.866,0.101,normal
0.0,tcp,http,S0,60,0,392,246,0.992,0.031,255,42,0.183,0.881,dos_syn_flood
2.85,tcp,ssh,SF,332,227,54,31,0.942,0.011,106,52,0.837,0.121,ssh_bruteforce
1.3167738314500372,udp,dns,SF,1217,2214,4,4,0.971,0.05,43,73,0.85,0.176,normal
0.0,tcp,http,S0,60,0,394,379,0.982,0.01,255,26,0.154,0.824,dos_syn_flood
1.07639729211253,udp,dns,SF,1622,289,3,3,0.91,0.099,57,31,0.678,0.103,normal
0.0,tcp,private,S0,0,0,290,417,0.966,0.037,255,23,0.187,0.735,dos_syn_flood
1.8033126762154477,tcp,https,SF,518,5055,6,2,0.787,0.022,55,40,0.674,0.076,normal
0.0,tcp,http,S0,0,0,323,261,0.96,0.044,255,24,0.133,0.607,dos_syn_flood
0.0,tcp,http,S0,0,0,305,486,0.968,0.014,255,10,0.176,0.696,dos_syn_flood
2.2222959943550378,udp,dns,SF,186,6829,2,2,0.961,0.192,52,14,0.765,0.089,normal
0.121,tcp,private,REJ,20,0,95,2,0.11,0.908,255,6,0.033,0.893,port_scan
5.003489651016203,tcp,ftp,SF,2028,1498,4,2,0.708,0.016,75,35,0.712,0.029,normal
0.121,tcp,eco_i,RSTR,0,0,183,2,0.135,0.918,255,4,0.045,0.864,port_scan
0.46707120158091087,tcp,https,SF,275,625,3,4,0.934,0.139,70,23,0.977,0.15,normal
0.0,tcp,other,S0,44,0,293,382,0.986,0.041,255,46,0.159,0.794,dos_syn_flood
0.5889106404757088,tcp,https,SF,1497,756,6,5,0.806,0.229,18,36,0.837,0.14,normal
2.9332308953666812,tcp,http,SF,146,6884,3,3,0.829,0.13,90,94,0.682,0.04,normal
0.0,tcp,http,S0,60,0,467,475,0.974,0.013,255,15,0.193,0.777,dos_syn_flood
0.0,tcp,http,S0,0,0,392,352,0.973,0.047,255,20,0.059,0.75,dos_syn_flood
4.6789564518612785,tcp,http,SF,82,10702,6,6,0.823,0.216,8,62,0.961,0.01,normal
5.790752920438564,udp,dns,SF,112,9860,10,7,0.71,0.139,51,52,0.72,0.093,normal
0.0,tcp,http,S0,0,0,205,414,0.989,0.023,255,41,0.12,0.67,dos_syn_flood
0.0,tcp,http,S0,44,0,494,352,0.98,0.001,255,13,0.16,0.768,dos_syn_flood
0.0,tcp,http,S0,60,0,374,207,0.956,0.047,255,40,0.077,0.704,dos_syn_flood
0.0,tcp,other,S0,60,0,472,445,0.95,0.049,255,49,0.195,0.673,dos_syn_flood
0.0,tcp,other,S0,60,0,166,377,0.997,0.037,255,38,0.193,0.849,dos_syn_flood
1.430008928153479,udp,dns,SF,3497,651,7,6,0.734,0.297,40,8,0.99,0.037,normal
0.0,tcp,other,S0,0,0,366,437,0.983,0.045,255,18,0.174,0.685,dos_syn_flood
0.179,tcp,eco_i,REJ,40,0,83,1,0.084,0.885,255,6,0.053,0.833,port_scan
0.26841654675947946,udp,dns,SF,106,1898,1,5,0.874,0.155,26,19,0.658,0.086,normal
0.0,tcp,http,S0,44,0,267,311,0.957,0.04,255,17,0.068,0.84,dos_syn_flood
0.062243229500852496,tcp,ssh,SF,732,990,6,3,0.816,0.105,98,35,0.72,0.122,normal
0.0,tcp,http,RSTOS0,44,0,485,331,0.99,0.001,255,26,0.083,0.819,dos_syn_flood
0.35835412736256034,udp,dns,SF,1012,4730,6,6,0.801,0.222,72,62,0.987,0.11,normal
2.9599281716315295,tcp,smtp,SF,446,8076,6,7,0.888,0.141,83,7,0.996,0.176,normal
0.16192209584005224,tcp,http,SF,724,4900,2,1,0.862,0.025,24,38,0.764,0.063,normal
1.6064352033606368,tcp,https,SF,1580,2655,5,6,0.826,0.146,47,35,0.639,0.104,normal
0.0,tcp,http,S0,44,0,284,250,0.957,0.031,255,37,0.113,0.605,dos_syn_flood
1.93,tcp,ftp,SF,394,236,30,27,0.981,0.007,221,47,0.816,0.051,ssh_bruteforce
1.9974177311683785,icmp,other,SF,457,500,2,2,0.777,0.166,15,8,0.846,0.134,normal
2.15,tcp,ssh,REJ,325,217,44,40,0.989,0.058,208,65,0.877,0.046,ssh_bruteforce
2.9750075351418577,tcp,https,SF,285,431,8,3,0.724,0.077,91,65,0.809,0.197,normal
0.7438780597857136,tcp,http,SF,612,1887,8,6,0.948,0.068,72,71,0.922,0.071,normal
5.397909932371155,tcp,http,SF,255,2175,5,2,0.773,0.226,98,51,0.997,0.18,normal
2.921058569989954,tcp,http,SF,120,2006,3,5,0.843,0.193,7,87,0.849,0.156,normal
0.8087199538220647,udp,dns,SF,4084,318,3,2,0.72,0.227,28,39,0.651,0.093,normal
0.0,tcp,http,S0,44,0,173,211,0.995,0.045,255,17,0.158,0.693,dos_syn_flood
0.144,icmp,private,REJ,0,0,82,1,0.133,0.979,255,13,0.08,0.939,port_scan
1.89,tcp,ftp,SF,375,215,82,56,0.915,0.079,100,29,0.72,0.041,ssh_bruteforce
0.0,tcp,private,S0,44,0,449,167,0.96,0.047,255,29,0.069,0.791,dos_syn_flood
0.177,tcp,telnet,REJ,40,0,161,1,0.085,0.883,255,3,0.043,0.866,port_scan
9.633055290384283,tcp,http,SF,354,193,2,7,0.953,0.086,70,69,0.829,0.044,normal
0.5503520241903469,tcp,http,SF,93,2961,6,4,0.755,0.182,46,52,0.678,0.049,normal
0.16272105594469743,tcp,smtp,SF,207,2671,7,2,0.964,0.03,79,7,0.894,0.173,normal
1.14,tcp,ssh,SF,295,209,39,45,0.967,0.078,137,26,0.701,0.066,ssh_bruteforce
16.174801748224606,tcp,ssh,SF,311,595,7,3,0.815,0.291,82,61,0.679,0.174,normal
4.06904971113402,tcp,http,SF,1243,1823,7,0,0.868,0.158,25,20,0.956,0.016,normal
0.0,tcp,http,S0,44,0,381,194,0.974,0.043,255,14,0.078,0.793,dos_syn_flood
4.8376499834918585,tcp,ftp,SF,127,2387,6,6,0.779,0.244,14,35,0.932,0.066,normal
5.380368644079937,tcp,https,SF,563,11024,6,5,0.87,0.027,47,32,0.646,0.138,normal
0.061,tcp,other,REJ,0,0,120,4,0.089,0.974,255,6,0.052,0.982,port_scan
0.072,tcp,eco_i,REJ,64,0,177,3,0.056,0.89,255,10,0.042,0.893,port_scan
0.0,tcp,http,S0,44,0,474,163,0.975,0.039,255,30,0.19,0.798,dos_syn_flood
4.656789350828742,udp,dns,SF,922,5861,6,6,0.786,0.287,2,72,0.968,0.197,normal
1.602120275270954,tcp,http,SF,1350,75,2,1,0.755,0.136,36,36,0.762,0.125,normal
0.47896025983211293,tcp,ftp,SF,331,3503,8,2,0.818,0.123,18,46,0.711,0.168,normal
0.9317348963610317,tcp,http,SF,501,7367,4,5,0.81,0.047,76,50,0.82,0.142,normal
0.9339318378386268,udp,dns,SF,2602,249,4,3,0.729,0.126,63,95,0.879,0.156,normal
0.28892139355880725,tcp,https,SF,155,2131,6,3,0.87,0.167,28,37,0.846,0.105,normal
0.21286799467392067,tcp,http,SF,5051,2177,5,4,0.908,0.28,78,60,0.677,0.146,normal
0.25660025426819993,udp,dns,SF,84,2364,6,4,0.907,0.178,45,78,0.644,0.13,normal
0.0,tcp,http,S0,0,0,272,327,0.974,0.042,255,47,0.145,0.608,dos_syn_flood
1.1340091403363266,udp,dns,SF,1113,2421,2,5,0.954,0.08,7,95,0.981,0.09,normal
7.473325275070902,tcp,http,SF,457,281,4,3,0.914,0.05,79,79,0.759,0.102,normal
3.492536849609764,udp,dns,SF,1038,6717,3,2,0.88,0.044,55,33,0.66,0.097,normal
3.6268669429946403,tcp,http,SF,2327,1760,7,7,0.722,0.293,7,50,0.735,0.162,normal
1.7200839608834237,tcp,https,SF,1786,4155,5,7,0.754,0.121,15,48,0.988,0.17,normal
3.259268163221436,tcp,http,SF,552,163,6,3,0.768,0.246,27,44,0.808,0.118,normal
2.6504240645381176,icmp,other,SF,743,11664,5,6,0.968,0.143,16,28,0.716,0.138,normal
2.064404325686264,udp,dns,SF,122,352,7,6,0.734,0.1,81,95,0.784,0.117,normal
0.6268203105196863,tcp,https,SF,236,844,3,8,0.965,0.134,41,63,0.74,0.046,normal
2.098020333293472,tcp,http,SF,155,10329,6,7,0.808,0.21,97,50,0.966,0.118,normal
0.66,tcp,ssh,SF,344,252,41,64,0.939,0.041,135,69,0.746,0.093,ssh_bruteforce
5.020739464557432,tcp,ssh,SF,405,23689,6,8,0.993,0.255,21,35,0.888,0.098,normal
0.0,tcp,private,S0,60,0,161,421,0.977,0.021,255,29,0.165,0.771,dos_syn_flood
0.166,tcp,eco_i,RSTR,20,0,125,1,0.089,0.88,255,14,0.044,0.725,port_scan
0.5218566899197209,tcp,http,SF,1959,368,7,3,0.771,0.221,28,78,0.837,0.128,normal
0.0,tcp,http,S0,44,0,377,384,0.995,0.044,255,26,0.127,0.885,dos_syn_flood
5.003770630441878,udp,dns,SF,33,960,4,5,0.814,0.267,76,73,0.853,0.129,normal
0.05,tcp,private,REJ,64,0,189,1,0.12,0.999,255,2,0.029,0.951,port_scan
0.0,tcp,http,S0,44,0,160,356,0.978,0.028,255,37,0.052,0.627,dos_syn_flood
3.3337973755127583,udp,dns,SF,6171,5656,5,5,0.841,0.056,78,52,0.943,0.061,normal
1.712465773809285,tcp,ssh,SF,49,350,5,3,0.796,0.231,14,80,0.635,0.187,normal
1.1583383590197178,icmp,other,SF,558,3780,5,5,0.999,0.041,45,4,0.692,0.048,normal
3.1013644852649462,udp,dns,SF,499,3238,4,2,0.769,0.065,55,16,0.764,0.088,normal
0.5956512109548455,tcp,http,SF,1553,1274,1,2,0.8,0.127,4,19,0.7,0.063,normal
0.0,tcp,http,S0,60,0,375,371,0.992,0.009,255,18,0.052,0.897,dos_syn_flood
0.0,tcp,http,S0,44,0,471,491,0.982,0.043,255,32,0.068,0.703,dos_syn_flood
0.6039314172624332,tcp,https,SF,6730,3874,1,8,0.826,0.086,6,27,0.806,0.034,normal
4.1848229215123025,udp,dns,SF,2001,59,4,5,0.999,0.006,6,40,0.711,0.071,normal
5.709095028460098,udp,dns,SF,1854,2606,3,5,0.831,0.042,20,87,0.757,0.0,normal
1.5393912389172926,udp,dns,SF,229,97,4,2,0.814,0.265,13,71,0.997,0.191,normal
0.7508348856821755,tcp,http,SF,152,2546,1,7,0.724,0.19,36,74,0.905,0.038,normal
2.4546905002641624,udp,dns,SF,221,178,5,3,0.852,0.226,41,19,0.905,0.06,normal
1.04,tcp,ftp,REJ,391,212,32,49,0.94,0.055,254,47,0.797,0.131,ssh_bruteforce
6.709185161701258,tcp,http,SF,1377,164,3,3,0.915,0.0,27,41,0.919,0.174,normal
3.570811704285945,tcp,http,SF,757,337,1,5,0.864,0.136,52,55,0.66,0.025,normal
3.1687771975092485,udp,dns,SF,1318,6605,5,0,0.848,0.255,91,80,0.789,0.125,normal
1.8965074581581107,tcp,ftp,S0,73,2194,3,3,0.872,0.086,32,23,0.667,0.065,normal
0.166,tcp,private,REJ,20,0,97,3,0.016,0.942,255,2,0.068,0.884,port_scan
0.8867937134851457,udp,dns,SF,3525,10007,3,4,0.868,0.274,21,98,0.697,0.178,normal
0.0,tcp,http,S0,44,0,229,503,0.967,0.045,255,38,0.177,0.659,dos_syn_flood
1.1,tcp,ssh,REJ,364,227,50,78,0.988,0.08,191,56,0.84,0.122,ssh_bruteforce
0.16713662857146427,tcp,ssh,SF,1274,19609,4,5,0.906,0.1,95,90,0.963,0.021,normal
0.0,tcp,http,S0,60,0,456,343,0.969,0.044,255,19,0.166,0.647,dos_syn_flood
7.231649606266414,tcp,http,SF,510,1622,7,5,0.731,0.089,10,63,0.787,0.069,normal
2.59,tcp,ssh,SF,498,253,79,41,0.972,0.007,204,48,0.924,0.071,ssh_bruteforce
4.905404096687905,tcp,http,SF,3592,1533,6,4,0.947,0.048,43,25,0.861,0.164,normal
0.0,tcp,private,S0,44,0,294,467,0.953,0.031,255,28,0.124,0.843,dos_syn_flood
2.4038386930504805,tcp,https,SF,509,2002,5,2,0.826,0.153,42,82,0.856,0.172,normal
2.372361557365669,udp,dns,SF,8152,1656,12,4,0.793,0.257,67,77,0.709,0.037,normal
0.075,tcp,telnet,REJ,20,0,135,2,0.048,0.864,255,8,0.069,0.985,port_scan
0.15,icmp,eco_i,REJ,64,0,58,3,0.141,0.952,255,6,0.051,0.786,port_scan
0.054,tcp,eco_i,REJ,20,0,193,1,0.149,0.965,255,2,0.069,0.861,port_scan
0.18929781085751002,tcp,http,SF,943,50,11,3,0.993,0.075,23,62,0.971,0.005,normal
4.7700552790994974,tcp,http,SF,1097,20024,5,6,0.83,0.084,75,69,0.677,0.12,normal
0.0,tcp,private,S0,0,0,428,336,0.973,0.003,255,48,0.162,0.853,dos_syn_flood
0.0,tcp,http,S0,0,0,442,415,0.959,0.021,255,23,0.091,0.71,dos_syn_flood
2.13,tcp,ssh,SF,287,221,69,25,0.99,0.002,115,52,0.769,0.128,ssh_bruteforce
1.694946240387611,tcp,ssh,SF,1196,15175,6,8,0.709,0.125,4,58,0.818,0.002,normal
0.234773959022826,tcp,https,SF,1056,927,4,2,0.968,0.038,72,28,0.85,0.04,normal
2.45,tcp,ssh,REJ,314,244,51,62,0.979,0.085,205,49,0.778,0.041,ssh_bruteforce
0.126,tcp,private,RSTR,64,0,146,1,0.063,0.908,255,3,0.016,0.721,port_scan
0.9857531064906793,tcp,https,SF,838,2972,4,7,0.854,0.128,10,36,0.889,0.188,normal
1.613554615540288,tcp,https,SF,1483,632,3,6,0.71,0.139,74,73,0.805,0.066,normal
1.5407622029776213,tcp,http,SF,1487,77222,3,2,0.793,0.096,93,82,0.862,0.055,normal
1.0676530917954876,tcp,ssh,SF,1505,4509,6,3,0.869,0.067,9,66,0.985,0.037,normal
0.0,tcp,private,S0,44,0,175,297,0.959,0.048,255,19,0.128,0.685,dos_syn_flood
0.43454526908059,tcp,https,SF,258,11638,5,5,0.777,0.025,59,85,0.896,0.086,normal
2.6210439445587514,tcp,https,SF,2294,169,4,4,0.999,0.207,14,28,0.954,0.007,normal
3.9441490307991414,udp,dns,SF,43,2407,4,3,0.868,0.073,13,76,0.712,0.018,normal
5.212344095688463,tcp,https,SF,388,400,5,5,0.874,0.274,20,58,0.603,0.161,normal
0.041,tcp,private,S0,20,0,87,3,0.145,0.939,255,6,0.014,0.847,port_scan
4.199415344263169,tcp,http,SF,595,1686,3,2,0.734,0.248,45,77,0.876,0.163,normal
2.1413887302487637,udp,dns,SF,292,1056,4,5,0.967,0.118,63,93,0.811,0.123,normal
0.0,tcp,private,S0,44,0,209,352,0.958,0.018,255,23,0.124,0.825,dos_syn_flood
0.38092262858838977,tcp,http,SF,1218,7256,4,4,0.9,0.297,87,15,0.783,0.059,normal
2.5629635188099837,udp,dns,SF,1848,3380,4,2,0.764,0.169,25,85,0.863,0.152,normal
1.3668715559203815,udp,dns,SF,5856,79,4,4,0.896,0.031,68,37,0.685,0.057,normal
2.5186121871059326,tcp,smtp,SF,3127,1158,8,7,0.85,0.171,15,61,0.701,0.181,normal
0.08,tcp,eco_i,REJ,20,0,101,1,0.039,0.939,255,7,0.052,0.751,port_scan
0.01,tcp,eco_i,RSTR,20,0,152,2,0.114,0.875,255,12,0.032,0.764,port_scan
1.9999411537949912,udp,dns,SF,1174,613,7,4,0.818,0.142,48,19,0.736,0.174,normal
4.15385166845431,tcp,http,S0,1618,413,5,3,0.906,0.092,74,88,0.769,0.193,normal
0.017,tcp,eco_i,REJ,64,0,175,1,0.012,0.942,255,14,0.073,0.764,port_scan
4.0160529475691975,tcp,http,SF,4246,384,3,5,0.815,0.086,97,94,0.759,0.172,normal
1.1984045074315994,tcp,http,SF,827,1740,0,3,0.93,0.26,73,75,0.648,0.196,normal
0.24429669075544627,tcp,https,SF,432,105,6,5,0.832,0.246,4,79,0.805,0.05,normal
0.7806031056423081,tcp,https,SF,2284,2465,7,3,0.747,0.022,15,98,0.83,0.169,normal
0.9480690126020764,tcp,https,SF,70,286,5,7,0.997,0.147,92,76,0.816,0.177,normal
2.5831094936300625,tcp,http,SF,562,920,6,2,0.947,0.255,16,9,0.863,0.094,normal
1.8515301099786121,udp,dns,SF,1154,7118,3,5,0.81,0.091,51,84,0.933,0.017,normal
0.19368967202827253,udp,dns,SF,1337,6847,4,3,0.793,0.098,99,44,0.855,0.177,normal
0.076,tcp,telnet,REJ,0,0,182,1,0.143,0.908,255,10,0.025,0.846,port_scan
2.459948543430384,tcp,http,SF,110,20507,4,4,0.789,0.058,45,2,0.753,0.031,normal
0.20026069637544092,tcp,https,SF,252,851,11,4,0.853,0.125,37,97,0.648,0.068,normal
3.45896679108347,udp,dns,SF,543,2361,7,4,0.789,0.106,36,34,0.642,0.077,normal
4.3210761546266205,tcp,ssh,SF,2007,5337,4,4,0.729,0.264,44,81,0.742,0.177,normal
1.7501812332039692,tcp,http,SF,206,83134,4,4,0.77,0.067,78,30,0.844,0.073,normal
3.9795243139614205,tcp,http,SF,10,122,4,2,0.773,0.299,70,45,0.841,0.033,normal
0.38738304260461853,tcp,https,SF,376,893,6,4,0.779,0.174,73,72,0.987,0.192,normal
0.6243019292084409,icmp,other,SF,211,1115,6,8,0.837,0.224,20,19,0.83,0.051,normal
1.2891676306942557,tcp,https,SF,1614,1256,5,6,0.939,0.1,64,4,0.831,0.198,normal
0.0,tcp,http,S0,60,0,342,233,0.972,0.04,255,43,0.171,0.703,dos_syn_flood
0.367404002893837,udp,dns,SF,247,52,4,8,0.716,0.006,31,65,0.729,0.14,normal
0.0,tcp,http,S0,44,0,215,321,0.977,0.034,255,21,0.181,0.666,dos_syn_flood
0.0,tcp,http,S0,0,0,412,191,0.96,0.012,255,31,0.155,0.887,dos_syn_flood
1.0693516433256582,tcp,http,SF,997,63521,2,9,0.795,0.117,87,54,0.954,0.102,normal
0.3525226161460041,tcp,ssh,SF,772,996,6,3,0.872,0.052,65,94,0.624,0.033,normal
1.01,tcp,ftp,REJ,233,204,54,75,0.919,0.023,168,49,0.802,0.061,ssh_bruteforce
7.333615545647549,tcp,https,SF,1280,542,4,4,0.991,0.128,65,92,0.733,0.063,normal
1.6150642927243375,udp,dns,SF,382,12577,7,4,0.755,0.261,69,35,0.695,0.17,normal
0.077,tcp,telnet,REJ,40,0,129,1,0.081,0.977,255,2,0.042,0.944,port_scan
7.200588583556343,tcp,ssh,SF,27,491,5,1,0.879,0.264,75,61,0.755,0.059,normal
0.0,tcp,http,S0,44,0,182,450,0.988,0.004,255,24,0.169,0.76,dos_syn_flood
0.0,tcp,http,S0,60,0,499,396,0.96,0.011,255,11,0.163,0.601,dos_syn_flood
0.84,tcp,ssh,SF,348,214,40,52,0.933,0.022,241,32,0.71,0.123,ssh_bruteforce
10.11493739571578,tcp,http,SF,1286,3555,6,2,0.941,0.111,69,23,0.87,0.173,normal
4.162287255204735,tcp,ftp,SF,40,6182,4,0,0.731,0.265,56,12,0.778,0.088,normal
0.0,tcp,http,S0,60,0,475,238,0.99,0.031,255,20,0.111,0.802,dos_syn_flood
1.615069706986534,tcp,smtp,SF,1210,114,7,4,0.807,0.062,78,62,0.84,0.033,normal
4.568949126635189,tcp,http,SF,264,2371,3,7,0.786,0.001,4,89,0.671,0.128,normal
0.66,tcp,ssh,SF,487,206,48,66,0.901,0.043,153,71,0.706,0.107,ssh_bruteforce
2.95570500408267,tcp,http,SF,168,4317,5,3,0.816,0.237,21,5,0.603,0.076,normal
0.168,tcp,other,REJ,20,0,125,2,0.011,0.884,255,7,0.072,0.808,port_scan
1.561260825691579,tcp,http,SF,2332,33,3,4,0.809,0.231,68,4,0.796,0.186,normal
0.159,tcp,private,REJ,40,0,167,1,0.146,0.892,255,1,0.049,0.947,port_scan
0.7882736326093058,tcp,smtp,SF,1568,3255,2,1,0.808,0.132,93,16,0.657,0.093,normal
3.297312556865929,tcp,https,SF,4969,5911,5,4,0.886,0.079,95,6,0.624,0.199,normal
0.194,icmp,eco_i,RSTR,20,0,195,4,0.085,0.931,255,2,0.035,0.718,port_scan
4.133089656847575,tcp,ftp,SF,108,469,3,3,0.834,0.146,58,78,0.64,0.086,normal
2.2111427762609113,tcp,http,SF,1142,374,8,4,0.924,0.215,43,21,0.678,0.002,normal
0.7360222911659522,udp,dns,SF,760,41,6,3,0.854,0.029,88,88,0.753,0.044,normal
0.0,tcp,other,S0,44,0,153,203,0.975,0.023,255,27,0.123,0.857,dos_syn_flood
0.0,tcp,private,S0,44,0,485,504,0.96,0.037,255,22,0.118,0.86,dos_syn_flood
2.7149856672388637,tcp,http,SF,432,684,5,7,0.869,0.108,68,65,0.696,0.038,normal
0.07079961305414964,tcp,https,SF,595,566,5,5,0.962,0.206,28,61,0.837,0.192,normal
7.174009484987299,tcp,https,SF,679,2938,5,8,0.83,0.194,61,8,0.965,0.049,normal
0.189,tcp,eco_i,RSTR,40,0,164,2,0.014,0.936,255,4,0.041,0.967,port_scan
0.008,tcp,other,REJ,20,0,129,4,0.034,0.923,255,8,0.014,0.961,port_scan
6.7914548845686245,udp,dns,SF,312,1003,3,3,0.931,0.287,48,74,0.741,0.048,normal
0.0,tcp,http,S0,60,0,405,439,0.976,0.036,255,47,0.062,0.853,dos_syn_flood
0.075,tcp,private,S0,0,0,156,4,0.061,0.946,255,4,0.068,0.84,port_scan
0.0,tcp,http,S0,0,0,273,364,0.982,0.023,255,46,0.181,0.708,dos_syn_flood
0.003,tcp,telnet,REJ,0,0,59,2,0.047,0.966,255,11,0.054,0.965,port_scan
0.4148058523877731,tcp,http,SF,325,3486,5,5,0.711,0.149,54,28,0.928,0.12,normal
5.756800842149481,tcp,https,SF,887,2113,1,4,0.776,0.009,9,94,0.788,0.061,normal
0.046308948428272115,tcp,http,SF,282,21792,4,2,0.719,0.06,41,81,0.668,0.05,normal
0.5058971591505792,tcp,https,SF,126,10067,5,0,0.771,0.246,84,87,0.774,0.083,normal
0.0,tcp,http,S0,44,0,237,469,0.998,0.048,255,37,0.188,0.77,dos_syn_flood
0.23188954882285928,udp,dns,SF,665,170,2,6,0.908,0.167,27,89,0.744,0.064,normal
0.071,icmp,private,RSTR,0,0,149,1,0.082,1.0,255,2,0.011,0.743,port_scan
2.16113215236786,tcp,http,SF,296,1303,5,4,0.786,0.259,20,9,0.618,0.034,normal
6.071392397721996,tcp,https,SF,4749,17180,3,5,0.839,0.204,82,95,0.889,0.131,normal
6.509476071709713,udp,dns,SF,472,7602,2,6,0.862,0.155,41,22,0.639,0.02,normal
1.035901416090689,tcp,http,SF,20,1591,2,3,0.877,0.266,83,37,0.614,0.115,normal
1.1245584038563539,tcp,http,SF,508,25,4,6,0.999,0.255,6,78,0.705,0.161,normal
0.16380437642066237,tcp,smtp,SF,872,1318,6,5,0.71,0.216,27,68,0.819,0.196,normal
0.29991060482585213,tcp,http,SF,787,280,4,3,0.708,0.032,8,74,0.738,0.005,normal
0.0,tcp,http,S0,44,0,230,511,0.992,0.021,255,12,0.076,0.635,dos_syn_flood
0.132,tcp,private,REJ,40,0,198,2,0.124,0.912,255,3,0.077,0.788,port_scan
6.427909753567176,udp,dns,SF,417,173,6,2,0.757,0.183,23,38,0.958,0.065,normal
0.144,tcp,eco_i,REJ,64,0,127,2,0.141,0.924,255,2,0.077,0.704,port_scan
1.0966491139252288,tcp,http,SF,2998,115,7,5,0.83,0.21,63,54,0.915,0.094,normal
0.5499967712587999,tcp,http,SF,3828,1005,7,1,0.949,0.184,93,85,0.73,0.032,normal
1.9835634013575074,udp,dns,SF,4535,315,3,7,0.705,0.017,56,68,0.88,0.049,normal
3.131395873903954,udp,dns,SF,2617,26600,4,5,0.94,0.072,95,93,0.756,0.049,normal
2.9893472453081875,udp,dns,SF,1031,426,6,4,0.735,0.252,50,11,0.789,0.052,normal
0.171,tcp,private,REJ,40,0,71,4,0.052,0.905,255,2,0.057,0.926,port_scan
0.0,tcp,http,S0,60,0,213,197,0.979,0.007,255,31,0.085,0.796,dos_syn_flood
2.8273436108243253,tcp,http,SF,1790,89715,4,5,0.824,0.079,4,31,0.912,0.188,normal
1.2798065983271214,tcp,https,SF,4900,885,3,0,0.944,0.108,45,79,0.98,0.152,normal
0.0,tcp,http,S0,44,0,213,257,0.953,0.023,255,16,0.098,0.671,dos_syn_flood
0.0,tcp,private,S0,44,0,452,459,0.998,0.001,255,12,0.139,0.63,dos_syn_flood
0.063,tcp,other,REJ,0,0,87,2,0.057,0.862,255,6,0.011,0.984,port_scan
3.3441719352650487,udp,dns,SF,6329,5512,5,3,0.772,0.189,9,79,0.774,0.105,normal
1.4125523852540713,tcp,http,SF,220,132,5,5,0.803,0.297,75,68,0.904,0.091,normal
0.089,tcp,eco_i,REJ,20,0,151,4,0.119,0.903,255,7,0.012,0.89,port_scan
2.875706846643552,tcp,ssh,SF,2614,2805,5,3,0.758,0.125,28,39,0.91,0.121,normal
0.095,tcp,other,REJ,64,0,166,2,0.077,0.97,255,13,0.06,0.751,port_scan
3.857833891036705,icmp,other,SF,1456,6415,2,1,0.91,0.189,49,3,0.882,0.131,normal
0.0,tcp,http,S0,0,0,416,338,0.986,0.035,255,39,0.169,0.774,dos_syn_flood
1.028252096293007,tcp,smtp,SF,335,1501,4,3,0.745,0.24,40,92,0.924,0.076,normal
0.6371333703057559,tcp,https,SF,1368,1332,6,5,0.967,0.129,44,85,0.759,0.055,normal
0.39914713535089996,udp,dns,SF,553,5916,4,4,0.996,0.297,22,54,0.738,0.118,normal
0.1816569642449689,udp,dns,SF,2321,343,2,6,0.76,0.005,93,87,0.748,0.113,normal
2.18,tcp,ftp,SF,379,266,60,25,0.937,0.078,244,61,0.865,0.146,ssh_bruteforce
4.755007796435142,icmp,other,SF,188,417,5,5,0.944,0.204,33,62,0.602,0.007,normal
3.752751198146341,udp,dns,SF,614,4250,5,4,0.759,0.102,33,69,0.969,0.126,normal
0.059,tcp,private,REJ,20,0,194,3,0.075,0.973,255,2,0.044,0.901,port_scan
0.0,tcp,other,S0,60,0,211,510,0.994,0.033,255,38,0.126,0.851,dos_syn_flood
0.1,tcp,eco_i,REJ,40,0,95,2,0.137,0.879,255,14,0.07,0.866,port_scan
0.0,tcp,http,S0,60,0,257,175,0.954,0.037,255,11,0.065,0.644,dos_syn_flood
0.082,tcp,eco_i,RSTR,0,0,150,4,0.087,0.908,255,5,0.017,0.939,port_scan
0.21332373830398588,tcp,https,SF,168,1681,5,1,0.929,0.225,25,38,0.934,0.155,normal
0.137,tcp,private,REJ,40,0,56,3,0.062,0.963,255,10,0.053,0.961,port_scan
0.0,tcp,http,S0,0,0,224,471,0.975,0.007,255,33,0.093,0.71,dos_syn_flood
0.0,tcp,http,S0,44,0,307,246,0.955,0.046,255,49,0.064,0.77,dos_syn_flood
5.827499682807536,tcp,http,SF,11,78,8,4,0.996,0.182,4,54,0.797,0.131,normal
0.0,tcp,http,S0,60,0,287,509,0.972,0.016,255,42,0.092,0.876,dos_syn_flood
2.4687054822775134,tcp,http,SF,1401,1416,7,4,0.942,0.258,4,93,0.805,0.088,normal
0.9344292300965267,udp,dns,SF,1870,2087,6,5,0.785,0.251,32,50,0.629,0.096,normal
0.7279180857992396,udp,dns,SF,535,585,5,2,0.716,0.161,62,19,0.662,0.102,normal
0.0,tcp,http,S0,0,0,196,433,0.953,0.029,255,42,0.058,0.832,dos_syn_flood
0.199,tcp,eco_i,REJ,64,0,152,3,0.111,0.884,255,13,0.069,0.948,port_scan
0.045,tcp,telnet,REJ,0,0,189,1,0.073,0.988,255,8,0.069,0.8,port_scan
0.192,tcp,private,REJ,64,0,135,1,0.118,0.907,255,8,0.018,0.75,port_scan
2.8350045584150707,tcp,https,SF,108,55300,5,3,0.748,0.211,40,11,0.708,0.19,normal
2.72172869424554,tcp,http,SF,296,4273,5,2,0.975,0.214,57,37,0.984,0.045,normal
0.4234676454465399,tcp,http,SF,362,2188,5,6,0.765,0.142,98,59,0.674,0.177,normal
6.851026320160962,tcp,http,SF,2620,4024,6,5,0.935,0.059,95,49,0.997,0.07,normal
1.4421571725548659,tcp,https,SF,507,55977,6,4,0.792,0.074,24,27,0.727,0.166,normal
2.2794797553243464,tcp,https,SF,2845,3535,9,5,0.96,0.26,45,91,0.707,0.006,normal
0.41253846124408555,tcp,http,SF,169,8817,4,2,0.801,0.285,17,85,0.739,0.037,normal
0.0,tcp,http,S0,0,0,271,194,0.995,0.01,255,21,0.173,0.733,dos_syn_flood
2.654343448261294,tcp,https,SF,196,12817,5,8,0.833,0.27,67,79,0.792,0.181,normal
0.0,tcp,other,S0,0,0,282,459,0.963,0.005,255,23,0.105,0.665,dos_syn_flood
0.0,tcp,http,S0,60,0,206,273,0.967,0.019,255,19,0.086,0.647,dos_syn_flood
6.874063920979908,tcp,http,SF,578,356,7,2,0.922,0.237,61,36,0.911,0.16,normal
2.1505289153006313,tcp,http,SF,234,217,8,5,0.979,0.219,36,96,0.728,0.093,normal
0.0,tcp,http,S0,0,0,167,280,0.954,0.034,255,42,0.13,0.87,dos_syn_flood
5.407391041077662,udp,dns,SF,525,188,6,6,0.897,0.126,31,26,0.944,0.031,normal
9.661875550176308,tcp,http,SF,720,30,10,3,0.825,0.263,31,58,0.931,0.112,normal
3.194303335573205,tcp,http,SF,3323,892,4,5,0.968,0.035,38,67,0.771,0.067,normal
0.04123759426527666,tcp,ssh,SF,3475,9668,7,3,0.878,0.107,94,65,0.604,0.064,normal
0.127,tcp,eco_i,REJ,20,0,191,2,0.128,0.942,255,7,0.021,0.887,port_scan
0.0,tcp,http,S0,0,0,249,241,0.952,0.003,255,13,0.089,0.825,dos_syn_flood
3.2180950516688815,tcp,https,SF,73,271,6,2,0.908,0.115,26,31,0.945,0.123,normal
2.6992670276033675,udp,dns,SF,2958,379,7,5,0.714,0.295,7,91,0.717,0.047,normal
0.5677535532849767,tcp,https,SF,647,3027,8,4,0.846,0.11,9,69,0.979,0.008,normal
0.3579915499615689,tcp,http,SF,2193,4764,2,4,0.96,0.248,24,61,0.63,0.022,normal
6.30714446969042,tcp,http,SF,60,8264,3,2,0.887,0.219,98,35,0.729,0.087,normal
0.0,tcp,http,S0,60,0,300,323,0.959,0.008,255,26,0.055,0.733,dos_syn_flood
0.5946049549544813,tcp,http,SF,2916,3896,8,3,0.901,0.23,78,91,0.713,0.005,normal
2.75563266628366,tcp,https,SF,2133,3730,3,5,0.754,0.286,13,70,0.723,0.199,normal
2.027054412083113,tcp,https,SF,1012,14396,5,2,0.98,0.153,23,42,0.942,0.093,normal
0.79,tcp,ssh,SF,374,188,43,68,0.914,0.023,209,40,0.704,0.099,ssh_bruteforce
1.280438370340983,tcp,https,SF,882,3803,5,3,0.741,0.153,83,11,0.634,0.094,normal
0.2,tcp,private,REJ,20,0,50,1,0.144,0.993,255,4,0.01,0.912,port_scan
1.1980761435010727,tcp,http,SF,1765,9658,3,3,0.935,0.131,97,45,0.97,0.022,normal
0.045,tcp,private,S0,20,0,56,2,0.085,0.86,255,5,0.029,0.781,port_scan
2.832833356449387,tcp,http,SF,4072,3549,7,4,0.983,0.11,71,71,0.738,0.161,normal
1.9220337315060168,udp,dns,SF,372,9088,5,4,0.867,0.279,48,70,0.747,0.158,normal
3.871440652877598,tcp,http,SF,265,2645,5,3,0.967,0.047,33,80,0.946,0.102,normal
0.27476794869929344,tcp,https,SF,1484,323,6,2,0.822,0.299,85,96,0.951,0.074,normal
0.7736551461584517,udp,dns,SF,1323,851,6,2,0.764,0.102,15,95,0.855,0.131,normal
2.0276720596433266,tcp,ftp,REJ,358,451,4,1,0.879,0.275,81,85,0.954,0.09,normal
0.19,tcp,eco_i,RSTR,64,0,106,2,0.085,0.911,255,10,0.066,0.853,port_scan
0.7062908791625229,tcp,http,SF,267,2217,4,4,0.892,0.29,27,98,0.686,0.139,normal
3.5608238439714475,tcp,http,SF,1810,3472,6,4,0.918,0.077,60,48,0.753,0.106,normal
0.027,tcp,other,RSTR,0,0,137,3,0.04,0.897,255,4,0.051,0.875,port_scan
0.0,tcp,http,S0,0,0,375,467,0.998,0.002,255,12,0.133,0.871,dos_syn_flood
0.142,tcp,eco_i,RSTR,20,0,78,2,0.068,0.915,255,6,0.073,0.872,port_scan
0.8629643299918035,tcp,https,SF,578,21964,9,2,0.7,0.012,73,87,0.697,0.133,normal
2.5161729944058164,tcp,http,SF,1697,1916,4,4,0.78,0.088,36,22,0.911,0.013,normal
0.0,tcp,http,S0,60,0,365,453,0.987,0.002,255,40,0.173,0.812,dos_syn_flood
0.5177106336244279,icmp,other,SF,632,193,5,8,0.847,0.185,66,81,0.663,0.163,normal
1.87,tcp,ftp,SF,338,263,43,48,0.981,0.081,180,52,0.851,0.052,ssh_bruteforce
2.073993921442648,icmp,other,SF,1292,5986,5,3,0.876,0.275,75,48,0.821,0.035,normal
5.289948658563625,tcp,https,SF,2381,10894,5,5,0.724,0.206,60,11,0.718,0.112,normal
9.092030639923058,udp,dns,SF,203,350,4,4,0.792,0.163,59,86,0.706,0.049,normal
4.013770132181315,tcp,https,SF,26,12092,3,1,0.899,0.081,59,64,0.8,0.101,normal
0.03331228258112064,udp,dns,SF,2581,137,5,0,0.73,0.233,55,7,0.999,0.139,normal
1.7190521720713925,tcp,ssh,SF,591,2518,2,5,0.714,0.145,24,74,0.904,0.1,normal
0.006,tcp,eco_i,RSTR,40,0,169,4,0.051,0.99,255,12,0.051,0.908,port_scan
2.6097263677601075,tcp,http,SF,6400,2346,5,7,0.997,0.044,89,67,0.781,0.121,normal
0.3863388224169385,tcp,http,SF,949,1297,6,5,0.885,0.091,89,82,0.657,0.133,normal
7.192078508234111,udp,dns,SF,1312,7710,7,2,0.736,0.058,38,95,0.625,0.06,normal
0.057,tcp,eco_i,RSTR,40,0,71,3,0.131,0.919,255,1,0.015,0.744,port_scan
8.022474902133093,udp,dns,SF,3807,1759,9,3,0.778,0.05,76,52,0.925,0.052,normal
0.0,tcp,http,S0,60,0,489,432,0.989,0.047,255,49,0.092,0.816,dos_syn_flood
0.055,tcp,private,REJ,64,0,198,2,0.097,0.88,255,4,0.031,0.874,port_scan
2.2021653435949724,udp,dns,SF,1148,1086,4,2,0.984,0.109,59,94,0.963,0.061,normal
1.9927414610072456,tcp,ftp,REJ,726,573,4,4,0.978,0.246,26,18,0.95,0.053,normal
3.2221858950552287,tcp,https,SF,330,80,5,5,0.829,0.017,32,2,0.855,0.034,normal
0.009,tcp,telnet,REJ,0,0,117,4,0.067,0.857,255,13,0.066,0.757,port_scan
0.123,tcp,private,RSTR,20,0,127,4,0.131,0.898,255,7,0.04,0.853,port_scan
1.4920565078559977,tcp,https,SF,876,1264,2,8,0.777,0.093,14,34,0.608,0.059,normal
0.08698448587969124,tcp,smtp,SF,364,4015,5,6,0.721,0.161,18,13,0.603,0.085,normal
0.0,tcp,http,S0,44,0,318,153,0.968,0.025,255,47,0.092,0.682,dos_syn_flood
2.1510783301148875,tcp,http,SF,278,486,3,6,0.701,0.073,29,26,0.649,0.023,normal
9.569865516628461,udp,dns,SF,4819,40313,7,5,0.735,0.189,3,62,0.732,0.116,normal
6.194039618685554,tcp,http,SF,478,1443,4,7,0.971,0.222,16,32,0.633,0.184,normal
0.7749056170605124,tcp,http,SF,3642,573,4,2,0.955,0.003,60,85,1.0,0.058,normal
2.439752656859367,tcp,http,SF,1182,6918,8,3,0.951,0.244,13,26,0.656,0.005,normal
0.046193353896159105,tcp,ftp,SF,890,1510,2,4,0.939,0.183,41,60,0.69,0.185,normal
0.0,tcp,other,S0,44,0,343,431,0.999,0.049,255,18,0.157,0.612,dos_syn_flood
0.0,tcp,private,S0,44,0,254,298,0.966,0.021,255,23,0.176,0.713,dos_syn_flood
7.662668370476384,tcp,https,SF,2862,274,5,4,0.788,0.128,79,87,0.935,0.2,normal
0.0,tcp,private,S0,44,0,469,321,0.952,0.029,255,37,0.092,0.88,dos_syn_flood
0.123,tcp,private,REJ,40,0,89,3,0.148,0.992,255,1,0.064,0.972,port_scan
0.0,tcp,http,S0,0,0,413,255,0.971,0.035,255,16,0.16,0.635,dos_syn_flood
1.4772870128250635,tcp,http,SF,254,3390,3,4,0.871,0.189,43,60,0.891,0.075,normal
0.0,tcp,http,S0,0,0,339,318,0.981,0.044,255,28,0.17,0.873,dos_syn_flood
1.3841930845795911,tcp,https,SF,1287,294,2,4,0.986,0.159,30,12,0.931,0.181,normal
1.19,tcp,ssh,REJ,389,234,86,52,0.994,0.036,222,46,0.756,0.091,ssh_bruteforce
0.184,tcp,telnet,REJ,0,0,54,4,0.057,0.916,255,8,0.053,0.749,port_scan
0.0,tcp,private,S0,44,0,240,196,0.99,0.024,255,25,0.129,0.852,dos_syn_flood
2.81904717110065,udp,dns,SF,42820,16612,6,3,0.939,0.114,16,97,0.883,0.192,normal
0.092,tcp,eco_i,REJ,40,0,91,1,0.137,0.851,255,1,0.012,0.728,port_scan
0.12580282067288553,udp,dns,SF,1098,5531,5,5,0.73,0.237,68,60,0.672,0.089,normal
1.05,tcp,ssh,SF,347,239,44,39,0.984,0.047,132,78,0.844,0.12,ssh_bruteforce
1.5408299643500794,udp,dns,SF,864,649,5,4,0.793,0.153,16,98,0.798,0.014,normal
5.913467753025186,tcp,https,SF,723,692,4,3,0.786,0.13,19,86,0.733,0.011,normal
0.5876242216618492,icmp,other,SF,252,5642,8,1,0.764,0.26,88,72,0.983,0.129,normal
0.9641741644523887,tcp,http,SF,2077,901,10,5,0.704,0.221,59,54,0.666,0.191,normal
0.095,icmp,private,REJ,20,0,54,2,0.028,0.891,255,10,0.073,0.722,port_scan
2.2776963184120724,tcp,http,SF,727,1201,3,3,0.913,0.214,89,44,0.737,0.168,normal
1.95865296693564,udp,dns,SF,454,367,8,7,0.724,0.248,13,78,0.831,0.012,normal
1.5532756173083737,tcp,http,SF,7133,3865,2,3,0.989,0.104,46,70,0.838,0.194,normal
0.006,tcp,other,RSTR,64,0,175,1,0.102,0.957,255,10,0.053,0.98,port_scan
1.793859832011213,udp,dns,SF,232,156,6,2,0.95,0.077,74,30,0.893,0.156,normal
0.0,tcp,http,S0,0,0,294,270,0.96,0.016,255,45,0.172,0.621,dos_syn_flood
1.6341021744279627,udp,dns,SF,309,5943,7,2,0.986,0.271,32,73,0.778,0.199,normal
0.2263418426479712,udp,dns,SF,287,13047,6,5,0.775,0.182,69,14,0.957,0.009,normal
1.1249793512683555,tcp,http,SF,1735,946,5,3,0.789,0.227,29,9,0.891,0.19,normal
3.4359984651596207,tcp,http,SF,2430,14260,2,1,0.894,0.13,82,64,0.643,0.088,normal
1.43,tcp,ssh,SF,295,235,44,65,0.923,0.01,239,56,0.768,0.125,ssh_bruteforce
0.0,tcp,http,S0,0,0,333,232,0.979,0.037,255,10,0.188,0.896,dos_syn_flood
2.7,tcp,ftp,REJ,326,238,45,73,0.998,0.008,134,23,0.826,0.059,ssh_bruteforce
0.094,icmp,eco_i,RSTR,0,0,60,3,0.091,0.872,255,9,0.073,0.782,port_scan
0.0,tcp,http,S0,44,0,172,233,0.963,0.01,255,43,0.148,0.659,dos_syn_flood
0.116,tcp,telnet,S0,40,0,67,2,0.089,0.986,255,13,0.022,0.776,port_scan
0.0,tcp,http,S0,60,0,425,395,0.988,0.042,255,21,0.117,0.842,dos_syn_flood
1.888486259999866,tcp,http,SF,202,1111,5,4,0.709,0.102,95,28,0.763,0.053,normal
0.129,tcp,private,RSTR,20,0,74,3,0.033,0.963,255,2,0.059,0.732,port_scan
2.720263680408709,tcp,http,SF,148,1291,5,3,0.746,0.007,64,70,0.797,0.066,normal
13.499061959189508,udp,dns,SF,22,1584,5,5,0.85,0.258,90,12,0.606,0.022,normal
6.174272861712355,udp,dns,SF,352,21898,12,0,0.872,0.142,90,43,0.75,0.05,normal
0.0,tcp,http,S0,0,0,150,414,0.99,0.02,255,38,0.094,0.863,dos_syn_flood
0.0,tcp,private,S0,0,0,450,224,0.975,0.008,255,34,0.055,0.737,dos_syn_flood
4.38270254743533,tcp,http,SF,406,466,1,3,0.735,0.271,10,61,0.73,0.041,normal
1.990623669977062,udp,dns,SF,632,130,2,4,0.841,0.203,17,56,0.657,0.079,normal
3.0138720797395613,tcp,smtp,SF,436,10460,7,1,0.823,0.222,16,48,0.925,0.199,normal
0.078,tcp,eco_i,RSTR,0,0,198,3,0.135,0.859,255,7,0.058,0.829,port_scan
1.2941243441134245,icmp,other,SF,968,971,3,0,0.758,0.226,99,47,0.635,0.112,normal
3.9163168901371033,udp,dns,SF,742,3484,9,6,0.823,0.146,28,62,0.957,0.067,normal
2.5652453657609877,udp,dns,SF,1632,2698,8,4,0.761,0.025,55,96,0.659,0.032,normal
0.108,tcp,telnet,REJ,64,0,51,2,0.04,0.936,255,12,0.075,0.884,port_scan
3.5920415660346756,tcp,http,SF,1264,3589,9,8,0.896,0.14,34,40,0.616,0.092,normal
3.5380165286351866,tcp,https,SF,214,4614,4,5,0.94,0.18,1,80,0.83,0.027,normal
0.0,tcp,private,S0,60,0,167,340,0.96,0.039,255,48,0.172,0.751,dos_syn_flood
1.059293548609482,tcp,https,SF,1172,6254,8,5,0.977,0.259,52,11,0.713,0.124,normal
0.0,tcp,http,S0,0,0,221,222,0.961,0.021,255,44,0.191,0.678,dos_syn_flood
0.9409240741427877,tcp,http,SF,4074,27255,9,5,0.739,0.254,45,47,0.766,0.178,normal
5.0013215096481165,udp,dns,SF,266,2388,9,5,0.918,0.233,64,68,0.921,0.024,normal
0.13228404898771753,tcp,ssh,SF,3085,1142,7,0,0.993,0.079,7,54,0.774,0.062,normal
1.507067010519402,tcp,https,SF,4279,476,2,3,0.964,0.033,52,31,0.785,0.199,normal
0.4544086094271577,tcp,http,SF,513,3881,5,7,0.985,0.175,45,76,0.893,0.009,normal
1.8058124726663862,tcp,smtp,SF,323,790,3,3,0.836,0.057,32,6,0.742,0.157,normal
0.0,tcp,http,RSTOS0,44,0,509,444,0.97,0.032,255,14,0.172,0.837,dos_syn_flood
0.0,tcp,http,S0,0,0,502,221,0.974,0.027,255,27,0.064,0.702,dos_syn_flood
0.21847209952137991,tcp,http,SF,1714,10361,7,1,0.787,0.177,28,55,0.831,0.003,normal
0.13066628170272912,tcp,http,SF,1971,1677,0,2,0.703,0.183,83,37,0.911,0.156,normal
0.053,tcp,private,REJ,40,0,136,1,0.096,0.922,255,13,0.014,0.951,port_scan
2.602228336164481,udp,dns,SF,618,2386,3,6,0.869,0.037,2,49,0.902,0.002,normal
3.0683520994558906,tcp,https,SF,1951,902,6,5,0.818,0.132,16,60,0.758,0.183,normal
0.0,tcp,http,S0,60,0,195,261,0.961,0.034,255,10,0.102,0.621,dos_syn_flood
0.5105260238379441,tcp,http,SF,328,1159,4,2,0.796,0.225,88,80,0.985,0.179,normal
2.8610708308472783,tcp,http,SF,319,645,6,5,0.895,0.287,24,27,0.976,0.16,normal
0.20988201916427193,udp,dns,SF,877,8739,7,6,0.859,0.288,71,68,0.878,0.065,normal
0.9760568009174728,tcp,smtp,SF,242,923,3,1,0.852,0.273,39,91,0.979,0.048,normal
0.8352246930872754,tcp,http,SF,256,1063,5,5,0.99,0.253,39,83,0.956,0.076,normal
0.0,tcp,http,S0,44,0,505,396,0.951,0.033,255,42,0.073,0.702,dos_syn_flood
0.0,tcp,private,S0,44,0,414,404,0.953,0.048,255,48,0.09,0.667,dos_syn_flood
5.344484781914031,tcp,http,S0,684,2229,3,5,0.792,0.006,15,45,0.657,0.114,normal
0.034,tcp,other,RSTR,64,0,199,3,0.125,0.968,255,4,0.025,0.823,port_scan
0.0,tcp,private,S0,0,0,499,221,0.989,0.046,255,48,0.13,0.741,dos_syn_flood
4.96893226549341,tcp,http,SF,3843,2302,6,3,0.793,0.05,47,19,0.734,0.15,normal
0.0,tcp,http,S0,60,0,245,212,0.961,0.012,255,40,0.099,0.753,dos_syn_flood
2.6212071943932296,tcp,https,SF,1340,1703,4,2,0.904,0.096,53,93,0.939,0.191,normal
0.4888812102593466,udp,dns,SF,1139,420,9,4,0.872,0.215,71,3,0.986,0.192,normal
4.6982143144358925,tcp,http,SF,9331,2507,6,3,0.975,0.2,30,23,0.819,0.03,normal
0.5307045543173952,tcp,http,SF,4182,6247,5,2,0.879,0.024,77,52,0.685,0.113,normal
0.149,tcp,other,REJ,0,0,127,2,0.056,0.914,255,11,0.07,0.919,port_scan
0.067,icmp,other,REJ,20,0,125,2,0.091,0.991,255,11,0.051,0.987,port_scan
0.32975320665283137,tcp,http,SF,877,513,5,3,0.901,0.157,26,22,0.628,0.005,normal
2.32,tcp,ssh,SF,320,186,80,33,0.911,0.045,192,49,0.926,0.022,ssh_bruteforce
0.128,tcp,other,REJ,20,0,172,2,0.089,0.985,255,11,0.025,0.941,port_scan
0.41098663437956157,tcp,smtp,SF,243,2244,5,6,0.968,0.124,8,91,0.915,0.031,normal
0.108,tcp,private,REJ,64,0,102,2,0.123,0.972,255,2,0.057,0.851,port_scan
8.19378348744983,tcp,https,S0,442,1288,5,5,0.763,0.08,92,50,0.615,0.037,normal
0.0,tcp,private,S0,60,0,378,292,0.983,0.034,255,29,0.102,0.621,dos_syn_flood
0.28472040066413157,udp,dns,SF,1175,28899,4,6,0.909,0.071,80,65,0.818,0.171,normal
0.8039735042488714,udp,dns,SF,128,98,6,8,0.794,0.157,47,10,0.62,0.142,normal
0.0,tcp,http,S0,44,0,374,446,0.958,0.01,255,39,0.068,0.872,dos_syn_flood
0.0,tcp,http,S0,0,0,481,469,0.996,0.046,255,44,0.184,0.664,dos_syn_flood
0.0,tcp,other,S0,44,0,400,482,0.996,0.007,255,28,0.195,0.689,dos_syn_flood
0.164,tcp,private,REJ,0,0,160,2,0.025,0.903,255,11,0.027,0.874,port_scan
0.118,tcp,private,REJ,64,0,179,3,0.084,0.928,255,12,0.073,0.73,port_scan
3.9605216063042863,tcp,http,SF,1961,243,5,4,0.876,0.043,59,74,0.766,0.068,normal
9.091850002305037,udp,dns,SF,68,4901,5,0,0.789,0.142,24,9,0.922,0.108,normal
0.095,tcp,private,REJ,64,0,88,3,0.143,0.951,255,3,0.072,0.736,port_scan
0.7846023886861276,tcp,http,SF,86,3702,7,8,0.926,0.169,74,30,0.944,0.097,normal
0.49787426287991055,tcp,http,SF,1315,9352,5,4,0.777,0.136,34,59,0.98,0.164,normal
1.0513387713872364,udp,dns,SF,309,722,6,6,0.728,0.25,84,20,0.932,0.128,normal
0.8835586612435005,udp,dns,SF,50,5773,3,5,0.816,0.243,5,48,0.766,0.033,normal
0.0,tcp,private,S0,60,0,403,192,0.964,0.014,255,47,0.112,0.726,dos_syn_flood
0.08080578599264124,tcp,https,SF,2469,1452,1,3,0.941,0.226,33,74,0.795,0.073,normal
0.8206167085594974,tcp,http,SF,534,189,6,3,0.822,0.135,59,31,0.932,0.069,normal
0.0,tcp,http,S0,60,0,266,427,0.993,0.034,255,44,0.057,0.692,dos_syn_flood
6.725405620725232,tcp,https,SF,5009,1082,5,3,0.802,0.124,42,81,0.694,0.01,normal
1.9996787755021408,tcp,http,SF,325,204,11,5,0.982,0.16,69,74,0.805,0.147,normal
0.0,tcp,other,S0,44,0,330,472,0.956,0.039,255,47,0.111,0.603,dos_syn_flood
0.43167852722609784,tcp,https,SF,768,5023,3,3,0.701,0.033,17,41,0.618,0.085,normal
5.033175522654352,icmp,other,SF,605,2141,7,4,0.982,0.225,20,53,0.896,0.002,normal
0.0,tcp,private,S0,44,0,417,412,0.988,0.029,255,16,0.068,0.778,dos_syn_flood
0.0,tcp,private,S0,0,0,233,327,0.971,0.032,255,42,0.174,0.882,dos_syn_flood
0.2695513891373442,tcp,smtp,SF,165,1061,5,4,0.827,0.041,79,30,0.66,0.131,normal
2.188216839529657,tcp,http,SF,817,10981,2,5,0.946,0.166,20,32,0.811,0.093,normal
0.5233154522186658,tcp,http,SF,904,136,9,4,0.93,0.236,48,5,0.983,0.064,normal
0.0,tcp,private,S0,60,0,284,283,0.974,0.018,255,49,0.122,0.689,dos_syn_flood
2.505363183870377,udp,dns,SF,922,8692,4,2,0.767,0.166,61,91,0.721,0.101,normal
2.81,tcp,ssh,SF,347,237,64,59,0.928,0.03,127,60,0.731,0.043,ssh_bruteforce
0.178,tcp,private,REJ,0,0,121,3,0.144,0.872,255,6,0.043,0.718,port_scan
8.61245259981186,udp,dns,SF,1896,1055,5,3,0.946,0.175,21,56,0.966,0.036,normal
2.88,tcp,ssh,REJ,319,239,47,52,0.948,0.067,193,51,0.851,0.13,ssh_bruteforce
1.3666738287211664,tcp,ssh,SF,289,11069,7,6,0.973,0.286,34,8,0.777,0.072,normal
1.7884655726682936,tcp,http,SF,804,576,1,2,0.872,0.252,4,41,0.652,0.118,normal
2.4697846158599845,udp,dns,SF,462,508,7,1,0.922,0.123,26,92,0.896,0.039,normal
0.0,tcp,http,S0,0,0,505,278,0.977,0.038,255,39,0.105,0.793,dos_syn_flood
0.0,tcp,http,S0,44,0,223,182,0.951,0.049,255,36,0.161,0.658,dos_syn_flood
0.113,tcp,other,REJ,64,0,62,4,0.049,0.875,255,5,0.052,0.768,port_scan
0.3003051726575455,udp,dns,SF,206,256,5,3,0.882,0.19,45,44,0.792,0.139,normal
0.062,tcp,eco_i,RSTR,40,0,161,1,0.014,0.931,255,3,0.045,0.857,port_scan
1.2171173811115437,tcp,http,SF,498,1188,5,5,0.779,0.068,35,48,0.768,0.18,normal
0.0,tcp,private,S0,60,0,442,391,0.996,0.037,255,13,0.197,0.658,dos_syn_flood
0.0,tcp,http,S0,60,0,299,382,0.985,0.025,255,36,0.15,0.843,dos_syn_flood
0.06629075189784342,tcp,https,SF,829,6965,6,7,0.954,0.172,4,71,0.863,0.012,normal
0.155,tcp,other,REJ,20,0,125,3,0.142,0.894,255,13,0.076,0.916,port_scan
0.7295674778103447,tcp,ssh,SF,582,342,4,2,0.862,0.194,70,85,0.711,0.16,normal
1.1569041151877522,tcp,http,SF,88,1021,3,0,0.847,0.147,20,21,0.94,0.08,normal
0.0,tcp,http,S0,0,0,158,339,0.971,0.012,255,44,0.068,0.689,dos_syn_flood
1.32,tcp,ftp,REJ,279,266,55,72,0.915,0.074,156,21,0.749,0.103,ssh_bruteforce
0.008783290712478119,udp,dns,SF,962,3880,4,4,0.794,0.09,10,38,0.824,0.176,normal
1.222217995639742,tcp,http,SF,381,11548,2,5,0.927,0.216,74,4,0.631,0.002,normal
0.0,tcp,http,S0,60,0,197,487,0.998,0.05,255,32,0.189,0.843,dos_syn_flood
4.11989002041333,tcp,http,SF,1084,1049,1,3,0.999,0.223,45,13,0.685,0.021,normal
0.174,tcp,eco_i,RSTR,64,0,176,4,0.051,0.873,255,6,0.049,0.705,port_scan
0.6109635390622496,tcp,http,SF,1022,300,6,1,0.914,0.059,69,68,0.756,0.083,normal
3.8457735043953307,tcp,https,SF,2090,9759,6,1,0.871,0.096,69,1,0.837,0.181,normal
0.0,tcp,private,S0,44,0,186,180,0.957,0.049,255,30,0.077,0.763,dos_syn_flood
1.3392248259375104,tcp,http,SF,1904,176,4,4,0.755,0.103,4,39,0.759,0.012,normal
0.11422789151978435,tcp,http,SF,85,514,5,3,0.94,0.151,75,54,0.828,0.008,normal
1.1067100147569295,tcp,https,SF,4106,26553,5,7,0.881,0.227,64,10,0.882,0.039,normal
2.664338377118474,tcp,http,SF,988,254,2,5,0.799,0.071,21,8,0.755,0.188,normal
1.2338486157236646,tcp,http,SF,551,1331,5,5,0.851,0.144,39,97,0.72,0.089,normal
0.0,tcp,http,S0,0,0,292,165,0.989,0.003,255,35,0.136,0.873,dos_syn_flood
0.0,tcp,private,S0,0,0,203,404,0.961,0.048,255,15,0.117,0.706,dos_syn_flood
0.74,tcp,ssh,REJ,299,206,33,43,0.922,0.092,237,77,0.927,0.086,ssh_bruteforce
4.8135019808704556,tcp,https,SF,769,84,5,7,0.858,0.061,9,22,0.698,0.021,normal
0.189,tcp,private,REJ,0,0,86,2,0.062,0.983,255,5,0.032,0.986,port_scan
1.62,tcp,ftp,REJ,349,156,44,55,0.9,0.035,242,21,0.71,0.024,ssh_bruteforce
0.519194250785838,icmp,other,SF,72,809,5,5,0.921,0.198,12,97,0.878,0.086,normal
0.25879814504963483,udp,dns,SF,8754,1141,4,6,0.933,0.195,15,38,0.635,0.114,normal
0.461348567996681,udp,dns,SF,4258,10972,3,2,0.889,0.219,45,2,0.874,0.037,normal
1.470389752811276,tcp,http,SF,1082,7258,6,3,0.997,0.231,82,37,0.904,0.185,normal
1.12,tcp,ssh,SF,380,239,84,25,0.933,0.055,212,31,0.944,0.145,ssh_bruteforce
0.0,tcp,http,S0,44,0,415,365,0.985,0.035,255,44,0.142,0.751,dos_syn_flood
0.029604122881157716,tcp,http,SF,903,7595,6,6,0.966,0.156,20,4,0.76,0.187,normal
0.0,tcp,http,S0,44,0,262,417,0.97,0.023,255,27,0.193,0.621,dos_syn_flood
0.77,tcp,ftp,SF,293,195,83,70,0.966,0.078,167,21,0.861,0.148,ssh_bruteforce
0.141,tcp,eco_i,REJ,20,0,190,4,0.038,0.992,255,1,0.018,0.99,port_scan
0.0,tcp,http,S0,44,0,158,385,0.952,0.003,255,39,0.073,0.71,dos_syn_flood
1.9260797518956183,tcp,http,SF,1051,2030,8,2,0.974,0.096,32,93,0.683,0.045,normal
0.0,tcp,http,S0,44,0,350,204,0.975,0.015,255,21,0.147,0.727,dos_syn_flood
9.957183486176099,tcp,http,SF,185,425,7,2,0.885,0.054,7,47,0.856,0.116,normal
0.177,tcp,eco_i,REJ,20,0,141,2,0.084,0.952,255,10,0.075,0.834,port_scan
0.0,tcp,http,S0,60,0,323,461,0.998,0.028,255,49,0.131,0.738,dos_syn_flood
5.3993396837195515,tcp,http,SF,257,4071,5,5,0.968,0.215,54,73,0.686,0.163,normal
3.8580670478872814,tcp,https,SF,778,7737,7,5,0.808,0.132,84,47,0.853,0.16,normal
0.6251002240620696,tcp,https,SF,1855,46204,7,2,0.915,0.166,59,54,0.953,0.063,normal
0.165,tcp,private,RSTR,0,0,111,1,0.049,0.868,255,8,0.038,0.898,port_scan
0.0,tcp,http,S0,0,0,287,330,0.979,0.014,255,20,0.186,0.797,dos_syn_flood
0.064,tcp,other,REJ,0,0,95,3,0.118,0.868,255,12,0.042,0.923,port_scan
0.0,tcp,private,RSTOS0,60,0,416,421,0.969,0.025,255,12,0.082,0.838,dos_syn_flood
4.462840337596324,tcp,http,SF,10580,394,5,4,0.773,0.25,4,23,0.661,0.123,normal
1.4798648042731113,tcp,http,SF,1498,464,3,4,0.853,0.06,9,84,0.88,0.02,normal
2.6426699075325515,tcp,http,SF,3139,3848,5,5,0.874,0.152,84,10,0.648,0.083,normal
1.0092476079956363,udp,dns,SF,232,2336,5,6,0.856,0.116,14,62,0.7,0.046,normal
1.0104553656693536,tcp,http,SF,793,460,8,3,0.825,0.128,24,71,0.837,0.184,normal
1.1022468617775742,tcp,https,SF,9826,2017,7,3,0.736,0.136,7,77,0.809,0.102,normal
1.3872909851410495,tcp,http,SF,1121,282,4,4,0.874,0.25,93,17,0.939,0.111,normal
1.4007622865056208,tcp,smtp,SF,1585,4863,3,1,0.733,0.16,45,3,0.673,0.047,normal
3.8059050756598944,tcp,http,SF,1487,7694,6,3,0.936,0.291,74,31,0.899,0.119,normal
2.120465758381234,tcp,https,SF,69,303,3,5,0.963,0.055,24,11,0.98,0.141,normal
3.1796442607194657,udp,dns,SF,1263,3588,5,5,0.898,0.19,71,18,0.845,0.163,normal
2.38,tcp,ssh,SF,433,181,61,72,0.947,0.009,219,53,0.747,0.034,ssh_bruteforce
0.0,tcp,http,S0,60,0,428,379,0.961,0.02,255,15,0.151,0.886,dos_syn_flood
0.3916112562237927,tcp,http,S0,1489,1448,7,5,0.741,0.057,3,57,0.892,0.018,normal
4.554495771653686,tcp,http,SF,822,2045,4,3,0.929,0.136,16,47,0.688,0.026,normal
1.75,tcp,ftp,REJ,349,238,46,36,0.95,0.087,165,39,0.809,0.048,ssh_bruteforce
1.75,tcp,ssh,REJ,328,205,39,64,0.99,0.058,188,39,0.703,0.054,ssh_bruteforce
0.15491500153000493,tcp,https,SF,638,3601,2,4,0.9,0.2,63,56,0.755,0.137,normal
0.012,tcp,private,REJ,20,0,65,3,0.05,0.899,255,6,0.052,0.784,port_scan
0.088,tcp,private,REJ,20,0,60,3,0.024,0.88,255,4,0.059,0.893,port_scan
0.086,tcp,eco_i,REJ,64,0,130,4,0.072,0.915,255,2,0.046,0.96,port_scan
2.098615067853716,tcp,http,SF,3535,2089,0,4,0.979,0.099,52,61,0.957,0.069,normal
2.7400800046387497,tcp,http,SF,223,562,1,2,0.772,0.266,78,31,0.933,0.181,normal
3.5759818826921603,tcp,http,SF,4001,3002,3,1,0.891,0.094,96,4,0.963,0.05,normal
0.0,tcp,http,S0,60,0,264,287,0.971,0.023,255,36,0.053,0.828,dos_syn_flood
0.0,tcp,private,S0,44,0,396,155,0.985,0.001,255,33,0.078,0.803,dos_syn_flood
12.691544476149247,tcp,ssh,SF,2694,839,3,2,0.851,0.011,84,25,0.798,0.16,normal
9.32241099258862,tcp,http,SF,148,1076,6,3,0.843,0.166,9,85,0.833,0.193,normal
0.0,tcp,private,S0,0,0,151,223,0.952,0.009,255,33,0.124,0.893,dos_syn_flood
3.3490126143815777,tcp,http,SF,378,148,4,3,0.879,0.181,60,11,0.893,0.094,normal
1.5715504880284261,tcp,http,SF,1227,3560,5,5,0.702,0.046,3,75,0.997,0.152,normal
0.0,tcp,http,S0,60,0,257,426,0.952,0.028,255,33,0.121,0.666,dos_syn_flood
1.0498724569582716,udp,dns,SF,345,787,4,1,0.705,0.117,17,51,0.878,0.086,normal
0.0,tcp,http,S0,60,0,476,460,0.963,0.012,255,32,0.122,0.676,dos_syn_flood
0.0,tcp,http,S0,0,0,299,389,0.961,0.046,255,37,0.149,0.645,dos_syn_flood
0.04,tcp,private,REJ,64,0,175,1,0.033,0.894,255,5,0.039,0.756,port_scan
0.6356011178339461,tcp,https,SF,1025,9778,4,4,0.87,0.22,3,42,0.69,0.012,normal
0.20284769895560678,udp,dns,SF,124,13778,5,5,0.923,0.092,18,38,0.65,0.067,normal
2.7507513533956898,tcp,https,SF,418,1070,3,3,0.867,0.208,11,62,0.719,0.098,normal
2.0649326291373984,tcp,http,SF,110,726,7,4,0.987,0.222,39,98,0.805,0.111,normal
0.8373088325994821,tcp,smtp,SF,153,864,7,8,0.954,0.014,62,72,0.714,0.099,normal
1.2818872642544554,tcp,ssh,SF,944,4930,4,2,0.782,0.25,92,35,0.726,0.17,normal
0.06,tcp,private,REJ,64,0,102,1,0.046,0.871,255,2,0.078,0.749,port_scan
0.0,tcp,http,S0,60,0,497,446,0.985,0.035,255,41,0.1,0.706,dos_syn_flood
4.849473309602757,tcp,https,SF,73,390,4,4,0.787,0.135,29,3,0.912,0.041,normal
0.099,tcp,eco_i,RSTR,40,0,98,4,0.123,0.991,255,5,0.055,0.747,port_scan
0.047,tcp,private,REJ,20,0,121,3,0.128,0.947,255,10,0.074,0.802,port_scan
4.970917343893112,tcp,http,SF,310,1411,3,2,0.77,0.028,96,32,0.856,0.155,normal
1.521667789730192,tcp,http,SF,388,10611,4,3,0.709,0.265,91,1,0.997,0.079,normal
0.7080390679991064,tcp,https,SF,392,793,3,3,0.887,0.171,58,15,0.977,0.135,normal
2.8361527532894435,tcp,https,SF,255,2608,5,2,0.799,0.051,39,99,0.805,0.159,normal
0.9983726685453789,tcp,ssh,SF,904,834,2,5,0.886,0.133,49,66,0.949,0.075,normal
8.165966874822692,tcp,https,SF,680,963,5,7,0.919,0.123,16,39,0.728,0.033,normal
0.013,tcp,private,RSTR,64,0,166,4,0.031,0.887,255,9,0.049,0.878,port_scan
0.0,tcp,http,S0,0,0,461,303,0.982,0.045,255,47,0.139,0.897,dos_syn_flood
0.687898188236485,tcp,http,SF,1046,1334,5,3,0.864,0.201,50,5,0.777,0.012,normal
0.159,tcp,private,REJ,64,0,198,2,0.049,0.987,255,5,0.055,0.833,port_scan
0.24141081682821341,tcp,http,SF,475,1379,6,4,0.779,0.234,23,85,0.9,0.143,normal
2.075626354149072,tcp,https,SF,2336,23555,2,3,0.992,0.234,19,19,0.753,0.016,normal
2.9861769455242966,tcp,https,SF,137,6643,5,3,0.934,0.183,43,79,0.935,0.161,normal
0.0,tcp,http,S0,44,0,311,422,0.98,0.026,255,20,0.135,0.764,dos_syn_flood
1.8462362304462254,tcp,ftp,SF,1522,4800,9,3,0.707,0.145,61,51,0.77,0.042,normal
0.5447932697183309,udp,dns,SF,2423,6773,3,6,0.716,0.147,49,90,0.87,0.003,normal
0.81,tcp,ssh,REJ,370,211,35,72,0.979,0.07,139,74,0.925,0.06,ssh_bruteforce
0.0,tcp,private,RSTOS0,44,0,221,379,0.99,0.042,255,23,0.192,0.87,dos_syn_flood
0.421872296593625,tcp,http,REJ,89,7584,4,7,0.999,0.197,2,15,0.802,0.057,normal
6.46253298641481,tcp,https,SF,180,29316,5,1,0.754,0.116,4,5,0.711,0.075,normal
4.740658022741998,udp,dns,SF,91,1903,6,3,0.881,0.168,57,4,0.735,0.151,normal
0.4019015700168397,tcp,https,SF,862,1048,4,3,0.775,0.113,36,74,0.818,0.096,normal
2.1936865551825977,tcp,http,SF,1961,2897,4,5,0.977,0.008,94,13,0.822,0.128,normal
4.674565521009037,udp,dns,SF,3656,810,5,2,0.809,0.089,99,37,0.784,0.019,normal
0.0,tcp,http,RSTOS0,60,0,180,244,0.973,0.043,255,34,0.123,0.752,dos_syn_flood
0.0,tcp,other,RSTOS0,60,0,373,194,0.977,0.027,255,21,0.082,0.767,dos_syn_flood
0.58,tcp,ssh,REJ,350,205,77,30,0.956,0.031,138,65,0.827,0.091,ssh_bruteforce
4.709669636345949,udp,dns,SF,1137,6706,4,7,0.968,0.239,34,90,0.759,0.022,normal
0.4932060008233318,tcp,ftp,SF,971,171,5,7,0.983,0.239,19,98,0.961,0.097,normal
0.040557313729248194,tcp,https,SF,201,2063,7,5,0.904,0.201,92,41,0.849,0.176,normal
3.6367254866910894,tcp,http,SF,194,11441,7,3,0.802,0.152,78,35,0.863,0.2,normal
5.670084644982367,tcp,http,SF,1141,816,6,6,0.828,0.241,52,31,0.84,0.114,normal
2.3877575643817197,tcp,http,SF,194,1329,5,1,0.861,0.212,50,95,0.856,0.095,normal
2.28,tcp,ftp,SF,265,257,53,29,0.998,0.009,108,44,0.93,0.061,ssh_bruteforce
2.0060153406171444,tcp,http,SF,319,9138,6,4,0.773,0.039,10,73,0.88,0.024,normal
0.045,tcp,eco_i,S0,64,0,195,1,0.048,0.973,255,13,0.072,0.899,port_scan
2.8620975500988517,tcp,http,SF,1374,744,6,3,0.701,0.068,22,34,0.941,0.16,normal
0.0,tcp,http,S0,44,0,193,164,0.954,0.026,255,19,0.093,0.75,dos_syn_flood
2.92,tcp,ftp,SF,339,234,40,72,0.927,0.08,254,30,0.848,0.132,ssh_bruteforce
3.2061464744631047,tcp,https,SF,33,2239,6,4,0.975,0.141,70,61,0.885,0.133,normal
3.7411629498854104,tcp,http,SF,437,465,7,4,0.895,0.256,29,47,0.779,0.097,normal
1.74,tcp,ssh,SF,323,266,58,57,0.907,0.078,158,52,0.925,0.043,ssh_bruteforce
1.2277577890217855,tcp,http,SF,4686,9518,5,3,0.873,0.224,45,75,0.664,0.193,normal
4.17538615975685,tcp,http,SF,593,1348,7,4,0.724,0.25,84,93,0.703,0.005,normal
0.0021464807816823704,tcp,http,SF,1674,203,6,7,0.962,0.222,85,28,0.873,0.086,normal
3.6589209827952858,tcp,http,SF,889,2724,3,6,0.942,0.232,86,17,0.63,0.035,normal
4.295893491840878,tcp,http,SF,2603,3534,4,2,0.897,0.116,74,90,0.736,0.052,normal
0.0,tcp,http,S0,60,0,439,383,0.995,0.002,255,30,0.071,0.672,dos_syn_flood
1.31,tcp,ssh,REJ,297,205,61,35,0.967,0.042,188,28,0.715,0.049,ssh_bruteforce
1.585201422119463,tcp,https,S0,196,33676,3,4,0.809,0.058,81,76,0.713,0.037,normal
0.0,tcp,http,RSTOS0,0,0,203,293,0.955,0.021,255,25,0.06,0.688,dos_syn_flood
1.87,tcp,ssh,SF,345,219,41,70,0.955,0.092,166,50,0.796,0.045,ssh_bruteforce
6.110889706083597,tcp,ftp,SF,699,1449,11,6,0.742,0.063,54,87,0.689,0.085,normal
0.5016751223255466,tcp,https,SF,156,1239,5,8,0.778,0.016,17,17,0.917,0.162,normal
0.0,tcp,http,S0,60,0,380,407,0.962,0.03,255,11,0.188,0.66,dos_syn_flood
4.568021514708555,udp,dns,SF,5961,3251,0,4,0.962,0.053,60,22,0.772,0.018,normal
2.426036442750176,tcp,https,SF,497,3844,9,2,0.821,0.112,37,53,0.744,0.198,normal
0.0,tcp,http,RSTOS0,60,0,238,396,0.979,0.042,255,21,0.143,0.724,dos_syn_flood
4.439375730805085,tcp,https,SF,1067,711,4,2,0.949,0.272,50,37,0.781,0.175,normal
1.5022119562058425,tcp,http,SF,729,2649,2,3,0.744,0.197,55,13,0.691,0.194,normal
0.0,tcp,other,S0,44,0,485,267,0.975,0.046,255,10,0.153,0.836,dos_syn_flood
0.089,icmp,telnet,REJ,20,0,197,2,0.129,0.92,255,4,0.019,0.786,port_scan
0.9356020134679289,tcp,ssh,SF,205,885,6,2,0.926,0.014,11,60,0.648,0.025,normal
2.82,tcp,ssh,REJ,378,200,71,31,0.956,0.044,239,28,0.76,0.085,ssh_bruteforce
0.9783655011299219,tcp,https,SF,2448,637,1,4,0.994,0.074,31,6,0.739,0.086,normal
0.99,tcp,ssh,SF,354,177,35,36,0.95,0.067,247,67,0.779,0.141,ssh_bruteforce
1.67,tcp,ftp,SF,342,205,31,66,0.988,0.023,233,24,0.753,0.025,ssh_bruteforce
0.51,tcp,ssh,SF,378,266,43,60,0.91,0.036,174,35,0.716,0.125,ssh_bruteforce
1.224614318912812,udp,dns,SF,31,9540,3,2,0.74,0.033,77,46,0.87,0.185,normal
0.19200169169481707,tcp,https,SF,917,14049,7,3,0.821,0.148,14,52,0.696,0.076,normal
0.0,tcp,http,S0,0,0,308,158,0.954,0.037,255,26,0.074,0.896,dos_syn_flood
0.7189507306558772,udp,dns,SF,956,96,9,1,0.952,0.053,70,72,0.743,0.163,normal
2.09,tcp,ssh,SF,327,204,88,56,0.987,0.016,196,47,0.752,0.147,ssh_bruteforce
2.0500596522559795,tcp,http,SF,2462,12528,4,11,0.784,0.039,92,53,0.711,0.044,normal
0.175,tcp,private,S0,0,0,131,4,0.136,0.898,255,14,0.056,0.917,port_scan
1.2950647846385404,udp,dns,SF,274,591,4,2,0.89,0.166,30,60,0.721,0.128,normal
0.0,tcp,private,S0,0,0,346,321,0.993,0.023,255,10,0.168,0.895,dos_syn_flood
0.0,tcp,http,S0,60,0,418,407,0.957,0.016,255,48,0.161,0.667,dos_syn_flood
7.966261839952615,tcp,https,SF,178,1664,4,2,0.735,0.203,36,93,0.697,0.015,normal
0.0,tcp,http,S0,44,0,342,275,0.96,0.002,255,11,0.128,0.719,dos_syn_flood
0.171,tcp,private,REJ,40,0,198,3,0.038,0.899,255,10,0.03,0.892,port_scan
0.0387247238382937,tcp,https,SF,235,86,5,8,0.808,0.209,75,60,0.729,0.112,normal
4.735047881040058,tcp,https,SF,1219,1154,8,0,0.888,0.022,15,54,0.849,0.092,normal
0.8640486697957483,udp,dns,SF,841,2908,4,4,0.862,0.029,30,9,0.605,0.094,normal
2.3705907291242307,icmp,other,SF,1628,3696,8,8,0.706,0.092,79,52,0.658,0.025,normal
0.0,tcp,http,RSTOS0,44,0,332,222,0.97,0.043,255,34,0.085,0.741,dos_syn_flood
0.3690095708918263,tcp,https,SF,535,4018,5,8,0.961,0.057,37,86,0.979,0.079,normal
0.0,tcp,private,S0,44,0,496,228,0.989,0.029,255,49,0.115,0.881,dos_syn_flood
0.156,tcp,private,REJ,40,0,111,3,0.013,0.869,255,7,0.033,0.815,port_scan
2.505056547893372,udp,dns,SF,161,6121,5,4,0.973,0.161,65,77,0.735,0.076,normal
3.5664208880384836,tcp,http,SF,2353,121,4,7,0.93,0.263,43,16,0.703,0.157,normal
1.08,tcp,ssh,SF,357,166,81,60,0.972,0.028,176,29,0.743,0.106,ssh_bruteforce
2.11,tcp,ssh,SF,369,274,58,39,0.904,0.094,127,33,0.946,0.027,ssh_bruteforce
0.0,tcp,http,S0,44,0,466,371,0.963,0.032,255,48,0.084,0.718,dos_syn_flood
1.2694830015596026,tcp,https,SF,200,2120,6,7,0.869,0.096,56,48,0.899,0.0,normal
0.0,tcp,http,S0,44,0,177,195,0.995,0.006,255,23,0.158,0.671,dos_syn_flood
0.011,tcp,private,REJ,0,0,99,3,0.02,0.995,255,4,0.078,0.9,port_scan
1.04405825825545,tcp,http,SF,3084,515,7,7,0.782,0.255,77,29,0.884,0.03,normal
0.8944158944641949,tcp,http,SF,478,4660,7,6,0.819,0.104,80,81,0.826,0.08,normal
0.24498187902402713,tcp,http,SF,8602,1028,6,3,0.814,0.054,12,74,0.697,0.147,normal
0.0,tcp,private,S0,0,0,484,261,0.987,0.047,255,47,0.106,0.623,dos_syn_flood
0.2932532881055424,tcp,https,SF,1743,9175,5,5,0.857,0.201,88,64,0.877,0.077,normal
0.184,tcp,other,RSTR,0,0,169,3,0.122,0.879,255,13,0.014,0.936,port_scan
0.0,tcp,http,S0,44,0,483,485,0.984,0.04,255,36,0.184,0.824,dos_syn_flood
0.035,tcp,private,REJ,40,0,113,2,0.023,0.899,255,1,0.053,0.803,port_scan
0.0,tcp,http,S0,0,0,434,461,0.961,0.013,255,15,0.101,0.892,dos_syn_flood
0.2021523773871303,udp,dns,SF,916,69,6,5,0.986,0.25,45,45,0.973,0.183,normal
0.0,tcp,http,S0,60,0,199,383,0.975,0.026,255,46,0.08,0.678,dos_syn_flood
2.52,tcp,ftp,SF,332,215,78,39,0.92,0.045,167,36,0.798,0.135,ssh_bruteforce
0.9124972389951822,tcp,http,SF,1003,4376,7,3,0.804,0.202,86,99,0.794,0.093,normal
0.3704789647944582,udp,dns,SF,1080,460,5,5,0.875,0.09,3,26,0.854,0.172,normal
0.0,tcp,http,S0,44,0,267,195,0.959,0.006,255,24,0.134,0.717,dos_syn_flood
0.17,icmp,private,REJ,20,0,94,3,0.113,0.987,255,6,0.035,0.709,port_scan
3.833322577800767,tcp,https,SF,8928,6132,8,1,0.942,0.071,79,49,0.789,0.063,normal
0.57,tcp,ssh,SF,269,176,44,56,0.932,0.054,138,20,0.944,0.126,ssh_bruteforce
1.26,tcp,ssh,SF,352,191,34,37,0.935,0.041,193,22,0.87,0.054,ssh_bruteforce
0.6535215917128635,tcp,http,SF,159,1092,4,2,0.787,0.041,78,97,0.892,0.18,normal
0.21447372308414006,udp,dns,SF,77,5229,2,6,0.731,0.262,80,40,0.808,0.147,normal
2.116859047296555,udp,dns,SF,452,8358,1,4,0.94,0.076,57,79,0.892,0.184,normal
4.242499599593591,tcp,https,SF,336,751,12,4,0.927,0.193,97,66,0.893,0.051,normal
1.594601282634645,udp,dns,SF,182,1468,5,2,0.964,0.092,5,11,0.935,0.061,normal
1.4239782866026738,tcp,https,SF,198,988,6,9,0.965,0.037,89,20,0.815,0.111,normal
4.213323546450973,udp,dns,SF,857,7161,5,1,0.759,0.236,95,89,0.752,0.053,normal
0.0,tcp,http,S0,60,0,351,424,0.967,0.022,255,18,0.167,0.813,dos_syn_flood
1.5004817650806765,tcp,http,SF,992,1156,6,3,0.99,0.02,57,49,0.63,0.075,normal
1.02181165289115,tcp,http,SF,2424,186,2,4,0.741,0.118,50,6,0.924,0.137,normal
0.231273760487118,tcp,http,SF,66,14019,4,3,0.983,0.25,73,58,0.965,0.028,normal
3.0640727933631773,tcp,https,SF,1827,931,8,3,0.814,0.029,40,58,0.921,0.106,normal
7.9174025518756785,tcp,https,SF,438,347,5,5,0.901,0.116,20,75,0.708,0.011,normal
3.3695542339152813,icmp,other,SF,547,550,4,8,0.928,0.015,39,56,0.967,0.189,normal
1.7823803037787822,udp,dns,SF,854,1697,7,4,0.746,0.16,64,36,0.761,0.071,normal
0.0,tcp,http,S0,60,0,386,176,0.96,0.013,255,44,0.13,0.843,dos_syn_flood
0.078,tcp,eco_i,REJ,64,0,66,2,0.051,0.997,255,8,0.076,0.946,port_scan
1.4580091710806085,tcp,http,SF,675,52327,7,6,0.797,0.031,34,7,0.793,0.189,normal
0.0,tcp,http,S0,0,0,265,411,0.953,0.025,255,41,0.142,0.614,dos_syn_flood
1.069568519402184,tcp,smtp,SF,995,692,3,2,0.819,0.175,78,86,0.726,0.097,normal
0.0,tcp,http,RSTOS0,0,0,156,391,0.957,0.022,255,41,0.091,0.644,dos_syn_flood
3.469403683388967,udp,dns,SF,78,2377,4,4,0.927,0.28,58,82,0.761,0.024,normal
0.257873196670949,tcp,ftp,SF,8303,4423,4,2,0.856,0.074,23,43,0.876,0.146,normal
0.6947935286112118,udp,dns,SF,351,783,6,2,0.812,0.118,36,30,0.984,0.029,normal
3.886772670621652,udp,dns,SF,1719,2183,3,3,0.911,0.088,28,84,0.945,0.007,normal
0.054,tcp,private,REJ,64,0,165,1,0.105,0.916,255,10,0.032,0.804,port_scan
0.3196202345166115,tcp,http,SF,254,5353,6,3,0.762,0.282,84,22,0.88,0.16,normal
0.155,tcp,eco_i,REJ,64,0,91,2,0.133,0.907,255,10,0.042,0.901,port_scan
0.081,icmp,private,REJ,64,0,92,3,0.131,0.961,255,5,0.067,0.857,port_scan
0.0,tcp,http,S0,44,0,467,348,0.993,0.038,255,19,0.125,0.617,dos_syn_flood
6.074898248694035,tcp,http,SF,809,1038,4,2,0.739,0.172,97,24,0.612,0.143,normal
0.0,tcp,http,S0,44,0,288,270,0.954,0.017,255,26,0.115,0.786,dos_syn_flood
0.7437585616751936,tcp,https,SF,1127,1001,6,4,0.848,0.148,33,54,0.691,0.185,normal
12.404646407183053,tcp,https,SF,3175,8028,2,5,0.976,0.005,34,56,0.954,0.096,normal
6.810846241676288,tcp,https,SF,793,7943,3,9,0.974,0.107,19,13,0.724,0.032,normal
0.0,tcp,http,S0,60,0,456,282,0.954,0.018,255,45,0.06,0.706,dos_syn_flood
0.07633417894671031,tcp,https,SF,718,2411,6,7,0.997,0.139,90,61,0.854,0.021,normal
2.56,tcp,ssh,REJ,333,215,48,48,0.928,0.091,195,27,0.874,0.057,ssh_bruteforce
0.192,tcp,private,REJ,20,0,56,3,0.01,0.884,255,12,0.011,0.828,port_scan
11.862828818804111,tcp,smtp,SF,429,178,2,1,0.976,0.117,2,65,0.676,0.013,normal
2.1131415167842413,tcp,http,SF,513,2703,7,2,0.787,0.062,56,17,0.605,0.122,normal
2.7,tcp,ssh,REJ,388,237,67,44,0.925,0.012,185,40,0.938,0.047,ssh_bruteforce
0.2160307299328713,tcp,ssh,SF,4545,5870,2,6,0.717,0.235,41,12,0.682,0.013,normal
0.0,tcp,http,S0,0,0,359,273,0.957,0.013,255,43,0.105,0.75,dos_syn_flood
1.6331640702322754,udp,dns,SF,1026,580,3,4,0.966,0.162,61,40,0.731,0.112,normal
0.0,tcp,http,S0,44,0,397,478,0.965,0.001,255,11,0.179,0.749,dos_syn_flood
0.0,tcp,http,S0,60,0,162,224,0.993,0.022,255,19,0.065,0.879,dos_syn_flood
0.9690817886124994,tcp,ssh,SF,113,2629,6,4,0.733,0.283,27,12,0.916,0.066,normal
1.65,tcp,ssh,SF,306,193,54,42,0.979,0.012,171,66,0.876,0.127,ssh_bruteforce
0.02907868190075298,tcp,http,SF,3147,661,3,4,0.731,0.053,94,60,0.679,0.143,normal
0.0,tcp,http,S0,0,0,490,427,0.99,0.013,255,41,0.06,0.7,dos_syn_flood
0.0,tcp,http,S0,60,0,424,428,0.961,0.042,255,13,0.072,0.664,dos_syn_flood
1.26,tcp,ssh,SF,353,198,60,32,0.937,0.001,142,34,0.872,0.054,ssh_bruteforce
0.0,tcp,http,S0,60,0,506,152,0.955,0.023,255,40,0.097,0.866,dos_syn_flood
0.0,tcp,http,S0,60,0,231,208,0.989,0.003,255,29,0.11,0.622,dos_syn_flood
0.20186491553429275,tcp,http,SF,2079,799,6,6,0.915,0.083,38,84,0.95,0.058,normal
1.6333750576755435,tcp,http,SF,115,42431,6,5,0.822,0.219,69,6,0.847,0.156,normal
1.0,tcp,ssh,REJ,337,241,80,69,0.913,0.064,243,73,0.944,0.111,ssh_bruteforce
0.0,tcp,http,S0,0,0,170,309,0.959,0.036,255,10,0.145,0.612,dos_syn_flood
0.011,tcp,private,S0,20,0,128,3,0.076,0.884,255,10,0.042,0.796,port_scan
0.63,tcp,ssh,REJ,320,206,69,61,0.956,0.02,140,49,0.911,0.138,ssh_bruteforce
5.738497252492861,tcp,http,SF,2064,8265,5,6,0.751,0.259,65,85,0.651,0.161,normal
2.1517196341688227,tcp,ssh,SF,2799,398,6,3,0.829,0.04,24,64,0.954,0.174,normal
4.862221140553308,udp,dns,SF,1026,3169,4,1,0.821,0.217,8,62,0.86,0.178,normal
0.041,tcp,other,REJ,20,0,103,3,0.1,0.955,255,12,0.063,0.916,port_scan
3.9150552943297323,tcp,https,SF,625,948,6,2,0.923,0.178,8,5,0.873,0.023,normal
1.2825689091786212,tcp,https,SF,4898,1896,6,5,0.729,0.199,14,38,0.824,0.119,normal
0.0,tcp,other,S0,44,0,327,476,0.994,0.035,255,16,0.162,0.842,dos_syn_flood
0.07690420828798399,tcp,ftp,SF,2210,4852,6,3,0.834,0.07,3,2,0.855,0.166,normal
0.1339807462619565,tcp,http,SF,493,124,6,3,0.934,0.215,89,91,0.747,0.017,normal
2.9112938301903495,udp,dns,SF,634,3398,3,9,0.929,0.101,75,94,0.934,0.127,normal
1.67,tcp,ssh,REJ,395,248,51,40,0.932,0.056,180,39,0.912,0.068,ssh_bruteforce
1.28,tcp,ssh,REJ,318,235,43,77,0.921,0.087,246,46,0.92,0.102,ssh_bruteforce
0.0,tcp,http,S0,0,0,399,254,0.998,0.047,255,26,0.121,0.712,dos_syn_flood
5.32372061443517,tcp,https,SF,75,1123,7,5,0.841,0.079,66,81,0.649,0.073,normal
0.0,tcp,http,S0,0,0,157,380,0.964,0.004,255,19,0.178,0.693,dos_syn_flood
1.9404712271148947,tcp,https,SF,128,136,6,4,0.725,0.275,57,46,0.889,0.012,normal
0.8487908079937967,tcp,http,SF,46,6721,5,4,0.893,0.243,68,44,0.826,0.074,normal
10.19004116785469,udp,dns,SF,663,947,5,7,0.817,0.124,90,32,0.766,0.157,normal
0.0,tcp,http,S0,0,0,369,280,0.953,0.031,255,46,0.126,0.696,dos_syn_flood
0.0,tcp,http,S0,44,0,417,328,0.968,0.027,255,11,0.169,0.602,dos_syn_flood
0.1977659684148547,tcp,http,SF,146,2503,4,5,0.796,0.023,32,89,0.98,0.187,normal
2.4208489994078586,icmp,other,SF,710,10298,1,7,0.843,0.262,46,84,0.823,0.165,normal
2.66,tcp,ssh,SF,383,238,50,70,0.92,0.02,253,47,0.718,0.109,ssh_bruteforce
0.0,tcp,http,S0,60,0,453,506,0.962,0.036,255,42,0.133,0.689,dos_syn_flood
2.3442463630121284,tcp,https,SF,723,696,2,4,0.881,0.206,62,14,0.91,0.07,normal
2.1387838224340356,tcp,http,SF,745,9614,4,5,0.984,0.109,32,53,0.833,0.131,normal
0.009,tcp,eco_i,RSTR,64,0,128,1,0.111,0.881,255,4,0.028,0.919,port_scan
0.18519624208890395,udp,dns,SF,983,7095,9,5,0.758,0.161,45,79,0.62,0.178,normal
1.916934787967783,icmp,other,SF,3851,5066,4,3,0.836,0.084,74,28,0.621,0.13,normal
3.649753330018444,tcp,https,SF,912,1800,2,3,0.822,0.125,6,27,0.84,0.127,normal
0.14297423943446766,tcp,http,SF,2432,5814,10,3,0.778,0.275,47,75,0.657,0.074,normal
2.42140370772493,udp,dns,SF,104,223,3,1,0.99,0.128,92,70,0.747,0.029,normal
0.065,tcp,eco_i,S0,64,0,132,4,0.08,0.98,255,2,0.033,0.804,port_scan
3.7270238725559546,tcp,http,SF,393,1671,6,4,0.815,0.187,65,3,0.757,0.113,normal
0.167,tcp,private,REJ,40,0,60,2,0.056,0.951,255,11,0.025,0.743,port_scan
0.16234858937137092,tcp,ssh,SF,161,3628,9,2,0.973,0.299,12,20,0.615,0.055,normal
4.675410893005097,tcp,http,SF,1065,4186,3,3,0.978,0.129,77,99,0.997,0.105,normal
0.0,tcp,http,RSTOS0,60,0,488,350,0.995,0.013,255,41,0.09,0.74,dos_syn_flood
1.1571403382733965,tcp,https,SF,192,558,5,4,0.966,0.074,88,9,0.68,0.112,normal
3.4284735041837373,udp,dns,SF,145,442,9,7,0.886,0.275,64,71,0.73,0.096,normal
2.141953624964617,tcp,ftp,SF,213,2095,2,5,0.821,0.094,93,94,0.824,0.006,normal
0.8595248190113719,icmp,other,SF,427,7007,12,6,0.842,0.156,56,74,0.891,0.177,normal
2.585086328275384,udp,dns,SF,3529,187,6,3,0.965,0.227,23,2,0.727,0.006,normal
0.0,tcp,private,S0,44,0,384,179,0.973,0.05,255,24,0.074,0.748,dos_syn_flood
0.8313023262409325,tcp,ssh,SF,793,2178,4,5,0.845,0.232,25,70,0.985,0.041,normal
0.162,tcp,private,REJ,64,0,59,1,0.148,0.972,255,6,0.078,0.961,port_scan
0.0,tcp,http,S0,44,0,162,259,0.996,0.013,255,48,0.154,0.87,dos_syn_flood
0.63,tcp,ssh,SF,297,224,54,28,0.963,0.045,118,60,0.856,0.122,ssh_bruteforce
0.49986660844639874,tcp,https,SF,343,40803,7,4,0.806,0.091,87,43,0.88,0.118,normal
0.0,tcp,http,S0,60,0,249,430,0.991,0.034,255,42,0.094,0.756,dos_syn_flood
0.45518510772127047,tcp,https,SF,155,1166,7,3,0.735,0.09,50,90,0.791,0.084,normal
0.0,tcp,http,S0,60,0,198,329,0.96,0.033,255,27,0.086,0.603,dos_syn_flood
0.073,tcp,eco_i,REJ,0,0,138,3,0.029,0.946,255,12,0.029,0.719,port_scan
0.036,tcp,private,REJ,64,0,58,4,0.149,0.86,255,12,0.072,0.821,port_scan
1.7306147784005947,tcp,https,S0,556,419,6,3,0.752,0.196,82,46,0.625,0.044,normal
3.3051126116137604,tcp,ftp,SF,699,3418,3,2,0.971,0.155,59,30,0.701,0.036,normal
5.218082387442713,tcp,http,SF,4258,18,2,3,0.854,0.072,27,85,0.943,0.118,normal
3.503882446435847,tcp,http,SF,904,2965,5,2,0.864,0.106,56,56,0.992,0.18,normal
1.2923959005531096,udp,dns,SF,378,1033,4,6,0.876,0.11,77,47,0.788,0.101,normal
2.7914477097613406,tcp,ftp,SF,2410,1413,9,6,0.732,0.197,64,70,0.727,0.173,normal
0.0,tcp,http,S0,60,0,408,306,0.956,0.002,255,20,0.148,0.742,dos_syn_flood
1.1192105774555712,tcp,http,SF,2387,685,5,5,0.755,0.032,20,47,0.967,0.074,normal
0.4437943453588723,tcp,smtp,SF,2739,1104,8,3,0.748,0.277,52,36,0.783,0.114,normal
0.4376791912917549,tcp,http,SF,143,318,6,6,0.873,0.107,93,24,0.923,0.073,normal
2.34,tcp,ftp,SF,293,241,84,66,0.985,0.055,162,79,0.894,0.026,ssh_bruteforce
0.0,tcp,http,RSTOS0,60,0,248,382,0.99,0.022,255,26,0.081,0.853,dos_syn_flood
2.81,tcp,ssh,SF,318,257,79,71,0.961,0.025,155,59,0.889,0.147,ssh_bruteforce
1.4001995714219846,tcp,ftp,SF,2173,4114,5,2,0.878,0.262,39,74,0.797,0.143,normal
4.0036266019991595,tcp,http,SF,785,18024,4,4,0.973,0.152,89,93,0.677,0.027,normal
3.0770570424839856,tcp,https,SF,95,3200,4,6,0.844,0.11,57,14,0.961,0.111,normal
0.1662155604448488,udp,dns,SF,274,1865,4,3,0.915,0.159,43,22,0.688,0.148,normal
1.4385939352794574,tcp,http,SF,924,4408,2,4,0.716,0.12,37,12,0.793,0.074,normal
0.0,tcp,private,S0,60,0,452,504,0.974,0.016,255,41,0.163,0.653,dos_syn_flood
0.106,tcp,other,RSTR,0,0,59,1,0.039,0.974,255,10,0.058,0.774,port_scan
0.0,tcp,other,S0,44,0,408,262,0.977,0.014,255,10,0.148,0.877,dos_syn_flood
1.82,tcp,ftp,SF,382,231,65,43,0.941,0.004,231,24,0.855,0.051,ssh_bruteforce
2.016758762842824,udp,dns,SF,1451,1224,6,4,0.787,0.134,69,63,0.99,0.196,normal
1.0547819838647383,tcp,http,SF,110,4663,3,2,0.714,0.227,77,25,0.938,0.061,normal
0.191,tcp,telnet,REJ,40,0,130,4,0.076,0.929,255,6,0.013,0.737,port_scan
6.547482297601343,tcp,ssh,SF,721,3524,4,5,0.765,0.262,22,4,0.6,0.174,normal
0.51,tcp,ssh,REJ,300,242,65,69,0.919,0.038,221,33,0.889,0.047,ssh_bruteforce
0.33853188090775777,udp,dns,SF,1174,3867,4,3,0.911,0.203,42,10,0.829,0.152,normal
0.0,tcp,http,S0,0,0,465,190,0.972,0.044,255,35,0.054,0.737,dos_syn_flood
2.707211650273294,tcp,http,SF,138,122,6,7,0.888,0.018,34,13,0.682,0.085,normal
0.0,tcp,http,S0,44,0,268,414,0.991,0.016,255,49,0.13,0.834,dos_syn_flood
0.27488529873564405,udp,dns,SF,125,1441,3,3,0.841,0.021,47,20,0.612,0.058,normal
0.0,tcp,http,S0,60,0,223,480,0.964,0.012,255,10,0.101,0.89,dos_syn_flood
0.0,tcp,http,S0,60,0,453,455,0.977,0.015,255,41,0.104,0.746,dos_syn_flood
0.28006619103317937,udp,dns,SF,82,2985,1,4,0.859,0.059,88,56,0.653,0.03,normal
7.577761249152503,tcp,http,SF,3621,4373,6,3,0.767,0.078,81,45,0.797,0.134,normal
0.0,tcp,private,S0,44,0,429,354,0.981,0.015,255,45,0.1,0.626,dos_syn_flood
3.0687899675312993,tcp,ftp,SF,366,3234,4,5,0.846,0.123,45,2,0.605,0.12,normal
0.069,tcp,other,REJ,0,0,101,3,0.075,0.883,255,6,0.053,0.816,port_scan
3.753173574601597,tcp,https,SF,34932,40988,6,1,0.851,0.241,6,1,0.708,0.157,normal
2.426598426302889,tcp,https,SF,396,909,10,3,0.836,0.048,92,11,0.828,0.157,normal
0.7468831679702173,tcp,https,SF,535,3155,3,5,0.973,0.113,30,87,0.813,0.156,normal
0.7838894124454192,tcp,https,SF,1296,1811,1,6,0.949,0.113,32,52,0.965,0.018,normal
1.530024931582745,tcp,ssh,REJ,852,429,6,5,0.827,0.268,51,91,0.99,0.15,normal
12.175751461381516,tcp,https,SF,1294,51748,4,3,0.978,0.01,47,79,0.677,0.184,normal
4.3158481812300185,tcp,ftp,SF,536,1513,5,3,0.982,0.259,55,55,0.993,0.011,normal
0.3577333101605611,tcp,http,SF,966,3034,2,1,0.801,0.154,27,83,0.735,0.141,normal
3.2505102399187393,icmp,other,SF,247,1244,5,8,0.816,0.034,48,48,0.899,0.151,normal
0.1468382986748657,tcp,smtp,SF,1185,201,1,4,0.723,0.162,39,26,0.783,0.17,normal
1.1007896235071195,tcp,http,SF,113,382,7,7,0.748,0.22,44,17,0.723,0.121,normal
2.466169438506289,udp,dns,SF,6272,6133,8,2,0.827,0.014,6,73,0.703,0.043,normal
2.867383085913731,tcp,https,SF,189,4591,10,9,0.961,0.178,96,10,0.834,0.042,normal
6.533424820975179,tcp,https,SF,290,1531,3,6,0.884,0.188,45,90,0.931,0.126,normal
0.0,tcp,http,S0,44,0,350,186,0.955,0.037,255,28,0.119,0.638,dos_syn_flood
0.0,tcp,http,S0,44,0,384,434,0.984,0.002,255,14,0.122,0.713,dos_syn_flood
0.0,tcp,http,S0,44,0,387,339,0.971,0.041,255,32,0.164,0.779,dos_syn_flood
0.4759575250851784,tcp,http,SF,99,199,4,5,0.795,0.103,68,48,0.931,0.068,normal
3.3625982346198025,tcp,http,SF,324,466,6,4,0.908,0.233,94,84,0.834,0.156,normal
2.173628660166685,tcp,https,SF,3280,30,7,3,0.762,0.274,13,45,0.824,0.178,normal
1.21,tcp,ftp,SF,362,164,89,77,0.957,0.092,104,21,0.8,0.025,ssh_bruteforce
0.0,tcp,http,S0,0,0,230,176,0.982,0.0,255,35,0.077,0.681,dos_syn_flood
2.8093494237508527,tcp,http,SF,1675,303,6,4,0.742,0.142,5,51,0.734,0.075,normal
2.202234670234708,tcp,http,SF,103,2662,5,7,0.84,0.057,26,12,0.743,0.182,normal
4.848376357227722,tcp,http,SF,748,5009,5,6,0.735,0.156,89,94,0.823,0.004,normal
3.0271936167312004,tcp,http,SF,5396,183,4,0,0.794,0.044,47,76,0.887,0.074,normal
9.116051145763098,tcp,https,SF,911,1268,13,4,0.876,0.22,18,67,0.693,0.008,normal
1.2754589671664598,udp,dns,SF,1520,1079,3,2,0.886,0.136,66,61,0.714,0.181,normal
3.4729597327692794,udp,dns,SF,228,1495,4,3,0.996,0.122,17,19,0.913,0.063,normal
8.346530831280287,tcp,http,SF,433,3072,5,4,0.942,0.106,27,97,0.859,0.14,normal
0.05056680605476703,tcp,http,SF,71,5896,1,6,0.775,0.103,38,98,0.742,0.181,normal
4.933538224022136,tcp,http,S0,229,284,5,7,0.95,0.224,23,52,0.707,0.127,normal
1.33,tcp,ftp,SF,347,209,85,35,0.92,0.064,216,53,0.735,0.066,ssh_bruteforce
0.05,icmp,telnet,REJ,64,0,133,4,0.103,0.91,255,13,0.039,0.805,port_scan
0.0,tcp,other,S0,60,0,362,370,0.972,0.027,255,18,0.059,0.843,dos_syn_flood
0.18,tcp,private,REJ,40,0,105,4,0.071,0.97,255,5,0.059,0.835,port_scan
0.6466046525496714,tcp,ssh,SF,1431,2505,5,6,0.815,0.023,22,53,0.874,0.076,normal
1.4823213571042775,tcp,https,SF,3199,719,4,5,0.977,0.099,25,31,0.611,0.193,normal
1.9899043607994151,tcp,http,SF,178,180189,5,4,0.925,0.084,27,36,0.714,0.078,normal
2.5681505983040798,icmp,other,SF,69,1033,4,3,0.837,0.045,93,16,0.641,0.107,normal
0.622110606527664,tcp,smtp,SF,771,2537,1,6,0.976,0.244,21,65,0.919,0.191,normal
0.7834217404965421,tcp,https,SF,81,2207,6,5,0.754,0.029,70,1,0.649,0.025,normal
0.8548532379331818,tcp,http,SF,487,447,6,3,0.74,0.165,29,48,0.785,0.0,normal
0.0,tcp,http,S0,0,0,427,316,0.998,0.018,255,43,0.082,0.69,dos_syn_flood
0.0,tcp,http,S0,0,0,491,158,0.967,0.041,255,44,0.08,0.749,dos_syn_flood
0.114,tcp,private,RSTR,0,0,174,1,0.123,0.888,255,13,0.052,0.75,port_scan
0.12724560934827173,tcp,http,SF,1085,7150,2,4,0.849,0.243,21,72,0.98,0.17,normal
0.0,tcp,http,S0,0,0,418,400,0.973,0.005,255,14,0.085,0.844,dos_syn_flood
0.0,tcp,http,S0,0,0,391,476,0.963,0.029,255,39,0.141,0.883,dos_syn_flood
10.57977861701535,icmp,other,SF,1350,1550,3,4,0.748,0.062,74,29,0.901,0.192,normal
